driverId,season,round,raceId,race_skill,season_skill,n_races,constructorId,driverRef,constructorRef,rank,rank_lo,rank_hi
29,2000,1,0,1.1290066242218018,1.1290066242218018,1,5,michael_schumacher,ferrari,1,1,1
21,2000,1,0,1.111690640449524,1.111690640449524,1,5,barrichello,ferrari,2,2,2
22,2000,1,0,1.0182487964630127,1.0182487964630127,1,2,ralf_schumacher,williams,3,3,3
34,2000,1,0,0.9693700075149536,0.9693700075149536,1,15,villeneuve,bar,4,4,4
1,2000,1,0,0.8425875902175903,0.8425875902175903,1,19,heidfeld,prost,5,5,5
24,2000,1,0,0.816986620426178,0.816986620426178,1,21,wurz,benetton,6,6,6
20,2000,1,0,-0.46675005555152893,-0.46675005555152893,1,21,fisichella,benetton,7,7,7
47,2000,1,0,-0.9844681024551392,-0.9844681024551392,1,17,gene,minardi,8,8,8
40,2000,1,0,-1.3824856281280518,-1.3824856281280518,1,15,zonta,bar,9,9,9
48,2000,2,1,1.3176716566085815,1.3176716566085815,1,16,frentzen,jordan,1,1,1
29,2000,2,1,1.3098520040512085,1.2194293141365051,2,5,michael_schumacher,ferrari,2,2,3
14,2000,2,1,1.1053436994552612,1.1053436994552612,1,16,trulli,jordan,3,3,4
22,2000,2,1,1.1880183219909668,1.1031335592269897,2,2,ralf_schumacher,williams,4,2,5
17,2000,2,1,1.0827670097351074,1.0827670097351074,1,2,button,williams,5,4,5
20,2000,2,1,-0.4454803764820099,-0.4561152160167694,2,21,fisichella,benetton,6,6,6
36,2000,2,1,-0.8285531997680664,-0.8285531997680664,1,20,rosa,arrows,7,7,7
49,2000,2,1,-0.9392924904823303,-0.9392924904823303,1,20,verstappen,arrows,8,8,8
59,2000,2,1,-0.9815990924835205,-0.9815990924835205,1,17,mazzacane,minardi,9,9,9
40,2000,2,1,-1.452789306640625,-1.4176374673843384,2,15,zonta,bar,10,10,10
56,2000,3,2,1.2544617652893066,1.2544617652893066,1,0,hakkinen,mclaren,1,1,2
29,2000,3,2,1.2398191690444946,1.2262259324391682,3,5,michael_schumacher,ferrari,2,1,3
21,2000,3,2,1.2150026559829712,1.1633466482162476,2,5,barrichello,ferrari,3,2,5
14,2000,3,2,1.1265169382095337,1.1159303188323975,2,16,trulli,jordan,4,3,5
55,2000,3,2,1.1119370460510254,1.1119370460510254,1,18,irvine,jaguar,5,3,5
13,2000,3,2,1.0500117540359497,1.0500117540359497,1,0,coulthard,mclaren,6,6,7
34,2000,3,2,1.0584497451782227,1.0139098763465881,2,15,villeneuve,bar,7,6,7
63,2000,3,2,0.920083224773407,0.920083224773407,1,14,diniz,sauber,8,8,8
24,2000,3,2,0.8908281922340393,0.8539074063301086,2,21,wurz,benetton,9,9,9
64,2000,3,2,-0.18439525365829468,-0.18439525365829468,1,18,herbert,jaguar,10,10,10
20,2000,3,2,-0.5179067850112915,-0.4767124056816101,3,21,fisichella,benetton,11,11,11
49,2000,3,2,-1.122583031654358,-1.0309377610683441,2,20,verstappen,arrows,12,12,14
62,2000,3,2,-1.038551926612854,-1.038551926612854,1,14,salo,sauber,13,12,14
59,2000,3,2,-1.1691203117370605,-1.0753597021102905,2,17,mazzacane,minardi,14,12,14
40,2000,3,2,-1.5265893936157227,-1.453954776128133,3,15,zonta,bar,15,15,15
48,2000,4,3,1.2884646654129028,1.3030681610107422,2,16,frentzen,jordan,1,1,1
56,2000,4,3,1.2795751094818115,1.267018437385559,2,0,hakkinen,mclaren,2,2,3
29,2000,4,3,1.169785499572754,1.2121158242225647,4,5,michael_schumacher,ferrari,3,2,3
55,2000,4,3,1.1227978467941284,1.117367446422577,2,18,irvine,jaguar,4,4,5
14,2000,4,3,1.0529474020004272,1.0949360132217407,3,16,trulli,jordan,5,4,7
22,2000,4,3,1.0462064743041992,1.0841578642527263,3,2,ralf_schumacher,williams,6,4,9
17,2000,4,3,1.0300695896148682,1.0564182996749878,2,2,button,williams,7,6,8
13,2000,4,3,1.0546801090240479,1.0523459315299988,2,0,coulthard,mclaren,8,6,8
34,2000,4,3,0.9889553785324097,1.0055917104085286,3,15,villeneuve,bar,9,8,9
63,2000,4,3,0.9117587804794312,0.9159210026264191,2,14,diniz,sauber,10,10,10
24,2000,4,3,0.8211051225662231,0.8429733117421468,3,21,wurz,benetton,11,11,11
54,2000,4,3,0.09497867524623871,0.09497867524623871,1,19,alesi,prost,12,12,12
64,2000,4,3,-0.303167462348938,-0.24378135800361633,2,18,herbert,jaguar,13,13,13
20,2000,4,3,-0.5900110602378845,-0.5050370693206787,4,21,fisichella,benetton,14,14,14
47,2000,4,3,-1.162385106086731,-1.073426604270935,2,17,gene,minardi,15,15,17
59,2000,4,3,-1.245820164680481,-1.132179856300354,3,17,mazzacane,minardi,16,15,17
62,2000,4,3,-1.2427397966384888,-1.1406458616256714,2,14,salo,sauber,17,15,17
48,2000,5,4,1.3160154819488525,1.307383934656779,3,16,frentzen,jordan,1,1,2
56,2000,5,4,1.3102147579193115,1.2814172108968098,3,0,hakkinen,mclaren,2,1,2
29,2000,5,4,1.2003402709960938,1.2097607135772706,5,5,michael_schumacher,ferrari,3,3,4
21,2000,5,4,1.1781330108642578,1.1682754357655842,3,5,barrichello,ferrari,4,3,5
55,2000,5,4,1.1532237529754639,1.1293195486068726,3,18,irvine,jaguar,5,4,6
14,2000,5,4,1.0804439783096313,1.0913130044937134,4,16,trulli,jordan,6,6,8
22,2000,5,4,1.0768307447433472,1.0823260843753815,4,2,ralf_schumacher,williams,7,4,9
13,2000,5,4,1.0850130319595337,1.0632349650065105,3,0,coulthard,mclaren,8,6,9
17,2000,5,4,1.0572679042816162,1.0567015012105305,3,2,button,williams,9,7,9
1,2000,5,4,0.8797875046730042,0.8611875474452972,2,19,heidfeld,prost,10,10,11
24,2000,5,4,0.8519287705421448,0.8452121764421463,4,21,wurz,benetton,11,10,11
64,2000,5,4,-0.2746860980987549,-0.25408293803532916,3,18,herbert,jaguar,12,12,12
20,2000,5,4,-0.5612473487854004,-0.5162791252136231,5,21,fisichella,benetton,13,13,13
47,2000,5,4,-1.1340084075927734,-1.0936205387115479,3,17,gene,minardi,14,14,16
59,2000,5,4,-1.2210314273834229,-1.1543927490711212,4,17,mazzacane,minardi,15,14,16
62,2000,5,4,-1.2155396938323975,-1.1656104723612468,3,14,salo,sauber,16,14,16
40,2000,5,4,-1.5674704313278198,-1.4823336899280548,4,15,zonta,bar,17,17,17
56,2000,6,5,1.3039616346359253,1.2870533168315887,4,0,hakkinen,mclaren,1,1,1
29,2000,6,5,1.1940135955810547,1.2071361939112346,6,5,michael_schumacher,ferrari,2,2,3
21,2000,6,5,1.1722071170806885,1.1692583560943604,4,5,barrichello,ferrari,3,2,3
13,2000,6,5,1.0784947872161865,1.0670499205589294,4,0,coulthard,mclaren,4,4,5
17,2000,6,5,1.0480382442474365,1.054535686969757,4,2,button,williams,5,4,5
63,2000,6,5,0.935717761516571,0.9225199222564697,3,14,diniz,sauber,6,6,6
24,2000,6,5,0.8458347320556641,0.8453366875648498,5,21,wurz,benetton,7,7,7
54,2000,6,5,0.08766643702983856,0.09132255613803864,2,19,alesi,prost,8,8,8
64,2000,6,5,-0.2828060984611511,-0.26126372814178467,4,18,herbert,jaguar,9,9,9
20,2000,6,5,-0.5691230893135071,-0.5250864525636038,6,21,fisichella,benetton,10,10,10
36,2000,6,5,-1.0461505651474,-0.9373518824577332,2,20,rosa,arrows,11,11,11
59,2000,6,5,-1.2323458194732666,-1.1699833631515504,5,17,mazzacane,minardi,12,12,12
48,2000,7,6,1.2392523288726807,1.2903510332107544,4,16,frentzen,jordan,1,1,2
56,2000,7,6,1.2357813119888306,1.276798915863037,5,0,hakkinen,mclaren,2,1,2
21,2000,7,6,1.1043097972869873,1.1562686443328858,5,5,barrichello,ferrari,3,3,4
55,2000,7,6,1.0789475440979004,1.1167265474796295,4,18,irvine,jaguar,4,3,4
13,2000,7,6,1.010084867477417,1.055656909942627,5,0,coulthard,mclaren,5,5,5
34,2000,7,6,0.9459593296051025,0.9906836152076721,4,15,villeneuve,bar,6,6,6
1,2000,7,6,0.8059344291687012,0.8427698413530985,3,19,heidfeld,prost,7,7,7
64,2000,7,6,-0.3526012897491455,-0.27953124046325684,5,18,herbert,jaguar,8,8,8
20,2000,7,6,-0.6387069225311279,-0.5413179482732501,7,21,fisichella,benetton,9,9,9
62,2000,7,6,-1.292606234550476,-1.197359412908554,4,14,salo,sauber,10,10,10
56,2000,8,7,1.298040747642517,1.2803392211596172,6,0,hakkinen,mclaren,1,1,1
29,2000,8,7,1.1913776397705078,1.2048849718911308,7,5,michael_schumacher,ferrari,2,2,2
21,2000,8,7,1.166813611984253,1.158026138941447,6,5,barrichello,ferrari,3,2,3
55,2000,8,7,1.141000747680664,1.1215813875198364,5,18,irvine,jaguar,4,4,5
14,2000,8,7,1.0692415237426758,1.0868987083435058,5,16,trulli,jordan,5,4,7
22,2000,8,7,1.0683338642120361,1.0795276403427123,5,2,ralf_schumacher,williams,6,4,8
13,2000,8,7,1.072145700454712,1.0584050416946411,6,0,coulthard,mclaren,7,6,8
17,2000,8,7,1.0428909063339233,1.0522067308425904,5,2,button,williams,8,6,8
34,2000,8,7,1.0084924697875977,0.9942453861236572,5,15,villeneuve,bar,9,9,9
63,2000,8,7,0.9327014684677124,0.9250653088092804,4,14,diniz,sauber,10,10,10
24,2000,8,7,0.8433998823165894,0.8450138866901398,6,21,wurz,benetton,11,11,11
20,2000,8,7,-0.5776617527008057,-0.5458609238266945,8,21,fisichella,benetton,12,12,12
49,2000,8,7,-1.1752175092697144,-1.0790310104688008,3,20,verstappen,arrows,13,13,15
47,2000,8,7,-1.1444494724273682,-1.106327772140503,4,17,gene,minardi,14,13,15
59,2000,8,7,-1.2392960786819458,-1.1815354824066162,6,17,mazzacane,minardi,15,14,15
40,2000,8,7,-1.579096794128418,-1.5016863107681275,5,15,zonta,bar,16,16,16
48,2000,9,8,1.2246540784835815,1.27721164226532,5,16,frentzen,jordan,1,1,2
56,2000,9,8,1.2235963344573975,1.2722330944878715,7,0,hakkinen,mclaren,2,1,2
21,2000,9,8,1.0925811529159546,1.1486768552235194,7,5,barrichello,ferrari,3,3,4
55,2000,9,8,1.0663779973983765,1.112380822499593,6,18,irvine,jaguar,4,3,5
14,2000,9,8,0.9919472336769104,1.0710734625657399,6,16,trulli,jordan,5,5,8
22,2000,9,8,0.9933797121047974,1.0651696523030598,6,2,ralf_schumacher,williams,6,4,8
13,2000,9,8,0.9975297451019287,1.049708570752825,7,0,coulthard,mclaren,7,5,8
17,2000,9,8,0.9657674431800842,1.0378001828988392,6,2,button,williams,8,6,9
34,2000,9,8,0.9342852830886841,0.9842520356178284,6,15,villeneuve,bar,9,8,9
63,2000,9,8,0.8574212193489075,0.9115364909172058,5,14,diniz,sauber,10,10,10
1,2000,9,8,0.7938535809516907,0.8305407762527466,4,19,heidfeld,prost,11,11,11
54,2000,9,8,0.011613234877586365,0.06475278238455455,3,19,alesi,prost,12,12,12
20,2000,9,8,-0.6531563401222229,-0.5577826367484199,9,21,fisichella,benetton,13,13,13
47,2000,9,8,-1.2210853099822998,-1.1292792797088622,5,17,gene,minardi,14,14,15
62,2000,9,8,-1.307466745376587,-1.2193808794021606,5,14,salo,sauber,15,14,15
56,2000,10,9,1.360093593597412,1.283215656876564,8,0,hakkinen,mclaren,1,1,1
21,2000,10,9,1.2292615175247192,1.1587499380111694,8,5,barrichello,ferrari,2,2,2
13,2000,10,9,1.133878469467163,1.0602298080921173,8,0,coulthard,mclaren,3,3,4
17,2000,10,9,1.099947214126587,1.046678330217089,7,2,button,williams,4,3,4
34,2000,10,9,1.0709874629974365,0.9966428109577724,7,15,villeneuve,bar,5,5,5
63,2000,10,9,0.9931954145431519,0.9251463115215302,6,14,diniz,sauber,6,6,6
24,2000,10,9,0.9084241390228271,0.854072494166238,7,21,wurz,benetton,7,7,7
64,2000,10,9,-0.2264375239610672,-0.2706822877128919,6,18,herbert,jaguar,8,8,8
53,2000,10,9,-1.109657645225525,-1.109657645225525,1,18,burti,jaguar,9,9,10
47,2000,10,9,-1.0864838361740112,-1.1221467057863872,6,17,gene,minardi,10,9,11
59,2000,10,9,-1.178177833557129,-1.1810558182852608,7,17,mazzacane,minardi,11,9,12
62,2000,10,9,-1.1732280254364014,-1.2116887370745342,6,14,salo,sauber,12,11,12
56,2000,11,10,1.2541992664337158,1.2799916134940252,9,0,hakkinen,mclaren,1,1,1
21,2000,11,10,1.123525619506836,1.1548361248440213,9,5,barrichello,ferrari,2,2,2
55,2000,11,10,1.0933938026428223,1.109668391091483,7,18,irvine,jaguar,3,3,4
14,2000,11,10,1.0166518688201904,1.0632989491735185,7,16,trulli,jordan,4,4,7
22,2000,11,10,1.0201088190078735,1.0587323904037476,7,2,ralf_schumacher,williams,5,3,7
13,2000,11,10,1.0278557538986206,1.0566326909595065,9,0,coulthard,mclaren,6,4,7
17,2000,11,10,0.9920481443405151,1.0398495569825172,8,2,button,williams,7,4,8
34,2000,11,10,0.965270459651947,0.9927212670445442,8,15,villeneuve,bar,8,7,8
1,2000,11,10,0.8211694955825806,0.8286665201187133,5,19,heidfeld,prost,9,9,9
36,2000,11,10,-1.0993061065673828,-0.9913366238276163,3,20,rosa,arrows,10,10,10
59,2000,11,10,-1.2881848812103271,-1.1944469511508942,8,17,mazzacane,minardi,11,11,12
62,2000,11,10,-1.2810759544372559,-1.22160119669778,7,14,salo,sauber,12,11,12
56,2000,12,11,1.3000099658966064,1.2819934487342834,10,0,hakkinen,mclaren,1,1,2
48,2000,12,11,1.297553300857544,1.2806019186973572,6,16,frentzen,jordan,2,1,2
29,2000,12,11,1.1946613788604736,1.2036070227622986,8,5,michael_schumacher,ferrari,3,3,3
21,2000,12,11,1.1694731712341309,1.1562998294830322,10,5,barrichello,ferrari,4,4,4
55,2000,12,11,1.1395344734191895,1.1134016513824463,8,18,irvine,jaguar,5,5,5
14,2000,12,11,1.060793399810791,1.0629857555031776,8,16,trulli,jordan,6,6,9
22,2000,12,11,1.0660014152526855,1.0596410185098648,8,2,ralf_schumacher,williams,7,6,9
13,2000,12,11,1.0735551118850708,1.058324933052063,10,0,coulthard,mclaren,8,6,9
17,2000,12,11,1.0361244678497314,1.0394356581899855,9,2,button,williams,9,7,9
34,2000,12,11,1.0112344026565552,0.9947782821125455,9,15,villeneuve,bar,10,10,10
24,2000,12,11,0.8495565056800842,0.8535079956054688,8,21,wurz,benetton,11,11,11
36,2000,12,11,-1.0595948696136475,-1.0084011852741241,4,20,rosa,arrows,12,12,13
49,2000,12,11,-1.1779701709747314,-1.1037658005952835,4,20,verstappen,arrows,13,12,14
47,2000,12,11,-1.1462571620941162,-1.1255910566874914,7,17,gene,minardi,14,13,14
62,2000,12,11,-1.2369554042816162,-1.2235204726457596,8,14,salo,sauber,15,15,15
40,2000,12,11,-1.5785226821899414,-1.5144923726717632,6,15,zonta,bar,16,16,16
48,2000,13,12,1.3595576286315918,1.2918813058308192,7,16,frentzen,jordan,1,1,2
56,2000,13,12,1.363571286201477,1.2894096157767556,11,0,hakkinen,mclaren,2,1,2
29,2000,13,12,1.2575384378433228,1.2095994022157457,9,5,michael_schumacher,ferrari,3,3,3
55,2000,13,12,1.2033814191818237,1.1233994033601549,9,18,irvine,jaguar,4,4,4
22,2000,13,12,1.129633903503418,1.0674180057313707,9,2,ralf_schumacher,williams,5,5,7
13,2000,13,12,1.1370203495025635,1.0654790618202903,11,0,coulthard,mclaren,6,5,7
17,2000,13,12,1.0981860160827637,1.0453106939792634,10,2,button,williams,7,5,7
34,2000,13,12,1.0749284029006958,1.0027932941913604,10,15,villeneuve,bar,8,8,8
63,2000,13,12,0.9975355863571167,0.9354876364980426,7,14,diniz,sauber,9,9,9
24,2000,13,12,0.9122195243835449,0.8600314988030328,9,21,wurz,benetton,10,10,10
64,2000,13,12,-0.22311869263648987,-0.263887488416263,7,18,herbert,jaguar,11,11,11
36,2000,13,12,-1.0013092756271362,-1.0069828033447266,5,20,rosa,arrows,12,12,13
49,2000,13,12,-1.1203148365020752,-1.107075607776642,5,20,verstappen,arrows,13,12,14
47,2000,13,12,-1.0843772888183594,-1.1204393357038498,8,17,gene,minardi,14,13,14
59,2000,13,12,-1.1828327178955078,-1.1931564807891846,9,17,mazzacane,minardi,15,14,16
62,2000,13,12,-1.1748557090759277,-1.218113276693556,9,14,salo,sauber,16,15,16
40,2000,13,12,-1.5179898738861084,-1.514992015702384,7,15,zonta,bar,17,17,17
56,2000,14,13,1.4710872173309326,1.3045494159062703,12,0,hakkinen,mclaren,1,1,1
29,2000,14,13,1.3644623756408691,1.225085699558258,10,5,michael_schumacher,ferrari,2,2,2
22,2000,14,13,1.2372112274169922,1.0843973278999328,10,2,ralf_schumacher,williams,3,3,3
63,2000,14,13,1.1043096780776978,0.9565903916954994,8,14,diniz,sauber,4,4,4
24,2000,14,13,1.018958568572998,0.8759242057800293,10,21,wurz,benetton,5,5,5
54,2000,14,13,0.2543572187423706,0.11215389147400856,4,19,alesi,prost,6,6,6
20,2000,14,13,-0.4117579758167267,-0.5431801706552506,10,21,fisichella,benetton,7,7,7
49,2000,14,13,-1.0179076194763184,-1.0922142763932545,6,20,verstappen,arrows,8,8,9
47,2000,14,13,-0.9783159494400024,-1.1046478483412001,9,17,gene,minardi,9,8,9
59,2000,14,13,-1.078331470489502,-1.1816739797592164,10,17,mazzacane,minardi,10,9,11
62,2000,14,13,-1.0686039924621582,-1.2031623482704163,10,14,salo,sauber,11,10,11
40,2000,14,13,-1.4130933284759521,-1.50225467979908,8,15,zonta,bar,12,12,12
48,2000,15,14,1.2405850887298584,1.2854692786931992,8,16,frentzen,jordan,1,1,1
29,2000,15,14,1.1463030576705933,1.217923641204834,11,5,michael_schumacher,ferrari,2,2,2
21,2000,15,14,1.1122883558273315,1.152298786423423,11,5,barrichello,ferrari,3,3,4
55,2000,15,14,1.0860027074813843,1.1196597337722778,10,18,irvine,jaguar,4,3,4
13,2000,15,14,1.019311785697937,1.0616317888100941,12,0,coulthard,mclaren,5,5,5
34,2000,15,14,0.9574177265167236,0.9986682425845753,11,15,villeneuve,bar,6,6,7
63,2000,15,14,0.8860207200050354,0.9487493170632256,9,14,diniz,sauber,7,6,7
24,2000,15,14,0.8006393313407898,0.869080126285553,11,21,wurz,benetton,8,8,8
1,2000,15,14,0.8098039627075195,0.825522760550181,6,19,heidfeld,prost,9,9,9
64,2000,15,14,-0.3423696756362915,-0.2736977618187666,8,18,herbert,jaguar,10,10,10
47,2000,15,14,-1.1972213983535767,-1.1139052033424377,10,17,gene,minardi,11,11,11
40,2000,15,14,-1.6330064535140991,-1.5167826546563044,9,15,zonta,bar,12,12,12
56,2000,16,15,1.3480432033538818,1.3078950918637788,13,0,hakkinen,mclaren,1,1,1
29,2000,16,15,1.2368143796920776,1.2194978694121044,12,5,michael_schumacher,ferrari,2,2,2
21,2000,16,15,1.20479416847229,1.156673401594162,12,5,barrichello,ferrari,3,3,4
55,2000,16,15,1.1781823635101318,1.1249799728393555,11,18,irvine,jaguar,4,3,4
14,2000,16,15,1.096649169921875,1.0667261348830328,9,16,trulli,jordan,5,5,7
13,2000,16,15,1.1112059354782104,1.0654451847076416,13,0,coulthard,mclaren,6,5,7
17,2000,16,15,1.0738661289215088,1.0479066426103765,11,2,button,williams,7,5,7
34,2000,16,15,1.049483060836792,1.00290281077226,12,15,villeneuve,bar,8,8,9
63,2000,16,15,0.9764199256896973,0.9515163779258728,10,14,diniz,sauber,9,8,9
64,2000,16,15,-0.2518094778060913,-0.2712657302618027,9,18,herbert,jaguar,10,10,10
20,2000,16,15,-0.5348880290985107,-0.5424263396046378,11,21,fisichella,benetton,11,11,11
36,2000,16,15,-1.028895616531372,-1.0106349388758342,6,20,rosa,arrows,12,12,12
59,2000,16,15,-1.2039834260940552,-1.1837021112442017,11,17,mazzacane,minardi,13,13,14
62,2000,16,15,-1.1927417516708374,-1.2022150213068181,11,14,salo,sauber,14,13,14
40,2000,16,15,-1.5440123081207275,-1.5195056200027466,10,15,zonta,bar,15,15,15
56,2000,17,16,1.3162343502044678,1.3084907531738281,14,0,hakkinen,mclaren,1,1,1
29,2000,17,16,1.2051148414611816,1.2183914826466486,13,5,michael_schumacher,ferrari,2,2,2
21,2000,17,16,1.1748199462890625,1.158069289647616,13,5,barrichello,ferrari,3,3,4
55,2000,17,16,1.1479259729385376,1.1268921395142872,12,18,irvine,jaguar,4,3,4
14,2000,17,16,1.0650404691696167,1.0665575683116912,10,16,trulli,jordan,5,5,6
13,2000,17,16,1.080702543258667,1.0665349960327148,14,0,coulthard,mclaren,6,5,6
34,2000,17,16,1.0191277265548706,1.0041508812170763,13,15,villeneuve,bar,7,7,7
24,2000,17,16,0.8585948348045349,0.8682063519954681,12,21,wurz,benetton,8,8,8
54,2000,17,16,0.09997375309467316,0.10971786379814148,5,19,alesi,prost,9,9,9
20,2000,17,16,-0.5667712688446045,-0.5444550837079684,12,21,fisichella,benetton,10,10,10
49,2000,17,16,-1.177788257598877,-1.1044391308512007,7,20,verstappen,arrows,11,11,11
59,2000,17,16,-1.2380483150482178,-1.188230961561203,12,17,mazzacane,minardi,12,11,13
62,2000,17,16,-1.225496768951416,-1.204155166943868,12,14,salo,sauber,13,12,13
48,2001,1,17,1.2531869411468506,1.2531869411468506,1,16,frentzen,jordan,1,1,1
29,2001,1,17,1.1584950685501099,1.1584950685501099,1,5,michael_schumacher,ferrari,2,2,2
21,2001,1,17,1.1296926736831665,1.1296926736831665,1,5,barrichello,ferrari,3,3,3
55,2001,1,17,1.1025545597076416,1.1025545597076416,1,18,irvine,jaguar,4,4,4
7,2001,1,17,1.0793095827102661,1.0793095827102661,1,14,raikkonen,sauber,5,5,5
13,2001,1,17,1.0351173877716064,1.0351173877716064,1,0,coulthard,mclaren,6,6,6
1,2001,1,17,0.8245804309844971,0.8245804309844971,1,14,heidfeld,sauber,7,7,7
43,2001,1,17,0.7608942985534668,0.7608942985534668,1,15,panis,bar,8,8,8
3,2001,1,17,0.742181658744812,0.742181658744812,1,17,alonso,minardi,9,9,9
54,2001,1,17,0.05427400767803192,0.05427400767803192,1,19,alesi,prost,10,10,10
20,2001,1,17,-0.6135499477386475,-0.6135499477386475,1,21,fisichella,benetton,11,11,11
49,2001,1,17,-1.2282429933547974,-1.2282429933547974,1,20,verstappen,arrows,12,12,12
53,2001,1,17,-1.3487335443496704,-1.3487335443496704,1,18,burti,jaguar,13,13,13
56,2001,2,18,1.3076798915863037,1.3076798915863037,1,0,hakkinen,mclaren,1,1,1
48,2001,2,18,1.2887964248657227,1.2709916830062866,2,16,frentzen,jordan,2,2,2
29,2001,2,18,1.1938700675964355,1.1761825680732727,2,5,michael_schumacher,ferrari,3,3,4
21,2001,2,18,1.1663587093353271,1.1480256915092468,2,5,barrichello,ferrari,4,3,4
22,2001,2,18,1.0741808414459229,1.0741808414459229,1,2,ralf_schumacher,williams,5,5,5
14,2001,2,18,1.056659460067749,1.056659460067749,1,16,trulli,jordan,6,6,7
13,2001,2,18,1.071387529373169,1.0532524585723877,2,0,coulthard,mclaren,7,6,7
17,2001,2,18,1.0343247652053833,1.0343247652053833,1,21,button,benetton,8,8,8
3,2001,2,18,0.8087925314903259,0.775487095117569,2,17,alonso,minardi,9,9,9
54,2001,2,18,0.09044498950242996,0.07235949859023094,2,19,alesi,prost,10,10,10
57,2001,2,18,-0.9915567636489868,-0.9915567636489868,1,17,marques,minardi,11,11,11
49,2001,2,18,-1.1961851119995117,-1.2122140526771545,2,20,verstappen,arrows,12,12,12
59,2001,2,18,-1.2485538721084595,-1.2485538721084595,1,19,mazzacane,prost,13,13,13
53,2001,2,18,-1.3172476291656494,-1.33299058675766,2,18,burti,jaguar,14,14,14
48,2001,3,19,1.2115424871444702,1.2511752843856812,3,16,frentzen,jordan,1,1,1
29,2001,3,19,1.1164137125015259,1.1562596162160237,3,5,michael_schumacher,ferrari,2,2,2
13,2001,3,19,0.9947051405906677,1.0337366859118144,3,0,coulthard,mclaren,3,3,5
14,2001,3,19,0.978894829750061,1.017777144908905,2,16,trulli,jordan,4,3,5
17,2001,3,19,0.9561887979507446,0.995256781578064,2,21,button,benetton,5,3,5
34,2001,3,19,0.9350659847259521,0.9350659847259521,1,15,villeneuve,bar,6,6,6
1,2001,3,19,0.785306453704834,0.8049434423446655,2,14,heidfeld,sauber,7,7,7
43,2001,3,19,0.752611517906189,0.7567529082298279,2,15,panis,bar,8,8,8
54,2001,3,19,0.013676866888999939,0.052798621356487274,3,19,alesi,prost,9,9,9
20,2001,3,19,-0.6550769805908203,-0.6343134641647339,2,21,fisichella,benetton,10,10,10
57,2001,3,19,-1.2056125402450562,-1.0985846519470215,2,17,marques,minardi,11,11,11
56,2001,4,20,1.228431224822998,1.2680555582046509,2,0,hakkinen,mclaren,1,1,2
48,2001,4,20,1.20633065700531,1.2399641275405884,4,16,frentzen,jordan,2,1,2
21,2001,4,20,1.088684320449829,1.128245234489441,3,5,barrichello,ferrari,3,3,3
22,2001,4,20,0.9949343204498291,1.034557580947876,2,2,ralf_schumacher,williams,4,4,7
13,2001,4,20,0.9899876117706299,1.0227994173765182,4,0,coulthard,mclaren,5,4,6
14,2001,4,20,0.9732411503791809,1.002931813398997,3,16,trulli,jordan,6,4,7
17,2001,4,20,0.9502140283584595,0.9802425305048624,3,21,button,benetton,7,5,7
1,2001,4,20,0.7816557884216309,0.7971808910369873,3,14,heidfeld,sauber,8,8,8
43,2001,4,20,0.7499947547912598,0.7545001904169718,3,15,panis,bar,9,9,9
54,2001,4,20,0.008885085582733154,0.041820237413048744,4,19,alesi,prost,10,10,10
58,2001,4,20,-1.1223301887512207,-1.1223301887512207,1,20,bernoldi,arrows,11,11,11
53,2001,4,20,-1.3994024991989136,-1.3551278909047444,3,18,burti,jaguar,12,12,12
56,2001,5,21,1.2771687507629395,1.2710932890574138,3,0,hakkinen,mclaren,1,1,1
29,2001,5,21,1.1642727851867676,1.1582629084587097,4,5,michael_schumacher,ferrari,2,2,3
30,2001,5,21,1.119288444519043,1.119288444519043,1,2,montoya,williams,3,3,4
7,2001,5,21,1.154780387878418,1.117044985294342,2,14,raikkonen,sauber,4,2,4
13,2001,5,21,1.0402474403381348,1.0262890219688416,5,0,coulthard,mclaren,5,5,6
14,2001,5,21,1.0226914882659912,1.0078717321157455,4,16,trulli,jordan,6,5,7
17,2001,5,21,0.9993865489959717,0.9850285351276398,4,21,button,benetton,7,6,8
34,2001,5,21,0.9834615588188171,0.9592637717723846,2,15,villeneuve,bar,8,7,8
1,2001,5,21,0.8328387141227722,0.8060953468084335,4,14,heidfeld,sauber,9,9,10
3,2001,5,21,0.7860836982727051,0.779019296169281,3,17,alonso,minardi,10,9,11
43,2001,5,21,0.8020718097686768,0.7663930952548981,4,15,panis,bar,11,10,11
54,2001,5,21,0.05908091366291046,0.04527237266302109,5,19,alesi,prost,12,12,12
20,2001,5,21,-0.607430100440979,-0.6253523429234823,3,21,fisichella,benetton,13,13,13
57,2001,5,21,-1.1592142581939697,-1.1187945206960042,3,17,marques,minardi,14,14,14
49,2001,5,21,-1.2245991230010986,-1.2163424094518025,3,20,verstappen,arrows,15,15,15
53,2001,5,21,-1.3531787395477295,-1.3546406030654907,4,19,burti,prost,16,16,16
29,2001,6,22,1.1339030265808105,1.15339093208313,5,5,michael_schumacher,ferrari,1,1,2
21,2001,6,22,1.1095836162567139,1.1235798299312592,4,5,barrichello,ferrari,2,1,3
7,2001,6,22,1.1271114349365234,1.1204004685084026,3,14,raikkonen,sauber,3,1,4
55,2001,6,22,1.084956407546997,1.0937554836273193,2,18,irvine,jaguar,4,3,4
13,2001,6,22,1.0108600854873657,1.0237175325552623,6,0,coulthard,mclaren,5,5,5
34,2001,6,22,0.953555703163147,0.957361082235972,3,15,villeneuve,bar,6,6,6
1,2001,6,22,0.8042494654655457,0.805726170539856,5,14,heidfeld,sauber,7,7,7
43,2001,6,22,0.7742562890052795,0.7679657340049744,5,15,panis,bar,8,8,8
54,2001,6,22,0.029637977480888367,0.042666640132665634,6,19,alesi,prost,9,9,9
49,2001,6,22,-1.2579982280731201,-1.226756364107132,4,20,verstappen,arrows,10,10,10
53,2001,6,22,-1.3860576152801514,-1.3609240055084229,5,19,burti,prost,11,11,11
29,2001,7,23,1.1320512294769287,1.1498343149820964,6,5,michael_schumacher,ferrari,1,1,2
7,2001,7,23,1.1275959014892578,1.1221993267536163,4,14,raikkonen,sauber,2,1,3
21,2001,7,23,1.1084175109863281,1.120547366142273,5,5,barrichello,ferrari,3,1,3
55,2001,7,23,1.0832401514053345,1.0902503728866577,3,18,irvine,jaguar,4,3,4
13,2001,7,23,1.0098581314086914,1.021737618105752,7,0,coulthard,mclaren,5,5,5
17,2001,7,23,0.9695321917533875,0.9819292664527893,5,21,button,benetton,6,6,7
34,2001,7,23,0.9521053433418274,0.9560471475124359,4,15,villeneuve,bar,7,6,7
54,2001,7,23,0.028587982058525085,0.04065540326493127,7,19,alesi,prost,8,8,8
58,2001,7,23,-1.2637982368469238,-1.1930642127990723,2,20,bernoldi,arrows,9,9,10
49,2001,7,23,-1.2624702453613281,-1.233899140357971,5,20,verstappen,arrows,10,9,10
56,2001,8,24,1.4422091245651245,1.3138722479343414,4,0,hakkinen,mclaren,1,1,1
29,2001,8,24,1.3253315687179565,1.1749053512300764,7,5,michael_schumacher,ferrari,2,2,4
7,2001,8,24,1.32289719581604,1.1623389005661011,5,14,raikkonen,sauber,3,2,4
22,2001,8,24,1.2102183103561401,1.0931111574172974,3,2,ralf_schumacher,williams,4,2,5
14,2001,8,24,1.188348412513733,1.043967068195343,5,16,trulli,jordan,5,4,5
54,2001,8,24,0.22256188094615936,0.06339371297508478,8,19,alesi,prost,6,6,6
36,2001,8,24,-0.9295703768730164,-0.9295703768730164,1,18,rosa,jaguar,7,7,7
57,2001,8,24,-0.9951032400131226,-1.0878717005252838,4,17,marques,minardi,8,8,8
49,2001,8,24,-1.0714563131332397,-1.2068253358205159,6,20,verstappen,arrows,9,9,9
53,2001,8,24,-1.1948089599609375,-1.333238164583842,6,19,burti,prost,10,10,10
40,2001,8,24,-1.4429543018341064,-1.4429543018341064,1,16,zonta,jordan,11,11,11
56,2001,9,25,1.227750539779663,1.2966479063034058,5,0,hakkinen,mclaren,1,1,1
29,2001,9,25,1.1117448806762695,1.1670102924108505,8,5,michael_schumacher,ferrari,2,2,4
7,2001,9,25,1.1110585927963257,1.153792182604472,6,14,raikkonen,sauber,3,2,6
30,2001,9,25,1.1340036392211914,1.1266460418701172,2,2,montoya,williams,4,3,5
21,2001,9,25,1.0816388130187988,1.1140626072883606,6,5,barrichello,ferrari,5,3,6
55,2001,9,25,1.055985689163208,1.0816842019557953,4,18,irvine,jaguar,6,6,7
22,2001,9,25,0.9955581426620483,1.068722903728485,4,2,ralf_schumacher,williams,7,3,8
13,2001,9,25,0.9832214117050171,1.0169230923056602,8,0,coulthard,mclaren,8,7,8
17,2001,9,25,0.9418824911117554,0.9752548038959503,6,21,button,benetton,9,9,10
34,2001,9,25,0.9250807762145996,0.9498538732528686,5,15,villeneuve,bar,10,9,10
3,2001,9,25,0.7327121496200562,0.7674425095319748,4,17,alonso,minardi,11,11,11
54,2001,9,25,0.009575113654136658,0.057413868606090546,9,19,alesi,prost,12,12,12
20,2001,9,25,-0.6628909111022949,-0.6347369849681854,4,21,fisichella,benetton,13,13,13
36,2001,9,25,-1.1476614475250244,-1.0386159121990204,2,18,rosa,jaguar,14,14,14
53,2001,9,25,-1.4105415344238281,-1.3442815031324113,7,19,burti,prost,15,15,15
48,2001,10,26,1.2854890823364258,1.2490691184997558,5,16,frentzen,jordan,1,1,1
29,2001,10,26,1.1913607120513916,1.169715894593133,9,5,michael_schumacher,ferrari,2,2,3
7,2001,10,26,1.1921865940093994,1.1592770985194616,7,14,raikkonen,sauber,3,2,4
21,2001,10,26,1.1627216339111328,1.1210138968058996,7,5,barrichello,ferrari,4,3,5
22,2001,10,26,1.0742456912994385,1.0698274612426757,5,2,ralf_schumacher,williams,5,3,7
14,2001,10,26,1.0578566789627075,1.0462820033232372,6,16,trulli,jordan,6,5,7
13,2001,10,26,1.0644270181655884,1.0222013062900968,9,0,coulthard,mclaren,7,5,7
17,2001,10,26,1.0222119092941284,0.9819629618099758,7,21,button,benetton,8,8,8
1,2001,10,26,0.8619903922080994,0.8151035408178965,6,14,heidfeld,sauber,9,9,9
43,2001,10,26,0.8326661586761475,0.7787491381168365,6,15,panis,bar,10,10,11
3,2001,10,26,0.8143477439880371,0.7768235564231872,5,17,alonso,minardi,11,10,11
54,2001,10,26,0.08970998227596283,0.06064347997307777,10,19,alesi,prost,12,12,12
20,2001,10,26,-0.5830627083778381,-0.624402129650116,5,21,fisichella,benetton,13,13,13
36,2001,10,26,-1.071941614151001,-1.0497244795163472,3,18,rosa,jaguar,14,14,15
57,2001,10,26,-1.126932144165039,-1.095683789253235,5,17,marques,minardi,15,14,15
49,2001,10,26,-1.2035698890686035,-1.2063602719988142,7,20,verstappen,arrows,16,16,16
53,2001,10,26,-1.3327817916870117,-1.3428440392017365,8,19,burti,prost,17,17,17
56,2001,11,27,1.2593659162521362,1.2904342412948608,6,0,hakkinen,mclaren,1,1,2
48,2001,11,27,1.239005208015442,1.2473918000857036,6,16,frentzen,jordan,2,1,2
29,2001,11,27,1.144566535949707,1.1672009587287904,10,5,michael_schumacher,ferrari,3,3,5
7,2001,11,27,1.146700382232666,1.157705008983612,8,14,raikkonen,sauber,4,3,6
30,2001,11,27,1.1687884330749512,1.1406935056050618,3,2,montoya,williams,5,3,6
21,2001,11,27,1.1171963214874268,1.1205366998910904,8,5,barrichello,ferrari,6,5,6
55,2001,11,27,1.0894105434417725,1.0832294702529908,5,18,irvine,jaguar,7,7,7
17,2001,11,27,0.9760348796844482,0.9812219515442848,8,21,button,benetton,8,8,8
34,2001,11,27,0.9587043523788452,0.9513289531071981,6,15,villeneuve,bar,9,9,9
1,2001,11,27,0.816698431968689,0.8153313824108669,7,14,heidfeld,sauber,10,10,10
3,2001,11,27,0.7693004608154297,0.7755697071552277,6,17,alonso,minardi,11,11,11
54,2001,11,27,0.04336461424827576,0.05907267399809577,11,19,alesi,prost,12,12,12
20,2001,11,27,-0.6296732425689697,-0.6252806484699249,6,21,fisichella,benetton,13,13,13
36,2001,11,27,-1.1221059560775757,-1.0678198486566544,4,18,rosa,jaguar,14,14,14
49,2001,11,27,-1.252575397491455,-1.2121371626853943,8,20,verstappen,arrows,15,15,16
58,2001,11,27,-1.2543787956237793,-1.2135024070739746,3,20,bernoldi,arrows,16,15,16
21,2001,12,28,1.1877710819244385,1.1280071867836847,9,5,barrichello,ferrari,1,1,2
22,2001,12,28,1.097860336303711,1.0744996070861816,6,2,ralf_schumacher,williams,2,1,2
17,2001,12,28,1.0460457801818848,0.9884245991706848,9,21,button,benetton,3,3,4
34,2001,12,28,1.029327392578125,0.9624715873173305,7,15,villeneuve,bar,4,3,4
43,2001,12,28,0.8591648936271667,0.7902371031897408,7,15,panis,bar,5,5,6
3,2001,12,28,0.8402887582778931,0.784815285887037,7,17,alonso,minardi,6,5,6
54,2001,12,28,0.11323002725839615,0.06358578676978748,12,19,alesi,prost,7,7,7
20,2001,12,28,-0.5600373148918152,-0.6159601722444806,7,21,fisichella,benetton,8,8,8
58,2001,12,28,-1.1838798522949219,-1.2060967683792114,4,20,bernoldi,arrows,9,9,10
49,2001,12,28,-1.1850109100341797,-1.209123134613037,9,20,verstappen,arrows,10,9,10
56,2001,13,29,1.2093669176101685,1.2788531950541906,7,0,hakkinen,mclaren,1,1,1
29,2001,13,29,1.0951590538024902,1.1606516946445813,11,5,michael_schumacher,ferrari,2,2,4
7,2001,13,29,1.0984241962432861,1.1511182520124648,9,14,raikkonen,sauber,3,2,5
30,2001,13,29,1.1215310096740723,1.1359028816223145,4,2,montoya,williams,4,2,5
21,2001,13,29,1.0715396404266357,1.1223604321479796,10,5,barrichello,ferrari,5,3,5
22,2001,13,29,0.9797505140304565,1.0609640223639352,7,2,ralf_schumacher,williams,6,6,7
13,2001,13,29,0.9713353514671326,1.0171147108078002,10,0,coulthard,mclaren,7,6,7
34,2001,13,29,0.9131378531455994,0.9563048705458641,8,15,villeneuve,bar,8,8,8
1,2001,13,29,0.7685902118682861,0.8094887360930443,8,14,heidfeld,sauber,9,9,9
54,2001,13,29,-0.0036149919033050537,0.05841649610262651,13,16,alesi,jordan,10,10,10
36,2001,13,29,-1.1744287014007568,-1.0891416192054748,5,18,rosa,jaguar,11,11,11
49,2001,13,29,-1.3038463592529297,-1.2185954570770263,10,20,verstappen,arrows,12,12,12
56,2001,14,30,1.2994070053100586,1.281422421336174,8,0,hakkinen,mclaren,1,1,2
48,2001,14,30,1.2840638160705566,1.252630659512111,7,19,frentzen,prost,2,1,2
29,2001,14,30,1.1857106685638428,1.1627399424711864,12,5,michael_schumacher,ferrari,3,3,3
21,2001,14,30,1.1626824140548706,1.126026066866788,11,5,barrichello,ferrari,4,3,4
22,2001,14,30,1.0692687034606934,1.06200210750103,8,2,ralf_schumacher,williams,5,5,6
13,2001,14,30,1.0628421306610107,1.021271748976274,11,0,coulthard,mclaren,6,5,6
34,2001,14,30,1.004316806793213,0.9616395301289029,9,15,villeneuve,bar,7,7,7
43,2001,14,30,0.8377474546432495,0.7961758971214294,8,15,panis,bar,8,8,8
54,2001,14,30,0.0869971364736557,0.060457970414842875,14,16,alesi,jordan,9,9,9
20,2001,14,30,-0.5828831195831299,-0.6118255406618118,8,21,fisichella,benetton,10,10,10
57,2001,14,30,-1.1291663646697998,-1.101264218489329,6,17,marques,minardi,11,11,11
58,2001,14,30,-1.2059791088104248,-1.206073236465454,5,20,bernoldi,arrows,12,12,13
49,2001,14,30,-1.2149558067321777,-1.2182645797729492,11,20,verstappen,arrows,13,12,13
29,2001,15,31,1.1430463790893555,1.1612250529802763,13,5,michael_schumacher,ferrari,1,1,3
7,2001,15,31,1.146204948425293,1.1506269216537475,10,14,raikkonen,sauber,2,1,4
30,2001,15,31,1.1701931953430176,1.142760944366455,5,2,montoya,williams,3,1,4
21,2001,15,31,1.1205295324325562,1.125568022330602,12,5,barrichello,ferrari,4,2,4
22,2001,15,31,1.0257102251052856,1.057969676123725,9,2,ralf_schumacher,williams,5,5,5
34,2001,15,31,0.9621949791908264,0.9616950750350952,10,15,villeneuve,bar,6,6,6
1,2001,15,31,0.8165161609649658,0.8102695610788133,9,14,heidfeld,sauber,7,7,9
43,2001,15,31,0.7957152724266052,0.7961247165997823,9,15,panis,bar,8,7,9
3,2001,15,31,0.7748631238937378,0.7835712656378746,8,17,alonso,minardi,9,7,9
54,2001,15,31,0.04438507556915283,0.05938644409179687,15,16,alesi,jordan,10,10,10
20,2001,15,31,-0.6261508464813232,-0.6134172413084242,9,21,fisichella,benetton,11,11,11
36,2001,15,31,-1.13014817237854,-1.095976044734319,6,18,rosa,jaguar,12,12,12
60,2001,15,31,-1.245521068572998,-1.245521068572998,1,19,enge,prost,13,13,13
56,2001,16,32,1.2746577262878418,1.280670788553026,9,0,hakkinen,mclaren,1,1,2
48,2001,16,32,1.2594971656799316,1.2534889727830887,8,19,frentzen,prost,2,1,2
29,2001,16,32,1.1603738069534302,1.1611642496926444,14,5,michael_schumacher,ferrari,3,3,3
21,2001,16,32,1.1382994651794434,1.126547364088205,13,5,barrichello,ferrari,4,4,4
55,2001,16,32,1.1097825765609741,1.087654987970988,6,18,irvine,jaguar,5,5,6
14,2001,16,32,1.031387209892273,1.0441541756902422,7,16,trulli,jordan,6,5,7
13,2001,16,32,1.0393617153167725,1.0227792461713154,12,0,coulthard,mclaren,7,6,7
17,2001,16,32,0.9981324672698975,0.9893953859806061,10,21,button,benetton,8,7,8
1,2001,16,32,0.8349624276161194,0.8127388477325439,10,14,heidfeld,sauber,9,9,10
43,2001,16,32,0.8135895729064941,0.7978712022304535,10,15,panis,bar,10,9,10
54,2001,16,32,0.0617578849196434,0.05953465914353728,16,16,alesi,jordan,11,11,11
20,2001,16,32,-0.6093451976776123,-0.6130100369453431,10,21,fisichella,benetton,12,12,12
36,2001,16,32,-1.1148555278778076,-1.0986731137548174,7,18,rosa,jaguar,13,13,13
58,2001,16,32,-1.230243444442749,-1.21010160446167,6,20,bernoldi,arrows,14,14,14
60,2001,16,32,-1.397850513458252,-1.321685791015625,2,19,enge,prost,15,15,15
56,2001,17,33,1.2298450469970703,1.2755882143974304,10,0,hakkinen,mclaren,1,1,2
48,2001,17,33,1.214842438697815,1.2491949134402804,9,19,frentzen,prost,2,1,2
29,2001,17,33,1.1160829067230225,1.158158826828003,15,5,michael_schumacher,ferrari,3,3,4
30,2001,17,33,1.145050048828125,1.1431424617767334,6,2,montoya,williams,4,3,5
21,2001,17,33,1.0943913459777832,1.1242505056517464,14,5,barrichello,ferrari,5,4,5
22,2001,17,33,0.9980385899543762,1.0519765675067902,10,2,ralf_schumacher,williams,6,6,8
14,2001,17,33,0.9856781959533691,1.036844678223133,8,16,trulli,jordan,7,6,8
13,2001,17,33,0.9956464767456055,1.0206921100616455,13,0,coulthard,mclaren,8,7,8
17,2001,17,33,0.9535263776779175,0.986134567043998,11,21,button,benetton,9,9,9
34,2001,17,33,0.9357662200927734,0.9593379064039751,11,15,villeneuve,bar,10,10,10
1,2001,17,33,0.7916393280029297,0.8108207095753063,11,14,heidfeld,sauber,11,11,12
43,2001,17,33,0.7697718143463135,0.7953167124228044,11,15,panis,bar,12,11,13
3,2001,17,33,0.7485198378562927,0.7796766625510322,9,17,alonso,minardi,13,12,13
20,2001,17,33,-0.6540874242782593,-0.6167443448846991,11,21,fisichella,benetton,14,14,14
61,2001,17,33,-1.042694091796875,-1.042694091796875,1,17,yoong,minardi,15,15,15
58,2001,17,33,-1.2746365070343018,-1.21932087625776,7,20,bernoldi,arrows,16,16,17
49,2001,17,33,-1.2849254608154297,-1.223819653193156,12,20,verstappen,arrows,17,16,17
30,2002,1,34,1.2456607818603516,1.2456607818603516,1,2,montoya,williams,1,1,1
7,2002,1,34,1.2214471101760864,1.2214471101760864,1,0,raikkonen,mclaren,2,2,2
29,2002,1,34,1.2151840925216675,1.2151840925216675,1,5,michael_schumacher,ferrari,3,3,3
55,2002,1,34,1.1669968366622925,1.1669968366622925,1,18,irvine,jaguar,4,4,4
16,2002,1,34,0.9935076236724854,0.9935076236724854,1,17,webber,minardi,5,5,5
36,2002,1,34,-1.0597589015960693,-1.0597589015960693,1,18,rosa,jaguar,6,6,6
61,2002,1,34,-1.0971245765686035,-1.0971245765686035,1,17,yoong,minardi,7,7,7
62,2002,1,34,-1.1995878219604492,-1.1995878219604492,1,6,salo,toyota,8,8,8
48,2002,2,35,1.3079946041107178,1.3079946041107178,1,20,frentzen,arrows,1,1,1
30,2002,2,35,1.2441140413284302,1.2448874115943909,2,2,montoya,williams,2,2,2
29,2002,2,35,1.2123315334320068,1.2137578129768372,2,5,michael_schumacher,ferrari,3,3,3
12,2002,2,35,1.1377719640731812,1.1377719640731812,1,14,massa,sauber,4,4,4
22,2002,2,35,1.0908279418945312,1.0908279418945312,1,2,ralf_schumacher,williams,5,5,5
17,2002,2,35,1.0467205047607422,1.0467205047607422,1,3,button,renault,6,6,6
34,2002,2,35,1.0296303033828735,1.0296303033828735,1,15,villeneuve,bar,7,7,7
1,2002,2,35,0.8859432935714722,0.8859432935714722,1,14,heidfeld,sauber,8,8,8
20,2002,2,35,-0.561011016368866,-0.561011016368866,1,16,fisichella,jordan,9,9,9
10,2002,2,35,-0.9622580409049988,-0.9622580409049988,1,16,sato,jordan,10,10,10
65,2002,2,35,-0.975398063659668,-0.975398063659668,1,6,mcnish,toyota,11,11,11
36,2002,2,35,-1.0644102096557617,-1.0620845556259155,2,18,rosa,jaguar,12,12,12
62,2002,2,35,-1.2054917812347412,-1.2025398015975952,2,6,salo,toyota,13,13,13
30,2002,3,36,1.2084863185882568,1.2327537139256795,3,2,montoya,williams,1,1,2
29,2002,3,36,1.1755743026733398,1.2010299762090046,3,5,michael_schumacher,ferrari,2,2,3
7,2002,3,36,1.1802587509155273,1.2008529305458069,2,0,raikkonen,mclaren,3,1,3
55,2002,3,36,1.1252676248550415,1.146132230758667,2,18,irvine,jaguar,4,4,4
22,2002,3,36,1.0538599491119385,1.0723439455032349,2,2,ralf_schumacher,williams,5,5,5
13,2002,3,36,1.0507017374038696,1.0507017374038696,1,0,coulthard,mclaren,6,6,6
17,2002,3,36,1.0101027488708496,1.028411626815796,2,3,button,renault,7,7,9
34,2002,3,36,0.9935922622680664,1.01161128282547,2,15,villeneuve,bar,8,7,9
16,2002,3,36,1.017235517501831,1.0053715705871582,2,17,webber,minardi,9,7,9
10,2002,3,36,-1.1295993328094482,-1.0459286868572235,2,16,sato,jordan,10,10,12
36,2002,3,36,-1.1027233600616455,-1.075630823771159,3,18,rosa,jaguar,11,10,11
61,2002,3,36,-1.1394504308700562,-1.1182875037193298,2,17,yoong,minardi,12,11,12
62,2002,3,36,-1.244888424873352,-1.216656009356181,3,6,salo,toyota,13,13,13
30,2002,4,37,0.9873859286308289,1.1714117676019669,4,2,montoya,williams,1,1,3
29,2002,4,37,0.9534968137741089,1.1391466856002808,4,5,michael_schumacher,ferrari,2,1,3
12,2002,4,37,0.9582451581954956,1.0480085611343384,2,14,massa,sauber,3,1,6
22,2002,4,37,0.8316001892089844,0.9920960267384847,3,2,ralf_schumacher,williams,4,2,9
17,2002,4,37,0.7881460785865784,0.94832311073939,3,3,button,renault,5,3,10
13,2002,4,37,0.8297210335731506,0.9402113854885101,2,0,coulthard,mclaren,6,3,10
16,2002,4,37,0.7940666675567627,0.9349366029103597,3,17,webber,minardi,7,4,10
34,2002,4,37,0.7721368670463562,0.9317864775657654,3,15,villeneuve,bar,8,4,10
21,2002,4,37,0.9270909428596497,0.9270909428596497,1,5,barrichello,ferrari,9,6,9
14,2002,4,37,0.8168201446533203,0.8168201446533203,1,3,trulli,renault,10,9,11
1,2002,4,37,0.6280972361564636,0.7570202648639679,2,14,heidfeld,sauber,11,8,11
48,2002,5,38,1.1724475622177124,1.240221083164215,2,20,frentzen,arrows,1,1,2
30,2002,5,38,1.101623773574829,1.1574541687965394,5,2,montoya,williams,2,1,3
29,2002,5,38,1.0668895244598389,1.1246952533721923,5,5,michael_schumacher,ferrari,3,2,4
12,2002,5,38,1.071014642715454,1.0556772549947102,3,14,massa,sauber,4,3,6
22,2002,5,38,0.9448354840278625,0.9802808910608292,4,2,ralf_schumacher,williams,5,4,9
13,2002,5,38,0.9440626502037048,0.9414951403935751,3,0,coulthard,mclaren,6,4,9
17,2002,5,38,0.9016433358192444,0.9366531670093536,4,3,button,renault,7,4,9
34,2002,5,38,0.8860679268836975,0.9203568398952484,4,15,villeneuve,bar,8,5,9
14,2002,5,38,0.9298329949378967,0.8733265697956085,2,3,trulli,renault,9,6,10
1,2002,5,38,0.7424561977386475,0.7521655758221945,3,14,heidfeld,sauber,10,8,10
65,2002,5,38,-1.2429466247558594,-1.1091723442077637,2,6,mcnish,toyota,11,11,12
62,2002,5,38,-1.3459535837173462,-1.2489804029464722,4,6,salo,toyota,12,11,12
48,2002,6,39,1.2106093168258667,1.2303504943847656,3,20,frentzen,arrows,1,1,2
30,2002,6,39,1.1417491436004639,1.1548366645971935,6,2,montoya,williams,2,1,3
29,2002,6,39,1.1062840223312378,1.1216267148653667,6,5,michael_schumacher,ferrari,3,2,4
21,2002,6,39,1.0838630199432373,1.0054769814014435,2,5,barrichello,ferrari,4,3,9
22,2002,6,39,0.9840933680534363,0.9810433864593506,5,2,ralf_schumacher,williams,5,4,9
13,2002,6,39,0.9842775464057922,0.9521907418966293,4,0,coulthard,mclaren,6,4,9
16,2002,6,39,0.948927104473114,0.9384342283010483,4,17,webber,minardi,7,4,9
17,2002,6,39,0.9411279559135437,0.9375481247901917,5,3,button,renault,8,4,9
34,2002,6,39,0.9259276390075684,0.9214709997177124,5,15,villeneuve,bar,9,5,9
20,2002,6,39,-0.6542118787765503,-0.6076114475727081,2,16,fisichella,jordan,10,10,10
65,2002,6,39,-1.2086822986602783,-1.1423423290252686,3,6,mcnish,toyota,11,11,11
62,2002,6,39,-1.309870958328247,-1.2611585140228272,5,6,salo,toyota,12,12,12
48,2002,7,40,1.2120198011398315,1.225767821073532,4,20,frentzen,arrows,1,1,1
55,2002,7,40,1.072394609451294,1.1215530236562092,3,18,irvine,jaguar,2,2,3
29,2002,7,40,1.1087607145309448,1.119788714817592,7,5,michael_schumacher,ferrari,3,2,4
21,2002,7,40,1.0867691040039062,1.0325743556022644,3,5,barrichello,ferrari,4,3,7
22,2002,7,40,0.9864521026611328,0.9819448391596476,6,2,ralf_schumacher,williams,5,4,8
13,2002,7,40,0.987464189529419,0.9592454314231873,5,0,coulthard,mclaren,6,5,8
16,2002,7,40,0.9501800537109375,0.9407833933830261,5,17,webber,minardi,7,5,8
14,2002,7,40,0.9720766544342041,0.9062432646751404,3,3,trulli,renault,8,5,8
1,2002,7,40,0.7858643531799316,0.7605902701616287,4,14,heidfeld,sauber,9,9,9
20,2002,7,40,-0.65343177318573,-0.6228848894437155,3,16,fisichella,jordan,10,10,10
36,2002,7,40,-1.1572612524032593,-1.096038430929184,4,18,rosa,jaguar,11,11,11
58,2002,7,40,-1.2734709978103638,-1.2734709978103638,1,20,bernoldi,arrows,12,12,12
48,2002,8,41,1.1793228387832642,1.2164788246154785,5,20,frentzen,arrows,1,1,2
7,2002,8,41,1.0965425968170166,1.1660828193028767,3,0,raikkonen,mclaren,2,1,3
29,2002,8,41,1.0769859552383423,1.1144383698701859,8,5,michael_schumacher,ferrari,3,2,4
12,2002,8,41,1.0817369222640991,1.0621921718120575,4,14,massa,sauber,4,3,6
21,2002,8,41,1.055365800857544,1.0382722169160843,4,5,barrichello,ferrari,5,4,7
22,2002,8,41,0.9545754194259644,0.9780349220548358,7,2,ralf_schumacher,williams,6,5,10
13,2002,8,41,0.9563034772872925,0.9587551057338715,6,0,coulthard,mclaren,7,5,10
16,2002,8,41,0.9173464775085449,0.9368772407372793,6,17,webber,minardi,8,6,10
17,2002,8,41,0.9123716950416565,0.9333520531654358,6,3,button,renault,9,6,10
14,2002,8,41,0.9399228096008301,0.9146631509065628,4,3,trulli,renault,10,7,10
1,2002,8,41,0.7547177076339722,0.7594157576560974,5,14,heidfeld,sauber,11,11,12
43,2002,8,41,0.7401238679885864,0.7401238679885864,1,15,panis,bar,12,11,12
20,2002,8,41,-0.6866739988327026,-0.6388321667909622,4,16,fisichella,jordan,13,13,13
10,2002,8,41,-1.217890977859497,-1.103249450524648,3,16,sato,jordan,14,14,15
61,2002,8,41,-1.2241506576538086,-1.1535752216974895,3,17,yoong,minardi,15,14,15
48,2002,9,42,1.2285573482513428,1.2184919118881226,6,20,frentzen,arrows,1,1,1
7,2002,9,42,1.1453540325164795,1.1609006226062775,4,0,raikkonen,mclaren,2,2,3
29,2002,9,42,1.1270182132720947,1.1158361302481756,9,5,michael_schumacher,ferrari,3,2,4
12,2002,9,42,1.1311454772949219,1.0759828329086303,5,14,massa,sauber,4,3,5
21,2002,9,42,1.1057193279266357,1.0517616391181945,5,5,barrichello,ferrari,5,4,6
22,2002,9,42,1.0045193433761597,0.9813454747200012,8,2,ralf_schumacher,williams,6,5,9
16,2002,9,42,0.9664629697799683,0.9411037734576634,7,17,webber,minardi,7,6,10
17,2002,9,42,0.9624089598655701,0.9375030398368835,7,3,button,renault,8,6,10
14,2002,9,42,0.9896271228790283,0.9296559453010559,5,3,trulli,renault,9,6,10
34,2002,9,42,0.9493383765220642,0.9261155625184377,6,15,villeneuve,bar,10,6,10
1,2002,9,42,0.8052933216094971,0.7670620183149973,6,14,heidfeld,sauber,11,11,12
43,2002,9,42,0.7892897129058838,0.7647067904472351,2,15,panis,bar,12,11,12
36,2002,9,42,-1.140196681022644,-1.104870080947876,5,18,rosa,jaguar,13,13,15
10,2002,9,42,-1.1730372905731201,-1.120696410536766,4,16,sato,jordan,14,13,15
65,2002,9,42,-1.190111517906189,-1.1542846262454987,4,6,mcnish,toyota,15,13,15
58,2002,9,42,-1.2546377182006836,-1.2640543580055237,2,20,bernoldi,arrows,16,16,16
30,2002,10,43,1.0907423496246338,1.1456803338868278,7,2,montoya,williams,1,1,3
29,2002,10,43,1.0531377792358398,1.109566295146942,10,5,michael_schumacher,ferrari,2,1,3
12,2002,10,43,1.0567255020141602,1.072773277759552,6,14,massa,sauber,3,1,4
21,2002,10,43,1.0321170091629028,1.0484875341256459,6,5,barrichello,ferrari,4,3,4
22,2002,10,43,0.9305627346038818,0.9757029480404324,9,2,ralf_schumacher,williams,5,5,8
13,2002,10,43,0.9322194457054138,0.9549642971583775,7,0,coulthard,mclaren,6,5,8
17,2002,10,43,0.8885328769683838,0.9313817694783211,8,3,button,renault,7,5,8
34,2002,10,43,0.8754993081092834,0.9188846690314156,7,15,villeneuve,bar,8,5,8
1,2002,10,43,0.7318829298019409,0.7620364342417035,7,14,heidfeld,sauber,9,9,10
43,2002,10,43,0.7146597504615784,0.7480244437853495,3,15,panis,bar,10,9,10
20,2002,10,43,-0.7125586867332458,-0.653577470779419,5,16,fisichella,jordan,11,11,11
36,2002,10,43,-1.216919183731079,-1.1235449314117432,6,18,rosa,jaguar,12,12,12
7,2002,11,44,1.1591622829437256,1.1605529546737672,5,0,raikkonen,mclaren,1,1,3
30,2002,11,44,1.1771347522735596,1.1496121361851692,8,2,montoya,williams,2,1,3
29,2002,11,44,1.1391868591308594,1.1122590736909346,11,5,michael_schumacher,ferrari,3,2,3
22,2002,11,44,1.0165455341339111,0.9797872066497803,10,2,ralf_schumacher,williams,4,4,6
13,2002,11,44,1.0188313722610474,0.9629476815462112,8,0,coulthard,mclaren,5,4,7
16,2002,11,44,0.9805350303649902,0.9460326805710793,8,17,webber,minardi,6,4,7
17,2002,11,44,0.9745855331420898,0.9361821876631843,9,3,button,renault,7,4,7
1,2002,11,44,0.8183384537696838,0.7690741866827011,8,14,heidfeld,sauber,8,8,8
36,2002,11,44,-1.1333284378051758,-1.1249425751822335,7,18,rosa,jaguar,9,9,11
61,2002,11,44,-1.162093162536621,-1.1557047069072723,4,17,yoong,minardi,10,9,11
65,2002,11,44,-1.179392695426941,-1.159306240081787,5,6,mcnish,toyota,11,9,11
30,2002,12,45,1.1395823955535889,1.148497720559438,9,2,montoya,williams,1,1,2
29,2002,12,45,1.1013373136520386,1.1113489270210266,12,5,michael_schumacher,ferrari,2,1,3
12,2002,12,45,1.1027965545654297,1.0770623173032488,7,14,massa,sauber,3,2,4
21,2002,12,45,1.0788949728012085,1.0528314539364405,7,5,barrichello,ferrari,4,3,4
22,2002,12,45,0.9786390066146851,0.979682824828408,11,2,ralf_schumacher,williams,5,5,6
13,2002,12,45,0.981468915939331,0.9650055964787801,9,0,coulthard,mclaren,6,5,6
1,2002,12,45,0.7808405756950378,0.7703815632396274,9,14,heidfeld,sauber,7,7,7
10,2002,12,45,-1.2021636962890625,-1.1369898676872254,5,16,sato,jordan,8,8,8
62,2002,12,45,-1.3151416778564453,-1.270155707995097,6,6,salo,toyota,9,9,9
7,2002,13,46,1.1803910732269287,1.1638593077659607,6,0,raikkonen,mclaren,1,1,2
30,2002,13,46,1.1998543739318848,1.1536333858966827,10,2,montoya,williams,2,1,3
29,2002,13,46,1.1613521575927734,1.1151953293726995,13,5,michael_schumacher,ferrari,3,2,4
12,2002,13,46,1.1626319885253906,1.0877585262060165,8,14,massa,sauber,4,3,5
21,2002,13,46,1.1393423080444336,1.0636453106999397,8,5,barrichello,ferrari,5,3,5
22,2002,13,46,1.038604497909546,0.9845929642518362,12,2,ralf_schumacher,williams,6,6,8
13,2002,13,46,1.0419050455093384,0.9726955413818359,10,0,coulthard,mclaren,7,6,9
16,2002,13,46,1.001991868019104,0.9522503680653043,9,17,webber,minardi,8,6,9
14,2002,13,46,1.0250518321990967,0.9455552597840627,6,3,trulli,renault,9,6,9
1,2002,13,46,0.8411597013473511,0.7774593770503998,10,14,heidfeld,sauber,10,10,11
43,2002,13,46,0.8209044933319092,0.7662444561719894,4,15,panis,bar,11,10,11
20,2002,13,46,-0.6066601276397705,-0.6457579135894775,6,16,fisichella,jordan,12,12,12
36,2002,13,46,-1.112949013710022,-1.123443379998207,8,18,rosa,jaguar,13,13,15
10,2002,13,46,-1.146162986755371,-1.1385187208652496,6,16,sato,jordan,14,13,15
65,2002,13,46,-1.1608364582061768,-1.159561276435852,6,6,mcnish,toyota,15,13,15
62,2002,13,46,-1.257947564125061,-1.2684116874422346,7,6,salo,toyota,16,16,16
30,2002,14,47,1.1731756925582886,1.155409959229556,11,2,montoya,williams,1,1,3
29,2002,14,47,1.134451150894165,1.1165707451956612,14,5,michael_schumacher,ferrari,2,1,4
55,2002,14,47,1.0965181589126587,1.1152943074703217,4,18,irvine,jaguar,3,1,3
21,2002,14,47,1.1128151416778564,1.0691086252530415,9,5,barrichello,ferrari,4,3,4
22,2002,14,47,1.0116608142852783,0.9866751065621009,13,2,ralf_schumacher,williams,5,5,6
13,2002,14,47,1.0153684616088867,0.9765748977661133,11,0,coulthard,mclaren,6,5,7
34,2002,14,47,0.9531056880950928,0.9231622964143753,8,15,villeneuve,bar,7,6,7
1,2002,14,47,0.8145217895507812,0.7808286872777072,11,14,heidfeld,sauber,8,8,9
43,2002,14,47,0.7936211824417114,0.7717198014259339,5,15,panis,bar,9,8,9
10,2002,14,47,-1.1765363216400146,-1.143949806690216,7,16,sato,jordan,10,10,11
65,2002,14,47,-1.191199779510498,-1.164081062589373,7,6,mcnish,toyota,11,10,11
62,2002,14,47,-1.2872886657714844,-1.2707713097333908,8,6,salo,toyota,12,12,12
29,2002,15,48,1.1681993007659912,1.12001264890035,15,5,michael_schumacher,ferrari,1,1,2
55,2002,15,48,1.1289151906967163,1.1180184841156007,5,18,irvine,jaguar,2,1,2
21,2002,15,48,1.1468868255615234,1.0768864452838898,10,5,barrichello,ferrari,3,2,3
13,2002,15,48,1.0494318008422852,0.9826463063557943,12,0,coulthard,mclaren,4,4,6
14,2002,15,48,1.0306929349899292,0.9577177848134723,7,3,trulli,renault,5,4,7
17,2002,15,48,1.000745415687561,0.942638510465622,10,3,button,renault,6,4,7
34,2002,15,48,0.9873899221420288,0.9302986992730035,9,15,villeneuve,bar,7,5,7
1,2002,15,48,0.8484975695610046,0.7864677608013153,12,14,heidfeld,sauber,8,8,9
43,2002,15,48,0.8270384669303894,0.7809395790100098,6,15,panis,bar,9,8,9
20,2002,15,48,-0.6012698411941528,-0.6394024746758598,7,16,fisichella,jordan,10,10,10
10,2002,15,48,-1.14579176902771,-1.1441800519824028,8,16,sato,jordan,11,11,12
61,2002,15,48,-1.137988805770874,-1.1521615266799927,5,17,yoong,minardi,12,11,12
62,2002,15,48,-1.2556512355804443,-1.2690913014941745,9,6,salo,toyota,13,13,13
48,2002,16,49,1.2181979417800903,1.2184499161584037,7,14,frentzen,sauber,1,1,1
30,2002,16,49,1.1580878496170044,1.1556331167618434,12,2,montoya,williams,2,2,3
29,2002,16,49,1.121325135231018,1.1200946792960167,16,5,michael_schumacher,ferrari,3,2,5
55,2002,16,49,1.0808721780776978,1.1118274331092834,6,18,irvine,jaguar,4,3,5
21,2002,16,49,1.1002925634384155,1.0790142742070286,11,5,barrichello,ferrari,5,4,5
22,2002,16,49,0.9963436126708984,0.9873657141413007,14,2,ralf_schumacher,williams,6,6,8
13,2002,16,49,1.0028302669525146,0.9841989187093881,13,0,coulthard,mclaren,7,6,9
14,2002,16,49,0.9835507273674011,0.9609469026327133,8,3,trulli,renault,8,6,10
17,2002,16,49,0.9542595744132996,0.9436949708245017,11,3,button,renault,9,7,10
34,2002,16,49,0.9409794807434082,0.9313667774200439,10,15,villeneuve,bar,10,8,10
1,2002,16,49,0.8018202781677246,0.7876487236756545,13,14,heidfeld,sauber,11,11,12
43,2002,16,49,0.7798781394958496,0.7807879447937012,7,15,panis,bar,12,11,12
20,2002,16,49,-0.6486290693283081,-0.6405557990074158,8,16,fisichella,jordan,13,13,13
10,2002,16,49,-1.1952638626098633,-1.1498560309410095,9,16,sato,jordan,14,14,15
65,2002,16,49,-1.2094749212265015,-1.169755294919014,8,6,mcnish,toyota,15,14,15
62,2002,16,49,-1.3043510913848877,-1.2726172804832458,10,6,salo,toyota,16,16,16
7,2002,17,50,1.0922825336456299,1.153634054320199,7,0,raikkonen,mclaren,1,1,3
30,2002,17,50,1.1142007112503052,1.1524460086455712,13,2,montoya,williams,2,1,3
29,2002,17,50,1.0769808292388916,1.1175585704691269,17,5,michael_schumacher,ferrari,3,2,4
55,2002,17,50,1.0355167388916016,1.1009259053639002,7,18,irvine,jaguar,4,3,5
21,2002,17,50,1.0561902523040771,1.0771122723817825,12,5,barrichello,ferrari,5,4,5
22,2002,17,50,0.9522579908370972,0.9850251992543538,15,2,ralf_schumacher,williams,6,6,7
16,2002,17,50,0.9140806794166565,0.9484333992004395,10,17,webber,minardi,7,6,8
17,2002,17,50,0.9102512001991272,0.9409079899390539,12,3,button,renault,8,6,8
1,2002,17,50,0.7576462030410767,0.7855056864874703,14,14,heidfeld,sauber,9,9,9
10,2002,17,50,-1.241855502128601,-1.1590559780597687,10,16,sato,jordan,10,10,10
62,2002,17,50,-1.350274682044983,-1.2796770442615857,11,6,salo,toyota,11,11,11
48,2003,1,51,1.1076276302337646,1.1076276302337646,1,14,frentzen,sauber,1,1,1
30,2003,1,51,1.0461536645889282,1.0461536645889282,1,2,montoya,williams,2,2,2
7,2003,1,51,1.0231937170028687,1.0231937170028687,1,0,raikkonen,mclaren,3,3,3
29,2003,1,51,1.0085382461547852,1.0085382461547852,1,5,michael_schumacher,ferrari,4,4,4
13,2003,1,51,0.892555832862854,0.892555832862854,1,0,coulthard,mclaren,5,5,5
22,2003,1,51,0.8840394616127014,0.8840394616127014,1,2,ralf_schumacher,williams,6,6,6
14,2003,1,51,0.872808575630188,0.872808575630188,1,3,trulli,renault,7,7,7
17,2003,1,51,0.8420991897583008,0.8420991897583008,1,15,button,bar,8,8,8
34,2003,1,51,0.830870509147644,0.830870509147644,1,15,villeneuve,bar,9,9,9
3,2003,1,51,0.6501727104187012,0.6501727104187012,1,3,alonso,renault,10,10,10
49,2003,1,51,-1.3851345777511597,-1.3851345777511597,1,17,verstappen,minardi,11,11,11
48,2003,2,52,1.1719622611999512,1.139794945716858,2,14,frentzen,sauber,1,1,2
30,2003,2,52,1.1111894845962524,1.0786715745925903,2,2,montoya,williams,2,1,5
21,2003,2,52,1.0575973987579346,1.0575973987579346,1,5,barrichello,ferrari,3,2,5
7,2003,2,52,1.0873284339904785,1.0552610754966736,2,0,raikkonen,mclaren,4,2,5
29,2003,2,52,1.0732320547103882,1.0408851504325867,2,5,michael_schumacher,ferrari,5,2,5
22,2003,2,52,0.9489268660545349,0.9164831638336182,2,2,ralf_schumacher,williams,6,6,8
14,2003,2,52,0.9369944334030151,0.9049015045166016,2,3,trulli,renault,7,6,8
17,2003,2,52,0.9070441722869873,0.874571681022644,2,15,button,bar,8,6,8
1,2003,2,52,0.7589915990829468,0.7589915990829468,1,14,heidfeld,sauber,9,9,9
3,2003,2,52,0.7140960693359375,0.6821343898773193,2,3,alonso,renault,10,10,10
42,2003,2,52,-0.04878649115562439,-0.04878649115562439,1,6,matta,toyota,11,11,11
51,2003,2,52,-1.0202248096466064,-1.0202248096466064,1,16,firman,jordan,12,12,12
49,2003,2,52,-1.322821855545044,-1.3539782166481018,2,17,verstappen,minardi,13,13,13
48,2003,3,53,1.132319450378418,1.137303113937378,3,14,frentzen,sauber,1,1,1
7,2003,3,53,1.0475130081176758,1.052678386370341,3,0,raikkonen,mclaren,2,2,2
22,2003,3,53,0.9097626209259033,0.9142429828643799,3,2,ralf_schumacher,williams,3,3,5
13,2003,3,53,0.9189596772193909,0.9057577550411224,2,0,coulthard,mclaren,4,3,5
14,2003,3,53,0.8972233533859253,0.9023421208063761,3,3,trulli,renault,5,3,6
16,2003,3,53,0.8766164779663086,0.8766164779663086,1,18,webber,jaguar,6,5,6
34,2003,3,53,0.8574172854423523,0.8441438972949982,2,15,villeneuve,bar,7,7,7
3,2003,3,53,0.6740978956222534,0.679455558458964,3,3,alonso,renault,8,8,8
42,2003,3,53,-0.14858663082122803,-0.09868656098842621,2,6,matta,toyota,9,9,9
20,2003,3,53,-0.7281051278114319,-0.7281051278114319,1,16,fisichella,jordan,10,10,10
48,2003,4,54,1.1183338165283203,1.1325607895851135,4,14,frentzen,sauber,1,1,1
30,2003,4,54,1.0611456632614136,1.0728296041488647,3,2,montoya,williams,2,2,4
7,2003,4,54,1.0333778858184814,1.047853261232376,4,0,raikkonen,mclaren,3,2,5
29,2003,4,54,1.0228923559188843,1.0348875522613525,3,5,michael_schumacher,ferrari,4,2,5
21,2003,4,54,1.0067710876464844,1.0321842432022095,2,5,barrichello,ferrari,5,2,5
22,2003,4,54,0.8961906433105469,0.9097298979759216,4,2,ralf_schumacher,williams,6,6,8
13,2003,4,54,0.904998779296875,0.9055047631263733,3,0,coulthard,mclaren,7,6,8
14,2003,4,54,0.8831263780593872,0.8975381851196289,4,3,trulli,renault,8,6,9
17,2003,4,54,0.856921911239624,0.8686884244283041,3,15,button,bar,9,7,9
1,2003,4,54,0.7081115245819092,0.733551561832428,2,14,heidfeld,sauber,10,10,10
43,2003,4,54,0.6895663738250732,0.6895663738250732,1,6,panis,toyota,11,11,12
3,2003,4,54,0.6598045825958252,0.6745428144931793,4,3,alonso,renault,12,11,12
41,2003,4,54,0.05037471652030945,0.05037471652030945,1,18,pizzonia,jaguar,13,13,13
42,2003,4,54,-0.16223713755607605,-0.11987008651097615,3,6,matta,toyota,14,14,14
20,2003,4,54,-0.7433147430419922,-0.735709935426712,2,16,fisichella,jordan,15,15,15
30,2003,5,55,1.1971869468688965,1.1039189398288727,4,2,montoya,williams,1,1,3
21,2003,5,55,1.1421352624893188,1.0688345829645793,3,5,barrichello,ferrari,2,1,3
29,2003,5,55,1.158677577972412,1.0658350586891174,4,5,michael_schumacher,ferrari,3,1,3
16,2003,5,55,1.0006554126739502,0.9386359453201294,2,18,webber,jaguar,4,4,6
22,2003,5,55,1.0324668884277344,0.9342772960662842,5,2,ralf_schumacher,williams,5,4,6
17,2003,5,55,0.9928951859474182,0.8997401148080826,4,15,button,bar,6,4,6
1,2003,5,55,0.8434292674064636,0.7701774636904398,3,14,heidfeld,sauber,7,7,7
3,2003,5,55,0.7954568266868591,0.6987256169319153,5,3,alonso,renault,8,8,8
42,2003,5,55,-0.02602885663509369,-0.09640977904200554,4,6,matta,toyota,9,9,9
51,2003,5,55,-1.0891871452331543,-1.0547059774398804,2,16,firman,jordan,10,10,10
50,2003,5,55,-1.158353328704834,-1.158353328704834,1,17,wilson,minardi,11,11,11
49,2003,5,55,-1.2362316846847534,-1.314729372660319,3,17,verstappen,minardi,12,12,12
29,2003,6,56,1.1052565574645996,1.073719358444214,5,5,michael_schumacher,ferrari,1,1,3
21,2003,6,56,1.0883500576019287,1.0737134516239166,4,5,barrichello,ferrari,2,1,3
7,2003,6,56,1.1122630834579468,1.0607352256774902,5,0,raikkonen,mclaren,3,1,3
22,2003,6,56,0.9794706106185913,0.9418095151583353,6,2,ralf_schumacher,williams,4,4,8
16,2003,6,56,0.9461002349853516,0.9411240418752035,3,18,webber,jaguar,5,4,8
13,2003,6,56,0.9840346574783325,0.9251372367143631,4,0,coulthard,mclaren,6,4,8
14,2003,6,56,0.9620447158813477,0.9104394912719727,5,3,trulli,renault,7,5,9
17,2003,6,56,0.9396368265151978,0.9077194571495056,5,15,button,bar,8,4,9
34,2003,6,56,0.9256657361984253,0.8713178435961405,3,15,villeneuve,bar,9,6,9
41,2003,6,56,0.0709240585565567,0.060649387538433075,2,18,pizzonia,jaguar,10,10,10
42,2003,6,56,-0.07908396422863007,-0.09294461607933044,5,6,matta,toyota,11,11,11
51,2003,6,56,-1.1444315910339355,-1.0846145153045654,3,16,firman,jordan,12,12,12
50,2003,6,56,-1.369868516921997,-1.2641109228134155,2,17,wilson,minardi,13,13,13
30,2003,7,57,1.1114542484283447,1.1054260015487671,5,2,montoya,williams,1,1,3
29,2003,7,57,1.0731754302978516,1.0736287037531536,6,5,michael_schumacher,ferrari,2,1,4
21,2003,7,57,1.0559539794921875,1.070161557197571,5,5,barrichello,ferrari,3,1,4
7,2003,7,57,1.080655574798584,1.0640552838643391,6,0,raikkonen,mclaren,4,1,4
22,2003,7,57,0.9477570056915283,0.9426591566630772,7,2,ralf_schumacher,williams,5,5,7
13,2003,7,57,0.9525576829910278,0.930621325969696,5,0,coulthard,mclaren,6,5,7
14,2003,7,57,0.930465817451477,0.91377721230189,6,3,trulli,renault,7,6,7
1,2003,7,57,0.757070779800415,0.7669007927179337,4,14,heidfeld,sauber,8,8,9
43,2003,7,57,0.7345709204673767,0.712068647146225,2,6,panis,toyota,9,8,10
3,2003,7,57,0.7093878388404846,0.7005026539166769,6,3,alonso,renault,10,8,10
42,2003,7,57,-0.11084839701652527,-0.09592857956886292,6,6,matta,toyota,11,11,11
20,2003,7,57,-0.6978919506072998,-0.723103940486908,3,16,fisichella,jordan,12,12,12
51,2003,7,57,-1.1780898571014404,-1.1079833507537842,4,16,firman,jordan,13,13,13
30,2003,8,58,1.110916256904602,1.106341044108073,6,2,montoya,williams,1,1,3
29,2003,8,58,1.0723848342895508,1.073451008115496,7,5,michael_schumacher,ferrari,2,1,4
21,2003,8,58,1.0548908710479736,1.0676164428393047,6,5,barrichello,ferrari,3,1,4
7,2003,8,58,1.0802747011184692,1.066372343472072,7,0,raikkonen,mclaren,4,2,4
22,2003,8,58,0.9472842216491699,0.9432372897863388,8,2,ralf_schumacher,williams,5,5,6
16,2003,8,58,0.9133205413818359,0.9341731667518616,4,18,webber,jaguar,6,5,6
43,2003,8,58,0.7331490516662598,0.7190954486529032,3,6,panis,toyota,7,7,8
3,2003,8,58,0.7085588574409485,0.7016535401344299,7,3,alonso,renault,8,7,8
41,2003,8,58,0.04144434630870819,0.05424770712852478,3,18,pizzonia,jaguar,9,9,9
42,2003,8,58,-0.1113651692867279,-0.09813380667141505,7,6,matta,toyota,10,10,10
49,2003,8,58,-1.3241174221038818,-1.3170763850212097,4,17,verstappen,minardi,11,11,11
48,2003,9,59,1.2424176931381226,1.1545321702957154,5,14,frentzen,sauber,1,1,2
30,2003,9,59,1.1875391006469727,1.1179407664707728,7,2,montoya,williams,2,1,4
29,2003,9,59,1.1487892866134644,1.082868292927742,8,5,michael_schumacher,ferrari,3,2,4
21,2003,9,59,1.1310596466064453,1.076679757663182,7,5,barrichello,ferrari,4,2,4
22,2003,9,59,1.0239636898040771,0.9522068897883097,9,2,ralf_schumacher,williams,5,5,8
13,2003,9,59,1.0296094417572021,0.9471193452676138,6,0,coulthard,mclaren,6,5,8
16,2003,9,59,0.9887316226959229,0.9450848579406739,5,18,webber,jaguar,7,5,8
17,2003,9,59,0.9852988719940186,0.9206493596235911,6,15,button,bar,8,5,8
1,2003,9,59,0.8333114385604858,0.7801829218864441,5,14,heidfeld,sauber,9,9,9
3,2003,9,59,0.7849301099777222,0.7120631113648415,8,3,alonso,renault,10,10,10
41,2003,9,59,0.11970974504947662,0.07061321660876274,4,18,pizzonia,jaguar,11,11,11
20,2003,9,59,-0.6216320395469666,-0.6977359652519226,4,16,fisichella,jordan,12,12,12
51,2003,9,59,-1.1029248237609863,-1.1069716453552245,5,16,firman,jordan,13,13,13
50,2003,9,59,-1.3296788930892944,-1.2859669129053752,3,17,wilson,minardi,14,14,15
49,2003,9,59,-1.2497119903564453,-1.303603506088257,5,17,verstappen,minardi,15,14,15
48,2003,10,60,1.2169742584228516,1.1649391849835713,6,14,frentzen,sauber,1,1,2
30,2003,10,60,1.1619067192077637,1.1234365105628967,8,2,montoya,williams,2,1,3
29,2003,10,60,1.122968077659607,1.087323824564616,9,5,michael_schumacher,ferrari,3,2,5
21,2003,10,60,1.1050344705581665,1.080224096775055,8,5,barrichello,ferrari,4,2,5
7,2003,10,60,1.1285245418548584,1.0741413682699203,8,0,raikkonen,mclaren,5,3,5
22,2003,10,60,0.998380184173584,0.9568242192268371,10,2,ralf_schumacher,williams,6,6,8
13,2003,10,60,1.0041165351867676,0.95526180097035,7,0,coulthard,mclaren,7,6,8
16,2003,10,60,0.9620510339736938,0.9479125539461771,6,18,webber,jaguar,8,6,8
34,2003,10,60,0.9429776072502136,0.8892327845096588,4,15,villeneuve,bar,9,8,9
1,2003,10,60,0.8071168661117554,0.7846719125906626,6,14,heidfeld,sauber,10,10,10
43,2003,10,60,0.7804986238479614,0.7344462424516678,4,6,panis,toyota,11,11,11
41,2003,10,60,0.09549817442893982,0.07559020817279816,5,18,pizzonia,jaguar,12,12,12
42,2003,10,60,-0.06323263794183731,-0.09377116058021784,8,6,matta,toyota,13,13,13
51,2003,10,60,-1.1300498247146606,-1.1108180085817974,6,16,firman,jordan,14,14,14
49,2003,10,60,-1.2772624492645264,-1.2992133299509685,6,17,verstappen,minardi,15,15,16
50,2003,10,60,-1.3603805303573608,-1.3045703172683716,4,17,wilson,minardi,16,15,16
48,2003,11,61,1.191199779510498,1.1686906984874181,7,14,frentzen,sauber,1,1,2
30,2003,11,61,1.1359686851501465,1.1248289744059246,9,2,montoya,williams,2,1,3
29,2003,11,61,1.096866488456726,1.088278090953827,10,5,michael_schumacher,ferrari,3,2,5
21,2003,11,61,1.07875657081604,1.0800610383351643,9,5,barrichello,ferrari,4,3,5
7,2003,11,61,1.1030924320220947,1.077358153131273,9,0,raikkonen,mclaren,5,3,5
22,2003,11,61,0.9724842309951782,0.9582478566603227,11,2,ralf_schumacher,williams,6,6,8
13,2003,11,61,0.9782989025115967,0.9581414386630058,8,0,coulthard,mclaren,7,6,9
16,2003,11,61,0.9352062940597534,0.9460973739624023,7,18,webber,jaguar,8,6,10
17,2003,11,61,0.932187557220459,0.9222976735660008,7,15,button,bar,9,7,11
14,2003,11,61,0.951777458190918,0.9192058188574654,7,3,trulli,renault,10,8,11
34,2003,11,61,0.9172292947769165,0.8948320865631103,5,15,villeneuve,bar,11,9,11
1,2003,11,61,0.7806923389434814,0.7841034020696368,7,14,heidfeld,sauber,12,12,12
43,2003,11,61,0.754287600517273,0.7384145140647889,5,6,panis,toyota,13,13,13
42,2003,11,61,-0.0887664332985878,-0.09321507977114783,9,6,matta,toyota,14,14,14
51,2003,11,61,-1.1572788953781128,-1.117455278124128,7,16,firman,jordan,15,15,15
49,2003,11,61,-1.3048597574234009,-1.30001996244703,7,17,verstappen,minardi,16,16,17
50,2003,11,61,-1.3907036781311035,-1.321796989440918,5,17,wilson,minardi,17,16,17
30,2003,12,62,1.120869755744934,1.1244330525398254,10,2,montoya,williams,1,1,1
29,2003,12,62,1.081626296043396,1.087673382325606,11,5,michael_schumacher,ferrari,2,2,2
13,2003,12,62,0.9633042812347412,0.9587150878376431,9,0,coulthard,mclaren,3,3,5
16,2003,12,62,0.9193230271339417,0.9427505806088448,8,18,webber,jaguar,4,3,6
17,2003,12,62,0.9169609546661377,0.9216305837035179,8,15,button,bar,5,3,7
14,2003,12,62,0.9372926950454712,0.9214666783809662,8,3,trulli,renault,6,4,7
34,2003,12,62,0.9022945761680603,0.896075834830602,6,15,villeneuve,bar,7,5,7
1,2003,12,62,0.7651727199554443,0.7817370668053627,8,14,heidfeld,sauber,8,8,8
43,2003,12,62,0.7389526963233948,0.7385042111078898,6,6,panis,toyota,9,9,10
3,2003,12,62,0.7170165777206421,0.712613496515486,9,3,alonso,renault,10,9,10
42,2003,12,62,-0.10351565480232239,-0.09424513727426528,10,6,matta,toyota,11,11,11
20,2003,12,62,-0.6898732781410217,-0.6961634278297424,5,16,fisichella,jordan,12,12,12
52,2003,12,62,-1.0859925746917725,-1.0859925746917725,1,17,kiesa,minardi,13,13,13
30,2003,13,63,1.1302642822265625,1.1249631643295288,11,2,montoya,williams,1,1,2
29,2003,13,63,1.0908985137939453,1.0879421432813008,12,5,michael_schumacher,ferrari,2,1,3
7,2003,13,63,1.098651647567749,1.0794875025749207,10,0,raikkonen,mclaren,3,2,3
13,2003,13,63,0.9727890491485596,0.9601224839687348,10,0,coulthard,mclaren,4,4,7
22,2003,13,63,0.967642605304718,0.959030752380689,12,2,ralf_schumacher,williams,5,4,6
16,2003,13,63,0.9280390739440918,0.9411159687572055,9,18,webber,jaguar,6,4,8
14,2003,13,63,0.9472184777259827,0.9243279894193014,9,3,trulli,renault,7,6,8
17,2003,13,63,0.9262450337409973,0.922143300374349,9,15,button,bar,8,5,8
1,2003,13,63,0.7742033004760742,0.7808999816576639,9,14,heidfeld,sauber,9,9,9
3,2003,13,63,0.7263614535331726,0.7139882922172547,10,3,alonso,renault,10,10,10
42,2003,13,63,-0.09381864964962006,-0.09420636567202481,11,6,matta,toyota,11,11,11
52,2003,13,63,-1.2396283149719238,-1.1628104448318481,2,17,kiesa,minardi,12,12,12
49,2003,13,63,-1.3111732006072998,-1.301414117217064,8,17,verstappen,minardi,13,13,13
48,2003,14,64,1.2443971633911133,1.17815400660038,8,14,frentzen,sauber,1,1,1
30,2003,14,64,1.187943696975708,1.1302115420500438,12,2,montoya,williams,2,2,3
29,2003,14,64,1.1484721899032593,1.0925983007137592,13,5,michael_schumacher,ferrari,3,3,5
7,2003,14,64,1.1565982103347778,1.0864975669167258,11,0,raikkonen,mclaren,4,3,5
21,2003,14,64,1.1315186023712158,1.0852067947387696,10,5,barrichello,ferrari,5,3,5
16,2003,14,64,0.9851317405700684,0.9455175459384918,10,18,webber,jaguar,6,6,7
34,2003,14,64,0.9697651863098145,0.9066028850419181,7,15,villeneuve,bar,7,6,7
1,2003,14,64,0.8315679430961609,0.7859667778015137,10,14,heidfeld,sauber,8,8,8
3,2003,14,64,0.7839978933334351,0.7203528014096346,11,3,alonso,renault,9,9,9
20,2003,14,64,-0.6228779554367065,-0.6839491824309031,6,16,fisichella,jordan,10,10,10
46,2003,14,64,-1.0565669536590576,-1.0565669536590576,1,16,baumgartner,jordan,11,11,11
47,2003,14,64,-1.164849042892456,-1.164849042892456,1,2,gene,williams,12,12,13
52,2003,14,64,-1.1836920976638794,-1.1697709957758586,3,17,kiesa,minardi,13,12,13
48,2003,15,65,1.3203530311584473,1.193953898217943,9,14,frentzen,sauber,1,1,2
30,2003,15,65,1.263923168182373,1.1404970517525306,13,2,montoya,williams,2,1,3
29,2003,15,65,1.2243602275848389,1.1020098669188363,14,5,michael_schumacher,ferrari,3,2,4
7,2003,15,65,1.2328085899353027,1.098690152168274,12,0,raikkonen,mclaren,4,2,4
14,2003,15,65,1.07895028591156,0.9397902190685272,10,3,trulli,renault,5,5,5
1,2003,15,65,0.9072751998901367,0.7969948161732067,11,14,heidfeld,sauber,6,6,6
42,2003,15,65,0.037715211510658264,-0.08321290090680122,12,6,matta,toyota,7,7,7
20,2003,15,65,-0.5472211837768555,-0.6644166111946106,7,16,fisichella,jordan,8,8,8
52,2003,15,65,-1.1092205047607422,-1.1546333730220795,4,17,kiesa,minardi,9,9,9
49,2003,15,65,-1.1812539100646973,-1.2880629830890231,9,17,verstappen,minardi,10,10,11
50,2003,15,65,-1.2678481340408325,-1.3128055135409038,6,18,wilson,jaguar,11,10,11
29,2003,16,66,1.2100942134857178,1.1092154900232951,15,5,michael_schumacher,ferrari,1,1,3
7,2003,16,66,1.21882164478302,1.107931036215562,13,0,raikkonen,mclaren,2,1,3
21,2003,16,66,1.1875349283218384,1.0945093523372302,11,5,barrichello,ferrari,3,1,3
13,2003,16,66,1.0845763683319092,0.971436473456296,11,0,coulthard,mclaren,4,4,7
22,2003,16,66,1.0792720317840576,0.9682800815655634,13,2,ralf_schumacher,williams,5,4,7
16,2003,16,66,1.0410405397415161,0.9542014544660394,11,18,webber,jaguar,6,4,8
14,2003,16,66,1.0654833316802979,0.9512168656695973,11,3,trulli,renault,7,4,8
17,2003,16,66,1.0378587245941162,0.9337148427963257,10,15,button,bar,8,5,8
1,2003,16,66,0.892852783203125,0.8049829800923666,12,14,heidfeld,sauber,9,9,10
43,2003,16,66,0.8601069450378418,0.7558760302407401,7,6,panis,toyota,10,9,10
42,2003,16,66,0.02407696098089218,-0.07495983460774788,13,6,matta,toyota,11,11,11
51,2003,16,66,-1.0513101816177368,-1.1091871410608292,8,16,firman,jordan,12,12,14
10,2003,16,66,-1.1130285263061523,-1.1130285263061523,1,15,sato,bar,13,12,14
52,2003,16,66,-1.124711513519287,-1.148649001121521,5,17,kiesa,minardi,14,12,14
49,2003,16,66,-1.1962889432907104,-1.278885579109192,10,17,verstappen,minardi,15,15,16
50,2003,16,66,-1.285139560699463,-1.308853234563555,7,18,wilson,jaguar,16,15,16
30,2004,1,67,1.1858363151550293,1.1858363151550293,1,2,montoya,williams,1,1,1
29,2004,1,67,1.1498957872390747,1.1498957872390747,1,5,michael_schumacher,ferrari,2,2,2
21,2004,1,67,1.1277846097946167,1.1277846097946167,1,5,barrichello,ferrari,3,3,3
13,2004,1,67,1.025561809539795,1.025561809539795,1,0,coulthard,mclaren,4,4,4
22,2004,1,67,1.0201208591461182,1.0201208591461182,1,2,ralf_schumacher,williams,5,5,5
14,2004,1,67,1.0059758424758911,1.0059758424758911,1,3,trulli,renault,6,6,6
17,2004,1,67,0.9786942005157471,0.9786942005157471,1,15,button,bar,7,7,7
43,2004,1,67,0.8008139133453369,0.8008139133453369,1,6,panis,toyota,8,8,8
3,2004,1,67,0.7764770984649658,0.7764770984649658,1,3,alonso,renault,9,9,9
42,2004,1,67,-0.03557853400707245,-0.03557853400707245,1,6,matta,toyota,10,10,10
31,2004,1,67,-0.39044269919395447,-0.39044269919395447,1,18,klien,jaguar,11,11,11
20,2004,1,67,-0.6255871653556824,-0.6255871653556824,1,14,fisichella,sauber,12,12,12
44,2004,1,67,-0.7409250736236572,-0.7409250736236572,1,16,pantano,jordan,13,13,13
10,2004,1,67,-1.174592137336731,-1.174592137336731,1,15,sato,bar,14,14,14
30,2004,2,68,1.2529582977294922,1.2193973064422607,2,2,montoya,williams,1,1,3
12,2004,2,68,1.2108943462371826,1.2108943462371826,1,14,massa,sauber,2,1,3
29,2004,2,68,1.216449499130249,1.1831726431846619,2,5,michael_schumacher,ferrari,3,1,4
21,2004,2,68,1.1947261095046997,1.1612553596496582,2,5,barrichello,ferrari,4,2,4
13,2004,2,68,1.0931396484375,1.0593507289886475,2,0,coulthard,mclaren,5,5,7
14,2004,2,68,1.0731275081634521,1.0395516753196716,2,3,trulli,renault,6,5,7
17,2004,2,68,1.0461422204971313,1.0124182105064392,2,15,button,bar,7,5,7
43,2004,2,68,0.8681508898735046,0.8344824016094208,2,6,panis,toyota,8,8,9
3,2004,2,68,0.8442927002906799,0.8103848993778229,2,3,alonso,renault,9,8,9
42,2004,2,68,0.031444914638996124,-0.0020668096840381622,2,6,matta,toyota,10,10,10
31,2004,2,68,-0.406859815120697,-0.39865125715732574,2,18,klien,jaguar,11,11,11
20,2004,2,68,-0.5587066411972046,-0.5921469032764435,2,14,fisichella,sauber,12,12,12
44,2004,2,68,-0.7923904061317444,-0.7666577398777008,2,16,pantano,jordan,13,13,13
45,2004,2,68,-0.9598942995071411,-0.9598942995071411,1,17,bruni,minardi,14,14,14
10,2004,2,68,-1.1092193126678467,-1.1419057250022888,2,15,sato,bar,15,15,16
46,2004,2,68,-1.1474926471710205,-1.1474926471710205,1,17,baumgartner,minardi,16,15,16
30,2004,3,69,1.2037441730499268,1.2141795953114827,3,2,montoya,williams,1,1,2
12,2004,3,69,1.1619563102722168,1.1864253282546997,2,14,massa,sauber,2,1,4
29,2004,3,69,1.1667439937591553,1.177696426709493,3,5,michael_schumacher,ferrari,3,1,4
21,2004,3,69,1.1453557014465332,1.15595547358195,3,5,barrichello,ferrari,4,2,4
14,2004,3,69,1.0239388942718506,1.034347414970398,3,3,trulli,renault,5,5,7
22,2004,3,69,1.0346122980117798,1.027366578578949,2,2,ralf_schumacher,williams,6,5,7
17,2004,3,69,0.9972101449966431,1.007348855336507,3,15,button,bar,7,5,8
16,2004,3,69,0.99445641040802,0.99445641040802,1,18,webber,jaguar,8,7,8
1,2004,3,69,0.8457783460617065,0.8457783460617065,1,16,heidfeld,jordan,9,9,10
43,2004,3,69,0.8191226720809937,0.8293624917666117,3,6,panis,toyota,10,9,11
3,2004,3,69,0.7956784963607788,0.8054827650388082,3,3,alonso,renault,11,10,11
42,2004,3,69,-0.017854467034339905,-0.007329362134138743,3,6,matta,toyota,12,12,12
31,2004,3,69,-0.45808741450309753,-0.4184633096059163,3,18,klien,jaguar,13,13,13
20,2004,3,69,-0.6081297397613525,-0.5974745154380798,3,14,fisichella,sauber,14,14,14
44,2004,3,69,-0.8441438674926758,-0.7924864490826925,3,16,pantano,jordan,15,15,15
45,2004,3,69,-1.1392066478729248,-1.049550473690033,2,17,bruni,minardi,16,16,17
10,2004,3,69,-1.1599464416503906,-1.1479192972183228,3,15,sato,bar,17,16,17
30,2004,4,70,1.1506285667419434,1.198291838169098,4,2,montoya,williams,1,1,3
29,2004,4,70,1.1132032871246338,1.1615731418132782,4,5,michael_schumacher,ferrari,2,1,4
12,2004,4,70,1.1090795993804932,1.1606434186299641,3,14,massa,sauber,3,1,5
21,2004,4,70,1.0921050310134888,1.1399928629398346,4,5,barrichello,ferrari,4,2,5
7,2004,4,70,1.1181442737579346,1.1181442737579346,1,0,raikkonen,mclaren,5,4,5
13,2004,4,70,0.9903405904769897,1.0363473494847615,3,0,coulthard,mclaren,6,6,9
14,2004,4,70,0.9708452820777893,1.0184718817472458,4,3,trulli,renault,7,6,9
22,2004,4,70,0.9822957515716553,1.0123429695765178,3,2,ralf_schumacher,williams,8,6,9
17,2004,4,70,0.9443384408950806,0.9915962517261505,4,15,button,bar,9,6,10
16,2004,4,70,0.9417073726654053,0.9680818915367126,2,18,webber,jaguar,10,9,10
43,2004,4,70,0.7661679983139038,0.8135638684034348,4,6,panis,toyota,11,11,12
3,2004,4,70,0.74308180809021,0.7898825258016586,4,3,alonso,renault,12,11,12
31,2004,4,70,-0.5129446983337402,-0.4420836567878723,4,18,klien,jaguar,13,13,13
20,2004,4,70,-0.6614260673522949,-0.6134624034166336,4,14,fisichella,sauber,14,14,14
10,2004,4,70,-1.2143707275390625,-1.1645321547985077,4,15,sato,bar,15,15,16
46,2004,4,70,-1.2541134357452393,-1.2008030414581299,2,17,baumgartner,minardi,16,15,16
29,2004,5,71,1.07750403881073,1.1447593212127685,5,5,michael_schumacher,ferrari,1,1,3
12,2004,5,71,1.0739548206329346,1.1389712691307068,4,14,massa,sauber,2,1,4
21,2004,5,71,1.0566565990447998,1.1233256101608275,5,5,barrichello,ferrari,3,1,4
7,2004,5,71,1.0831975936889648,1.1006709337234497,2,0,raikkonen,mclaren,4,2,4
13,2004,5,71,0.9554669260978699,1.0161272436380386,4,0,coulthard,mclaren,5,5,8
14,2004,5,71,0.9355331063270569,1.001884126663208,5,3,trulli,renault,6,5,8
22,2004,5,71,0.947655439376831,0.9961710870265961,4,2,ralf_schumacher,williams,7,5,8
17,2004,5,71,0.9092181921005249,0.9751206398010254,5,15,button,bar,8,5,9
16,2004,5,71,0.9066931009292603,0.9476189613342285,3,18,webber,jaguar,9,7,9
3,2004,5,71,0.7081992626190186,0.7735458731651306,5,3,alonso,renault,10,10,10
42,2004,5,71,-0.1046932190656662,-0.03167032636702061,4,6,matta,toyota,11,11,11
20,2004,5,71,-0.6969137191772461,-0.6301526665687561,5,14,fisichella,sauber,12,12,12
10,2004,5,71,-1.250834345817566,-1.1817925930023194,5,15,sato,bar,13,13,13
30,2004,6,72,1.106410026550293,1.179915475845337,5,2,montoya,williams,1,1,2
12,2004,6,72,1.0622771978378296,1.1236324548721313,5,14,massa,sauber,2,1,3
21,2004,6,72,1.0446993112564087,1.110221227010091,6,5,barrichello,ferrari,3,2,3
14,2004,6,72,0.9236933588981628,0.9888523320357004,6,3,trulli,renault,4,4,6
22,2004,6,72,0.9363970160484314,0.9842162728309631,5,2,ralf_schumacher,williams,5,4,6
17,2004,6,72,0.8975445032119751,0.9621912837028503,6,15,button,bar,6,4,6
1,2004,6,72,0.7500686049461365,0.7979234755039215,2,16,heidfeld,jordan,7,7,8
43,2004,6,72,0.7220885157585144,0.7952687978744507,5,6,panis,toyota,8,7,8
42,2004,6,72,-0.11684038490056992,-0.048704338073730466,5,6,matta,toyota,9,9,9
46,2004,6,72,-1.3011798858642578,-1.2342619895935059,3,17,baumgartner,minardi,10,10,10
30,2004,7,73,1.2064244747161865,1.1843336423238118,6,2,montoya,williams,1,1,2
29,2004,7,73,1.1687133312225342,1.1487516562143962,6,5,michael_schumacher,ferrari,2,1,4
12,2004,7,73,1.1628471612930298,1.1301682392756145,6,14,massa,sauber,3,1,4
21,2004,7,73,1.1450272798538208,1.115193520273481,7,5,barrichello,ferrari,4,2,4
14,2004,7,73,1.024122953414917,0.9938909922327314,7,3,trulli,renault,5,5,7
17,2004,7,73,0.9981176853179932,0.9673236267907279,7,15,button,bar,6,5,7
16,2004,7,73,0.9984947443008423,0.960337907075882,4,18,webber,jaguar,7,5,7
1,2004,7,73,0.8498061895370483,0.8152177135149637,3,16,heidfeld,jordan,8,8,10
43,2004,7,73,0.822223424911499,0.7997612357139587,6,6,panis,toyota,9,8,10
3,2004,7,73,0.8001148700714111,0.7779740393161774,6,3,alonso,renault,10,8,10
31,2004,7,73,-0.4552862048149109,-0.44472416639328005,5,18,klien,jaguar,11,11,11
20,2004,7,73,-0.6055216789245605,-0.6260475019613901,6,14,fisichella,sauber,12,12,12
44,2004,7,73,-0.8386088609695435,-0.8040170520544052,4,16,pantano,jordan,13,13,13
45,2004,7,73,-1.1366177797317505,-1.0785729090372722,3,17,bruni,minardi,14,14,14
46,2004,7,73,-1.2036288976669312,-1.2266037166118622,4,17,baumgartner,minardi,15,15,15
29,2004,8,74,1.193885087966919,1.1551992893218994,7,5,michael_schumacher,ferrari,1,1,3
7,2004,8,74,1.1988204717636108,1.1333874464035034,3,0,raikkonen,mclaren,2,1,3
21,2004,8,74,1.1707992553710938,1.1221442371606827,8,5,barrichello,ferrari,3,1,3
13,2004,8,74,1.0711530447006226,1.0271324038505554,5,0,coulthard,mclaren,4,4,4
17,2004,8,74,1.024101972579956,0.9744209200143814,8,15,button,bar,5,5,5
1,2004,8,74,0.8750674724578857,0.8301801532506943,4,16,heidfeld,jordan,6,6,6
31,2004,8,74,-0.4315433204174042,-0.44252735873063404,6,18,klien,jaguar,7,7,7
20,2004,8,74,-0.5801917314529419,-0.6194966776030404,7,14,fisichella,sauber,8,8,8
9,2004,8,74,-0.859604001045227,-0.859604001045227,1,16,glock,jordan,9,9,9
46,2004,8,74,-1.1802589893341064,-1.217334771156311,5,17,baumgartner,minardi,10,10,10
29,2004,9,75,1.1770665645599365,1.157932698726654,8,5,michael_schumacher,ferrari,1,1,3
7,2004,9,75,1.1827551126480103,1.1457293629646301,4,0,raikkonen,mclaren,2,1,3
21,2004,9,75,1.154499888420105,1.1257393095228407,9,5,barrichello,ferrari,3,1,3
13,2004,9,75,1.0551424026489258,1.031800736983617,6,0,coulthard,mclaren,4,4,5
14,2004,9,75,1.0308763980865479,0.9985141679644585,8,3,trulli,renault,5,4,5
43,2004,9,75,0.8287219405174255,0.8038984792573112,7,6,panis,toyota,6,6,6
20,2004,9,75,-0.5968733429908752,-0.6166687607765198,8,14,fisichella,sauber,7,7,7
10,2004,9,75,-1.1556298732757568,-1.1774321397145588,6,15,sato,bar,8,8,9
46,2004,9,75,-1.1986359357833862,-1.214218298594157,6,17,baumgartner,minardi,9,8,9
30,2004,10,76,1.1875545978546143,1.1847937788282121,7,2,montoya,williams,1,1,3
29,2004,10,76,1.1529215574264526,1.157375905248854,9,5,michael_schumacher,ferrari,2,1,4
7,2004,10,76,1.1592615842819214,1.1484358072280885,5,0,raikkonen,mclaren,3,1,5
12,2004,10,76,1.1444578170776367,1.1322096075330461,7,14,massa,sauber,4,2,5
21,2004,10,76,1.1308040618896484,1.1262457847595215,10,5,barrichello,ferrari,5,3,5
13,2004,10,76,1.0316963195800781,1.031785820211683,7,0,coulthard,mclaren,6,6,7
14,2004,10,76,1.0076357126235962,0.9995276729265848,9,3,trulli,renault,7,6,9
17,2004,10,76,0.9827218651771545,0.9753432472546896,9,15,button,bar,8,7,9
16,2004,10,76,0.9798080921173096,0.9642319440841675,5,18,webber,jaguar,9,7,9
1,2004,10,76,0.8330622911453247,0.8307565808296203,5,16,heidfeld,jordan,10,10,11
43,2004,10,76,0.8052606582641602,0.8040687516331673,8,6,panis,toyota,11,10,12
3,2004,10,76,0.7815268635749817,0.7784815856388637,7,3,alonso,renault,12,10,12
42,2004,10,76,-0.037284500896930695,-0.046801031877597175,6,6,matta,toyota,13,13,13
31,2004,10,76,-0.4748619794845581,-0.4471465902669089,7,18,klien,jaguar,14,14,14
20,2004,10,76,-0.6208999156951904,-0.6171388891008165,9,14,fisichella,sauber,15,15,15
44,2004,10,76,-0.860060453414917,-0.8152257323265075,5,16,pantano,jordan,16,16,16
45,2004,10,76,-1.1606175899505615,-1.0990840792655945,4,17,bruni,minardi,17,17,17
47,2004,10,76,-1.1776278018951416,-1.1776278018951416,1,2,gene,williams,18,18,18
30,2004,11,77,1.214396357536316,1.1884941011667252,8,2,montoya,williams,1,1,2
29,2004,11,77,1.1790186166763306,1.1595401763916016,10,5,michael_schumacher,ferrari,2,1,5
7,2004,11,77,1.1859221458435059,1.154683530330658,6,0,raikkonen,mclaren,3,1,5
12,2004,11,77,1.1717150211334229,1.1371477842330933,8,14,massa,sauber,4,2,5
21,2004,11,77,1.1572895050048828,1.1290679411454634,11,5,barrichello,ferrari,5,3,5
13,2004,11,77,1.0583977699279785,1.03511231392622,8,0,coulthard,mclaren,6,6,6
17,2004,11,77,1.009577989578247,0.9787667214870452,10,15,button,bar,7,7,8
16,2004,11,77,1.0068082809448242,0.9713280002276102,6,18,webber,jaguar,8,7,8
1,2004,11,77,0.859377384185791,0.8355267147223154,6,16,heidfeld,jordan,9,9,9
3,2004,11,77,0.8086123466491699,0.782247930765152,8,3,alonso,renault,10,10,10
42,2004,11,77,-0.010079070925712585,-0.04155503745589938,7,6,matta,toyota,11,11,11
31,2004,11,77,-0.44968295097351074,-0.44746363535523415,8,18,klien,jaguar,12,12,12
20,2004,11,77,-0.5947004556655884,-0.6148950457572937,10,14,fisichella,sauber,13,13,13
45,2004,11,77,-1.1382135152816772,-1.1069099664688111,5,17,bruni,minardi,14,14,14
47,2004,11,77,-1.1539278030395508,-1.1657778024673462,2,2,gene,williams,15,15,16
10,2004,11,77,-1.153581976890564,-1.1740249735968453,7,15,sato,bar,16,15,16
30,2004,12,78,1.2411627769470215,1.1943461762534247,9,2,montoya,williams,1,1,2
29,2004,12,78,1.2051408290863037,1.1636856902729382,11,5,michael_schumacher,ferrari,2,1,3
12,2004,12,78,1.198840856552124,1.144002570046319,9,14,massa,sauber,3,2,4
21,2004,12,78,1.1837477684020996,1.1336245934168498,12,5,barrichello,ferrari,4,2,4
13,2004,12,78,1.0850427150726318,1.0406601362758212,9,0,coulthard,mclaren,5,5,6
14,2004,12,78,1.059601068496704,1.005535012483597,10,3,trulli,renault,6,5,8
17,2004,12,78,1.0363566875457764,0.9840021729469299,11,15,button,bar,7,6,8
16,2004,12,78,1.0337117910385132,0.9802399703434536,7,18,webber,jaguar,8,6,8
43,2004,12,78,0.8570351600646973,0.8099539081255595,9,6,panis,toyota,9,9,10
3,2004,12,78,0.8355896472930908,0.7881747881571451,9,3,alonso,renault,10,9,10
41,2004,12,78,0.1650245487689972,0.1650245487689972,1,2,pizzonia,williams,11,11,11
31,2004,12,78,-0.4243548512458801,-0.44489599267641705,9,18,klien,jaguar,12,12,12
20,2004,12,78,-0.5684897303581238,-0.6106763807210055,11,14,fisichella,sauber,13,13,13
44,2004,12,78,-0.8103659152984619,-0.8144157628218333,6,16,pantano,jordan,14,14,14
45,2004,12,78,-1.1152856349945068,-1.1083059112230937,6,17,bruni,minardi,15,15,15
10,2004,12,78,-1.1275455951690674,-1.168215051293373,8,15,sato,bar,16,16,16
46,2004,12,78,-1.1727771759033203,-1.2082981382097517,7,17,baumgartner,minardi,17,16,17
30,2004,13,79,1.2407000064849854,1.198981559276581,10,2,montoya,williams,1,1,2
29,2004,13,79,1.2041208744049072,1.1670552889506023,12,5,michael_schumacher,ferrari,2,1,3
21,2004,13,79,1.1830185651779175,1.1374241297061627,13,5,barrichello,ferrari,3,2,3
13,2004,13,79,1.084475040435791,1.0450416266918183,10,0,coulthard,mclaren,4,4,4
17,2004,13,79,1.0359046459197998,0.9883273790280024,12,15,button,bar,5,5,6
16,2004,13,79,1.0333677530288696,0.9868809431791306,8,18,webber,jaguar,6,5,6
1,2004,13,79,0.8826433420181274,0.84225766147886,7,16,heidfeld,jordan,7,7,8
43,2004,13,79,0.8566666841506958,0.8146251857280731,10,6,panis,toyota,8,7,9
3,2004,13,79,0.8353093862533569,0.7928882479667664,10,3,alonso,renault,9,8,9
41,2004,13,79,0.16710428893566132,0.16606441885232925,2,2,pizzonia,williams,10,10,10
31,2004,13,79,-0.4260615408420563,-0.44301254749298097,10,18,klien,jaguar,11,11,11
20,2004,13,79,-0.5694330334663391,-0.60723943511645,12,14,fisichella,sauber,12,12,12
45,2004,13,79,-1.1190685033798218,-1.1098434243883406,7,17,bruni,minardi,13,13,13
10,2004,13,79,-1.1286396980285645,-1.1638177898195055,9,15,sato,bar,14,14,15
46,2004,13,79,-1.1748461723327637,-1.2041166424751282,8,17,baumgartner,minardi,15,14,15
29,2004,14,80,1.133266568183899,1.1644561565839326,13,5,michael_schumacher,ferrari,1,1,3
7,2004,14,80,1.137017846107483,1.1521598611559187,7,0,raikkonen,mclaren,2,1,4
12,2004,14,80,1.1262199878692627,1.1422243118286133,10,14,massa,sauber,3,1,4
21,2004,14,80,1.1124155521392822,1.1356378027370997,14,5,barrichello,ferrari,4,2,4
13,2004,14,80,1.0140118598937988,1.0422207388010891,11,0,coulthard,mclaren,5,5,6
14,2004,14,80,0.9869284629821777,1.0038435079834678,11,3,trulli,renault,6,5,6
1,2004,14,80,0.8122255206108093,0.8385036438703537,8,16,heidfeld,jordan,7,7,8
43,2004,14,80,0.7863757610321045,0.8120570562102578,11,6,panis,toyota,8,7,8
31,2004,14,80,-0.49751007556915283,-0.4479668682271784,11,18,klien,jaguar,9,9,9
20,2004,14,80,-0.640221118927002,-0.6097764877172617,13,14,fisichella,sauber,10,10,10
40,2004,14,80,-1.6325531005859375,-1.6325531005859375,1,6,zonta,toyota,11,11,11
30,2004,15,81,1.2398955821990967,1.2027010159059004,11,2,montoya,williams,1,1,1
29,2004,15,81,1.20097017288208,1.167064300605229,14,5,michael_schumacher,ferrari,2,2,3
12,2004,15,81,1.1948926448822021,1.1470123421062122,11,14,massa,sauber,3,2,4
21,2004,15,81,1.1803367137908936,1.1386177301406861,15,5,barrichello,ferrari,4,3,4
13,2004,15,81,1.0820538997650146,1.0455401688814163,12,0,coulthard,mclaren,5,5,5
14,2004,15,81,1.0555564165115356,1.0081529170274734,12,3,trulli,renault,6,6,8
16,2004,15,81,1.0326660871505737,0.9919681813981798,9,18,webber,jaguar,7,6,8
17,2004,15,81,1.0351096391677856,0.9919260144233704,13,15,button,bar,8,6,8
1,2004,15,81,0.8803068995475769,0.8431484500567118,9,16,heidfeld,jordan,9,9,9
41,2004,15,81,0.16849926114082336,0.16687603294849396,3,2,pizzonia,williams,10,10,10
31,2004,15,81,-0.4303203225135803,-0.4464963227510452,12,18,klien,jaguar,11,11,11
20,2004,15,81,-0.5724601149559021,-0.6071110325200217,14,14,fisichella,sauber,12,12,12
10,2004,15,81,-1.1299901008605957,-1.1604350209236145,10,15,sato,bar,13,13,13
46,2004,15,81,-1.1770397424697876,-1.2011080980300903,9,17,baumgartner,minardi,14,14,14
40,2004,15,81,-1.5681877136230469,-1.6003704071044922,2,6,zonta,toyota,15,15,15
30,2004,16,82,1.1713966131210327,1.2000923156738281,12,2,montoya,williams,1,1,1
29,2004,16,82,1.1323057413101196,1.1647470633188883,15,5,michael_schumacher,ferrari,2,2,4
7,2004,16,82,1.1354522705078125,1.1500714123249054,8,0,raikkonen,mclaren,3,2,5
12,2004,16,82,1.1270663738250732,1.145350178082784,12,14,massa,sauber,4,2,5
21,2004,16,82,1.1118605136871338,1.136945404112339,16,5,barrichello,ferrari,5,3,5
13,2004,16,82,1.0136823654174805,1.0430895686149597,13,0,coulthard,mclaren,6,6,6
17,2004,16,82,0.9666184186935425,0.9901183290140969,14,15,button,bar,7,7,8
16,2004,16,82,0.9642555713653564,0.9891969203948975,10,18,webber,jaguar,8,7,8
34,2004,16,82,0.9371128678321838,0.9371128678321838,1,3,villeneuve,renault,9,9,9
1,2004,16,82,0.8119691610336304,0.8400305211544037,10,16,heidfeld,jordan,10,10,11
43,2004,16,82,0.7843846082687378,0.8097510188817978,12,6,panis,toyota,11,10,12
3,2004,16,82,0.7644806504249573,0.7903057390993292,11,3,alonso,renault,12,11,12
20,2004,16,82,-0.6410749554634094,-0.6093752940495809,15,14,fisichella,sauber,13,13,13
9,2004,16,82,-1.0495338439941406,-0.9545689225196838,2,16,glock,jordan,14,14,14
10,2004,16,82,-1.198961615562439,-1.163937438618053,11,15,sato,bar,15,15,15
46,2004,16,82,-1.246740698814392,-1.2056713581085206,10,17,baumgartner,minardi,16,16,16
30,2004,17,83,1.2025147676467896,1.2002786581332867,13,2,montoya,williams,1,1,1
29,2004,17,83,1.1632810831069946,1.164655439555645,16,5,michael_schumacher,ferrari,2,2,4
7,2004,17,83,1.1674222946166992,1.1519992881351047,9,0,raikkonen,mclaren,3,2,4
12,2004,17,83,1.158766746520996,1.1463822218088002,13,14,massa,sauber,4,2,4
14,2004,17,83,1.0205119848251343,1.0091036145503705,13,6,trulli,toyota,5,5,7
22,2004,17,83,1.0247657299041748,0.9909745156764984,6,2,ralf_schumacher,williams,6,5,8
17,2004,17,83,0.9977436065673828,0.9906266808509827,15,15,button,bar,7,5,7
34,2004,17,83,0.9704936742782593,0.9538032710552216,2,3,villeneuve,renault,8,7,8
1,2004,17,83,0.8432270884513855,0.840321118181402,11,16,heidfeld,jordan,9,9,9
43,2004,17,83,0.8159862756729126,0.8102306540195758,13,6,panis,toyota,10,10,11
3,2004,17,83,0.7959626317024231,0.7907771468162537,12,3,alonso,renault,11,10,11
31,2004,17,83,-0.4666087031364441,-0.44804342893453747,13,18,klien,jaguar,12,12,12
20,2004,17,83,-0.6100566983222961,-0.6094178818166256,16,14,fisichella,sauber,13,13,13
9,2004,17,83,-1.0216364860534668,-0.9769247770309448,3,16,glock,jordan,14,14,14
45,2004,17,83,-1.1601065397262573,-1.1161263138055801,8,17,bruni,minardi,15,15,15
10,2004,17,83,-1.1682521104812622,-1.164296994606654,12,15,sato,bar,16,16,16
30,2004,18,84,1.2753475904464722,1.2056407247270857,14,2,montoya,williams,1,1,1
29,2004,18,84,1.235990285873413,1.168851606986102,17,5,michael_schumacher,ferrari,2,2,4
7,2004,18,84,1.2409918308258057,1.160898542404175,10,0,raikkonen,mclaren,3,2,5
12,2004,18,84,1.232102870941162,1.1525051253182548,14,14,massa,sauber,4,2,5
21,2004,18,84,1.2158269882202148,1.1415854972951553,17,5,barrichello,ferrari,5,3,5
13,2004,18,84,1.117739200592041,1.0484216851847512,14,0,coulthard,mclaren,6,6,7
14,2004,18,84,1.0936635732650757,1.0151436116014207,14,6,trulli,toyota,7,7,9
22,2004,18,84,1.0995608568191528,1.0064868501254491,7,2,ralf_schumacher,williams,8,6,9
34,2004,18,84,1.0452836751937866,0.9842967391014099,3,3,villeneuve,renault,9,7,9
3,2004,18,84,0.8691099882125854,0.7968027500005869,13,3,alonso,renault,10,10,10
31,2004,18,84,-0.3945331573486328,-0.4442212666784014,14,18,klien,jaguar,11,11,11
20,2004,18,84,-0.5373104810714722,-0.6051762700080872,17,14,fisichella,sauber,12,12,12
9,2004,18,84,-0.951589822769165,-0.9705910384654999,4,16,glock,jordan,13,13,13
45,2004,18,84,-1.0897605419158936,-1.113196783595615,9,17,bruni,minardi,14,14,14
10,2004,18,84,-1.0957727432250977,-1.1590258983465342,13,15,sato,bar,15,15,15
46,2004,18,84,-1.1438336372375488,-1.2000497471202503,11,17,baumgartner,minardi,16,16,16
40,2004,18,84,-1.5340906381607056,-1.5782771507898967,3,6,zonta,toyota,17,17,17
30,2005,1,85,1.206742286682129,1.206742286682129,1,0,montoya,mclaren,1,1,1
7,2005,1,85,1.1730237007141113,1.1730237007141113,1,0,raikkonen,mclaren,2,2,2
12,2005,1,85,1.163933277130127,1.163933277130127,1,14,massa,sauber,3,3,3
21,2005,1,85,1.147239327430725,1.147239327430725,1,5,barrichello,ferrari,4,4,4
13,2005,1,85,1.0492298603057861,1.0492298603057861,1,8,coulthard,red_bull,5,5,5
22,2005,1,85,1.0326529741287231,1.0326529741287231,1,6,ralf_schumacher,toyota,6,6,6
14,2005,1,85,1.0253340005874634,1.0253340005874634,1,6,trulli,toyota,7,7,7
16,2005,1,85,0.9963927268981934,0.9963927268981934,1,2,webber,williams,8,8,8
34,2005,1,85,0.9783713817596436,0.9783713817596436,1,14,villeneuve,sauber,9,9,9
3,2005,1,85,0.8007768392562866,0.8007768392562866,1,3,alonso,renault,10,10,10
31,2005,1,85,-0.46379348635673523,-0.46379348635673523,1,8,klien,red_bull,11,11,11
20,2005,1,85,-0.6059905290603638,-0.6059905290603638,1,3,fisichella,renault,12,12,12
39,2005,1,85,-1.0505917072296143,-1.0505917072296143,1,17,friesacher,minardi,13,13,13
32,2005,1,85,-1.0767014026641846,-1.0767014026641846,1,16,monteiro,jordan,14,14,14
38,2005,1,85,-1.0917415618896484,-1.0917415618896484,1,16,karthikeyan,jordan,15,15,15
30,2005,2,86,1.2039897441864014,1.2053660154342651,2,0,montoya,mclaren,1,1,1
7,2005,2,86,1.1708226203918457,1.1719231605529785,2,0,raikkonen,mclaren,2,2,2
29,2005,2,86,1.1649222373962402,1.1649222373962402,1,5,michael_schumacher,ferrari,3,3,3
12,2005,2,86,1.1615573167800903,1.1627452969551086,2,14,massa,sauber,4,4,4
13,2005,2,86,1.0465604066848755,1.0478951334953308,2,8,coulthard,red_bull,5,5,5
22,2005,2,86,1.031368613243103,1.032010793685913,2,6,ralf_schumacher,toyota,6,6,6
14,2005,2,86,1.022819995880127,1.0240769982337952,2,6,trulli,toyota,7,7,7
1,2005,2,86,0.8419384956359863,0.8419384956359863,1,2,heidfeld,williams,8,8,8
3,2005,2,86,0.7982597351074219,0.7995182871818542,2,3,alonso,renault,9,9,9
31,2005,2,86,-0.46711263060569763,-0.46545305848121643,2,8,klien,red_bull,10,10,10
26,2005,2,86,-0.9931843876838684,-0.9931843876838684,1,17,albers,minardi,11,11,11
32,2005,2,86,-1.2286264896392822,-1.1526639461517334,2,16,monteiro,jordan,12,12,13
38,2005,2,86,-1.2451705932617188,-1.1684560775756836,2,16,karthikeyan,jordan,13,12,13
7,2005,3,87,1.1927324533462524,1.1788595914840698,3,0,raikkonen,mclaren,1,1,2
12,2005,3,87,1.1833163499832153,1.1696023146311443,3,14,massa,sauber,2,1,3
21,2005,3,87,1.1663844585418701,1.1568118929862976,2,5,barrichello,ferrari,3,2,3
13,2005,3,87,1.0680654048919678,1.0546185572942097,3,8,coulthard,red_bull,4,4,5
22,2005,3,87,1.0540716648101807,1.0393644173940022,3,6,ralf_schumacher,toyota,5,4,6
14,2005,3,87,1.044459342956543,1.0308711131413777,3,6,trulli,toyota,6,5,6
16,2005,3,87,1.0160324573516846,1.006212592124939,2,2,webber,williams,7,7,8
34,2005,3,87,0.9989655613899231,0.9886684715747833,2,14,villeneuve,sauber,8,7,8
3,2005,3,87,0.8198964595794678,0.8063110113143921,3,3,alonso,renault,9,9,9
26,2005,3,87,-1.1129908561706543,-1.0530876219272614,2,17,albers,minardi,10,10,12
36,2005,3,87,-1.1046124696731567,-1.1046124696731567,1,0,rosa,mclaren,11,10,12
39,2005,3,87,-1.1780235767364502,-1.1143076419830322,2,17,friesacher,minardi,12,10,13
32,2005,3,87,-1.2090938091278076,-1.1714739004770915,3,16,monteiro,jordan,13,12,13
12,2005,4,88,1.1431735754013062,1.1629951298236847,4,14,massa,sauber,1,1,2
29,2005,4,88,1.1451884508132935,1.1550553441047668,2,5,michael_schumacher,ferrari,2,1,2
13,2005,4,88,1.0277026891708374,1.0478895902633667,4,8,coulthard,red_bull,3,3,4
22,2005,4,88,1.0147455930709839,1.0332097113132477,4,6,ralf_schumacher,toyota,4,3,5
14,2005,4,88,1.0042130947113037,1.0242066085338593,4,6,trulli,toyota,5,4,5
16,2005,4,88,0.9759880900382996,0.9961377580960592,3,2,webber,williams,6,6,7
34,2005,4,88,0.9597468376159668,0.9790279269218445,3,14,villeneuve,sauber,7,6,7
1,2005,4,88,0.8228446841239929,0.8323915898799896,2,2,heidfeld,williams,8,8,8
24,2005,4,88,0.8097989559173584,0.8097989559173584,1,0,wurz,mclaren,9,9,10
3,2005,4,88,0.7796478867530823,0.7996452301740646,4,3,alonso,renault,10,9,10
23,2005,4,88,-1.1594600677490234,-1.1594600677490234,1,8,liuzzi,red_bull,11,11,13
32,2005,4,88,-1.2511622905731201,-1.1913959980010986,4,16,monteiro,jordan,12,11,13
38,2005,4,88,-1.266681432723999,-1.201197862625122,3,16,karthikeyan,jordan,13,11,13
30,2005,5,89,1.1570371389389038,1.1892563899358113,3,0,montoya,mclaren,1,1,2
7,2005,5,89,1.1253554821014404,1.1654835641384125,4,0,raikkonen,mclaren,2,1,4
12,2005,5,89,1.1147222518920898,1.1533405542373658,5,14,massa,sauber,3,2,4
21,2005,5,89,1.0985474586486816,1.137390414873759,3,5,barrichello,ferrari,4,2,4
13,2005,5,89,0.9990613460540771,1.0381239414215089,5,8,coulthard,red_bull,5,5,7
22,2005,5,89,0.9870007038116455,1.0239679098129273,5,6,ralf_schumacher,toyota,6,5,7
14,2005,5,89,0.9756724834442139,1.0144997835159302,5,6,trulli,toyota,7,5,8
16,2005,5,89,0.9476220607757568,0.9840088337659836,4,2,webber,williams,8,7,8
1,2005,5,89,0.7946572303771973,0.8198134700457255,3,2,heidfeld,williams,9,9,10
3,2005,5,89,0.7511051893234253,0.7899372220039368,5,3,alonso,renault,10,9,10
20,2005,5,89,-0.6553112268447876,-0.6306508779525757,2,3,fisichella,renault,11,11,11
32,2005,5,89,-1.2812793254852295,-1.2093726634979247,5,16,monteiro,jordan,12,12,13
38,2005,5,89,-1.2969592809677124,-1.2251382172107697,4,16,karthikeyan,jordan,13,12,13
30,2005,6,90,1.1397596597671509,1.1768822073936462,4,0,montoya,mclaren,1,1,3
7,2005,6,90,1.1083542108535767,1.1540576934814453,5,0,raikkonen,mclaren,2,1,5
12,2005,6,90,1.097754716873169,1.1440762480099995,6,14,massa,sauber,3,1,5
29,2005,6,90,1.1016511917114258,1.137253959973653,3,5,michael_schumacher,ferrari,4,2,5
21,2005,6,90,1.081148624420166,1.1233299672603607,4,5,barrichello,ferrari,5,2,5
22,2005,6,90,0.9706442356109619,1.0150806307792664,6,6,ralf_schumacher,toyota,6,6,7
14,2005,6,90,0.9586275815963745,1.005187749862671,6,6,trulli,toyota,7,6,8
16,2005,6,90,0.9307283163070679,0.9733527302742004,5,2,webber,williams,8,7,9
34,2005,6,90,0.9172987937927246,0.9635956436395645,4,14,villeneuve,sauber,9,8,9
1,2005,6,90,0.7779180407524109,0.8093396127223969,4,2,heidfeld,williams,10,10,11
3,2005,6,90,0.7340585589408875,0.7806241114934286,6,3,alonso,renault,11,10,11
20,2005,6,90,-0.672705352306366,-0.6446690360705057,3,3,fisichella,renault,12,12,12
26,2005,6,90,-1.1973134279251099,-1.101162890593211,3,17,albers,minardi,13,13,13
32,2005,6,90,-1.2996876239776611,-1.2244251569112141,6,16,monteiro,jordan,14,14,14
30,2005,7,91,1.273518681526184,1.1962095022201538,5,0,montoya,mclaren,1,1,3
7,2005,7,91,1.2423522472381592,1.1687734524408977,6,0,raikkonen,mclaren,2,1,5
29,2005,7,91,1.2351346015930176,1.1617241203784943,4,5,michael_schumacher,ferrari,3,1,5
12,2005,7,91,1.2317819595336914,1.156605635370527,7,14,massa,sauber,4,1,5
21,2005,7,91,1.2148025035858154,1.1416244745254516,5,5,barrichello,ferrari,5,2,5
17,2005,7,91,1.0716116428375244,1.0716116428375244,1,15,button,bar,6,6,7
13,2005,7,91,1.1185004711151123,1.0515200297037761,6,8,coulthard,red_bull,7,6,8
14,2005,7,91,1.0925877094268799,1.0176734583718436,7,6,trulli,toyota,8,7,9
34,2005,7,91,1.0517243146896362,0.9812213778495789,5,14,villeneuve,sauber,9,8,9
1,2005,7,91,0.9121426343917847,0.8299002170562744,5,2,heidfeld,williams,10,10,11
3,2005,7,91,0.8680171966552734,0.7931088379451207,7,3,alonso,renault,11,10,11
20,2005,7,91,-0.5390472412109375,-0.6182635873556137,4,3,fisichella,renault,12,12,12
10,2005,7,91,-1.0917682647705078,-1.0917682647705078,1,15,sato,bar,13,13,15
26,2005,7,91,-1.06547212600708,-1.0922401994466782,4,17,albers,minardi,14,13,16
39,2005,7,91,-1.125960111618042,-1.1181917985280354,3,17,friesacher,minardi,15,13,16
23,2005,7,91,-1.2271941900253296,-1.1933271288871765,2,8,liuzzi,red_bull,16,15,18
38,2005,7,91,-1.1789357662200928,-1.2158977270126343,5,16,karthikeyan,jordan,17,16,18
32,2005,7,91,-1.1669068336486816,-1.2162082535879952,7,16,monteiro,jordan,18,16,18
7,2005,8,92,1.1353018283843994,1.1639917918613978,7,0,raikkonen,mclaren,1,1,4
29,2005,8,92,1.1276391744613647,1.1549071311950683,5,5,michael_schumacher,ferrari,2,1,4
12,2005,8,92,1.1247566938400269,1.1526245176792145,8,14,massa,sauber,3,1,4
21,2005,8,92,1.1074544191360474,1.1359294652938843,6,5,barrichello,ferrari,4,1,4
13,2005,8,92,1.0109896659851074,1.0457299777439661,7,8,coulthard,red_bull,5,5,5
22,2005,8,92,0.9942295551300049,1.0121019056865148,7,6,ralf_schumacher,toyota,6,6,7
34,2005,8,92,0.9450437426567078,0.9751917719841003,6,14,villeneuve,sauber,7,6,8
16,2005,8,92,0.9538488984107971,0.9701020916302999,6,2,webber,williams,8,7,8
31,2005,8,92,-0.5037509202957153,-0.47821901241938275,3,8,klien,red_bull,9,9,9
26,2005,8,92,-1.1743881702423096,-1.1086697936058045,5,17,albers,minardi,10,10,10
32,2005,8,92,-1.275010108947754,-1.223558485507965,8,16,monteiro,jordan,11,11,11
29,2005,9,93,1.4433090686798096,1.2029741207758586,6,5,michael_schumacher,ferrari,1,1,2
21,2005,9,93,1.4232518672943115,1.1769755227225167,7,5,barrichello,ferrari,2,1,2
26,2005,9,93,-0.8599472641944885,-1.0672160387039185,6,17,albers,minardi,3,3,5
39,2005,9,93,-0.9180170893669128,-1.0681481212377548,4,17,friesacher,minardi,4,3,5
38,2005,9,93,-0.9700134992599487,-1.1749170223871868,6,16,karthikeyan,jordan,5,4,6
32,2005,9,93,-0.9598660469055176,-1.1942593256632488,9,16,monteiro,jordan,6,4,6
29,2005,10,94,1.160664677619934,1.1969299146107264,7,5,michael_schumacher,ferrari,1,1,3
21,2005,10,94,1.1407177448272705,1.172443300485611,8,5,barrichello,ferrari,2,1,3
7,2005,10,94,1.1561371088027954,1.1630099564790726,8,0,raikkonen,mclaren,3,1,3
13,2005,10,94,1.0314267873764038,1.043942078948021,8,8,coulthard,red_bull,4,4,6
17,2005,10,94,0.9864121675491333,1.0290119051933289,2,15,button,bar,5,4,8
14,2005,10,94,1.0079429149627686,1.0164571404457092,8,6,trulli,toyota,6,4,7
22,2005,10,94,1.0160765647888184,1.0125987380743027,8,6,ralf_schumacher,toyota,7,5,7
34,2005,10,94,0.9661990404129028,0.9739070960453579,7,14,villeneuve,sauber,8,7,9
16,2005,10,94,0.9752939343452454,0.9708437834467206,7,2,webber,williams,9,7,9
1,2005,10,94,0.8277264833450317,0.8295379281044006,6,2,heidfeld,williams,10,10,11
3,2005,10,94,0.7833711504936218,0.7918916270136833,8,3,alonso,renault,11,10,11
20,2005,10,94,-0.6239534020423889,-0.6194015502929687,5,3,fisichella,renault,12,12,12
10,2005,10,94,-1.1776803731918335,-1.1347243189811707,2,15,sato,bar,13,13,14
38,2005,10,94,-1.2539987564086914,-1.1862144129616874,7,16,karthikeyan,jordan,14,13,15
32,2005,10,94,-1.2429649829864502,-1.1991298913955688,10,16,monteiro,jordan,15,13,15
30,2005,11,95,1.2072300910949707,1.1980462670326233,6,0,montoya,mclaren,1,1,3
29,2005,11,95,1.1767876148223877,1.1944121271371841,8,5,michael_schumacher,ferrari,2,1,5
21,2005,11,95,1.1569361686706543,1.1707202858395047,9,5,barrichello,ferrari,3,1,5
7,2005,11,95,1.1742907762527466,1.1642633808983698,9,0,raikkonen,mclaren,4,2,5
12,2005,11,95,1.1641441583633423,1.1539044777552288,9,14,massa,sauber,5,2,5
13,2005,11,95,1.0492357015609741,1.044530259238349,9,8,coulthard,red_bull,6,6,7
17,2005,11,95,1.0038411617279053,1.020621657371521,3,15,button,bar,7,6,9
14,2005,11,95,1.025851845741272,1.0175009965896606,9,6,trulli,toyota,8,6,9
22,2005,11,95,1.0351052284240723,1.015099459224277,9,6,ralf_schumacher,toyota,9,7,9
34,2005,11,95,0.9846292734146118,0.9752473682165146,8,14,villeneuve,sauber,10,10,11
16,2005,11,95,0.9939747452735901,0.9737351536750793,8,2,webber,williams,11,10,11
1,2005,11,95,0.8458331227302551,0.8318658130509513,7,2,heidfeld,williams,12,12,13
3,2005,11,95,0.8012789487838745,0.7929346627659268,9,3,alonso,renault,13,12,13
31,2005,11,95,-0.46520131826400757,-0.47496458888053894,4,8,klien,red_bull,14,14,14
20,2005,11,95,-0.6062706112861633,-0.6172130604585012,6,3,fisichella,renault,15,15,15
26,2005,11,95,-1.1251240968704224,-1.0754886184419905,7,17,albers,minardi,16,16,18
39,2005,11,95,-1.184319019317627,-1.0913823008537293,5,17,friesacher,minardi,17,16,18
10,2005,11,95,-1.160867691040039,-1.1434387763341267,3,15,sato,bar,18,17,19
32,2005,11,95,-1.2272355556488037,-1.2016849517822266,11,16,monteiro,jordan,19,18,19
30,2005,12,96,1.2607262134552002,1.2070005450929915,7,0,montoya,mclaren,1,1,3
29,2005,12,96,1.2289732694625854,1.1982522540622287,9,5,michael_schumacher,ferrari,2,1,4
21,2005,12,96,1.2092044353485107,1.1745687007904053,10,5,barrichello,ferrari,3,1,4
12,2005,12,96,1.2180544137954712,1.1603194713592528,10,14,massa,sauber,4,2,4
13,2005,12,96,1.1028800010681152,1.0503652334213256,10,8,coulthard,red_bull,5,5,7
17,2005,12,96,1.0571565628051758,1.0297553837299347,4,15,button,bar,6,5,8
14,2005,12,96,1.0795823335647583,1.0237091302871704,10,6,trulli,toyota,7,6,8
22,2005,12,96,1.0898044109344482,1.0225699543952942,10,6,ralf_schumacher,toyota,8,6,8
34,2005,12,96,1.0388107299804688,0.982309963968065,9,14,villeneuve,sauber,9,8,9
1,2005,12,96,0.8997348546981812,0.840349443256855,8,2,heidfeld,williams,10,10,10
3,2005,12,96,0.8550084829330444,0.7991420447826385,10,3,alonso,renault,11,11,11
31,2005,12,96,-0.4120159149169922,-0.4623748540878296,5,8,klien,red_bull,12,12,12
20,2005,12,96,-0.5527355670928955,-0.6080019899777004,7,3,fisichella,renault,13,13,13
37,2005,12,96,-1.0186010599136353,-1.0186010599136353,1,17,doornbos,minardi,14,14,15
26,2005,12,96,-1.0741827487945557,-1.075325384736061,8,17,albers,minardi,15,14,16
10,2005,12,96,-1.1080853939056396,-1.134600430727005,4,15,sato,bar,16,15,17
38,2005,12,96,-1.1856013536453247,-1.186137780547142,8,16,karthikeyan,jordan,17,16,18
32,2005,12,96,-1.1753901243209839,-1.1994937161604564,12,16,monteiro,jordan,18,16,18
29,2005,13,97,1.167698860168457,1.1951969146728516,10,5,michael_schumacher,ferrari,1,1,4
21,2005,13,97,1.1480014324188232,1.1721534945748069,11,5,barrichello,ferrari,2,1,4
7,2005,13,97,1.1656339168548584,1.1644004344940186,10,0,raikkonen,mclaren,3,1,4
12,2005,13,97,1.1582717895507812,1.1601333184675737,11,14,massa,sauber,4,1,4
14,2005,13,97,1.0196442604064941,1.0233395966616543,11,6,trulli,toyota,5,5,7
22,2005,13,97,1.030704140663147,1.02330942587419,11,6,ralf_schumacher,toyota,6,5,7
17,2005,13,97,0.9968595504760742,1.0231762170791625,5,15,button,bar,7,5,7
16,2005,13,97,0.9857741594314575,0.9750728209813436,9,2,webber,williams,8,8,8
1,2005,13,97,0.8399447202682495,0.8403044740358988,9,2,heidfeld,williams,9,9,9
3,2005,13,97,0.7950695753097534,0.7987718202851035,11,3,alonso,renault,10,9,10
20,2005,13,97,-0.6128427386283875,-0.6086070835590363,8,3,fisichella,renault,11,11,11
10,2005,13,97,-1.1688436269760132,-1.1414490699768067,5,15,sato,bar,12,12,13
38,2005,13,97,-1.2480474710464478,-1.1930166350470648,9,16,karthikeyan,jordan,13,12,14
32,2005,13,97,-1.2369587421417236,-1.2023756412359385,13,16,monteiro,jordan,14,12,14
30,2005,14,98,1.2685033082962036,1.214688390493393,8,0,montoya,mclaren,1,1,2
21,2005,14,98,1.2143099308013916,1.1756665309270222,12,5,barrichello,ferrari,2,1,3
7,2005,14,98,1.2335789203643799,1.1706893877549605,11,0,raikkonen,mclaren,3,2,3
13,2005,14,98,1.1107852458953857,1.0558579618280584,11,8,coulthard,red_bull,4,4,5
17,2005,14,98,1.0639517307281494,1.0299721360206604,6,15,button,bar,5,4,7
22,2005,14,98,1.0988314151763916,1.0296029249827068,12,6,ralf_schumacher,toyota,6,5,7
14,2005,14,98,1.0870471000671387,1.028648555278778,12,6,trulli,toyota,7,4,7
34,2005,14,98,1.0471810102462769,0.9887970685958862,10,14,villeneuve,sauber,8,7,8
3,2005,14,98,0.8624715805053711,0.8040801336367925,12,3,alonso,renault,9,9,9
31,2005,14,98,-0.40450745820999146,-0.4527302881081899,6,8,klien,red_bull,10,10,10
20,2005,14,98,-0.545586347579956,-0.6016047795613607,9,3,fisichella,renault,11,11,11
37,2005,14,98,-1.1457716226577759,-1.0821863412857056,2,17,doornbos,minardi,12,12,13
10,2005,14,98,-1.1021504402160645,-1.1348992983500164,6,15,sato,bar,13,12,14
38,2005,14,98,-1.182814359664917,-1.19199640750885,10,16,karthikeyan,jordan,14,13,15
32,2005,14,98,-1.170966625213623,-1.2001321400914873,14,16,monteiro,jordan,15,14,15
30,2005,15,99,1.2509596347808838,1.2187185287475586,9,0,montoya,mclaren,1,1,3
29,2005,15,99,1.214036464691162,1.1969096010381526,11,5,michael_schumacher,ferrari,2,1,5
21,2005,15,99,1.1960649490356445,1.177235640012301,13,5,barrichello,ferrari,3,1,5
7,2005,15,99,1.2167494297027588,1.1745277245839436,12,0,raikkonen,mclaren,4,2,5
12,2005,15,99,1.205899715423584,1.1639471848805745,12,14,massa,sauber,5,2,5
13,2005,15,99,1.0933525562286377,1.05898251136144,12,8,coulthard,red_bull,6,6,7
22,2005,15,99,1.0821597576141357,1.0336457582620473,13,6,ralf_schumacher,toyota,7,6,9
17,2005,15,99,1.0463844537734985,1.0323167528424944,7,15,button,bar,8,6,9
14,2005,15,99,1.0697484016418457,1.031810081922091,13,6,trulli,toyota,9,6,9
34,2005,15,99,1.0301501750946045,0.9925564419139515,11,14,villeneuve,sauber,10,9,11
16,2005,15,99,1.034204363822937,0.9809859752655029,10,2,webber,williams,11,10,11
3,2005,15,99,0.8451723456382751,0.8072410730215219,13,3,alonso,renault,12,12,12
41,2005,15,99,0.17742298543453217,0.17742298543453217,1,2,pizzonia,williams,13,13,13
31,2005,15,99,-0.4222835302352905,-0.4483807512692043,7,8,klien,red_bull,14,14,14
20,2005,15,99,-0.5630115270614624,-0.5977454543113708,10,3,fisichella,renault,15,15,15
26,2005,15,99,-1.0885246992111206,-1.07679197523329,9,17,albers,minardi,16,16,17
37,2005,15,99,-1.167428970336914,-1.1106005509694417,3,17,doornbos,minardi,17,16,19
10,2005,15,99,-1.1200628280639648,-1.132779802594866,7,15,sato,bar,18,17,18
38,2005,15,99,-1.2019896507263184,-1.1929048841649836,11,16,karthikeyan,jordan,19,18,20
32,2005,15,99,-1.1894853115081787,-1.1994223515192668,15,16,monteiro,jordan,20,19,20
30,2005,16,100,1.252140760421753,1.222060751914978,10,0,montoya,mclaren,1,1,2
21,2005,16,100,1.1966392993927002,1.1786216156823295,14,5,barrichello,ferrari,2,1,4
7,2005,16,100,1.21854829788208,1.1779139225299542,13,0,raikkonen,mclaren,3,2,4
12,2005,16,100,1.2077614068984985,1.167317509651184,13,14,massa,sauber,4,2,4
22,2005,16,100,1.0840950012207031,1.037249275616237,14,6,ralf_schumacher,toyota,5,5,6
17,2005,16,100,1.047545313835144,1.0342203229665756,8,15,button,bar,6,5,6
34,2005,16,100,1.0317749977111816,0.9958246548970541,12,14,villeneuve,sauber,7,7,8
16,2005,16,100,1.0367603302001953,0.9860563711686567,11,2,webber,williams,8,7,8
3,2005,16,100,0.8465648889541626,0.8100499170167106,14,3,alonso,renault,9,9,9
41,2005,16,100,0.18079544603824615,0.17910921573638916,2,2,pizzonia,williams,10,10,10
31,2005,16,100,-0.4213034510612488,-0.44499608874320984,8,8,klien,red_bull,11,11,11
26,2005,16,100,-1.0889357328414917,-1.07800635099411,10,17,albers,minardi,12,12,13
37,2005,16,100,-1.1698060035705566,-1.1254019141197205,4,17,doornbos,minardi,13,12,14
38,2005,16,100,-1.2022199630737305,-1.1936811407407124,12,16,karthikeyan,jordan,14,13,15
32,2005,16,100,-1.1891474723815918,-1.198780171573162,16,16,monteiro,jordan,15,13,15
30,2005,17,101,1.214106559753418,1.2213376435366543,11,0,montoya,mclaren,1,1,2
29,2005,17,101,1.1757514476776123,1.195146421591441,12,5,michael_schumacher,ferrari,2,1,5
7,2005,17,101,1.1810481548309326,1.1781377962657384,14,0,raikkonen,mclaren,3,2,5
21,2005,17,101,1.1580802202224731,1.177252189318339,15,5,barrichello,ferrari,4,1,5
12,2005,17,101,1.1703157424926758,1.167531669139862,14,14,massa,sauber,5,2,5
22,2005,17,101,1.0467132329940796,1.0378802061080932,15,6,ralf_schumacher,toyota,6,6,8
14,2005,17,101,1.0321109294891357,1.0318315710340227,14,6,trulli,toyota,7,6,8
17,2005,17,101,1.0094932317733765,1.0314728683895535,9,15,button,bar,8,6,8
34,2005,17,101,0.9941243529319763,0.9956938624382019,13,14,villeneuve,sauber,9,9,9
3,2005,17,101,0.808713436126709,0.8099608182907104,15,3,alonso,renault,10,10,10
31,2005,17,101,-0.4595116972923279,-0.4466089341375563,9,8,klien,red_bull,11,11,11
20,2005,17,101,-0.6007586121559143,-0.5980193777517839,11,3,fisichella,renault,12,12,12
26,2005,17,101,-1.128347396850586,-1.0825828097083352,11,17,albers,minardi,13,13,13
10,2005,17,101,-1.158231258392334,-1.1359612345695496,8,15,sato,bar,14,13,14
38,2005,17,101,-1.2414751052856445,-1.197357599551861,13,16,karthikeyan,jordan,15,15,15
29,2005,18,102,1.2141224145889282,1.1966061133604784,13,5,michael_schumacher,ferrari,1,1,4
7,2005,18,102,1.2201237678527832,1.180936861038208,15,0,raikkonen,mclaren,2,1,4
21,2005,18,102,1.1962394714355469,1.1784388944506645,16,5,barrichello,ferrari,3,1,4
12,2005,18,102,1.209438443183899,1.1703254540761312,15,14,massa,sauber,4,1,4
13,2005,18,102,1.095106601715088,1.0617612875424898,13,8,coulthard,red_bull,5,5,6
22,2005,18,102,1.0858906507492065,1.0408808588981628,16,6,ralf_schumacher,toyota,6,5,7
17,2005,18,102,1.048091173171997,1.0331346988677979,10,15,button,bar,7,6,7
34,2005,18,102,1.0330696105957031,0.9983635587351662,14,14,villeneuve,sauber,8,8,9
16,2005,18,102,1.0394229888916016,0.9905035893122355,12,2,webber,williams,9,8,9
3,2005,18,102,0.847484827041626,0.8123060688376427,16,3,alonso,renault,10,10,10
31,2005,18,102,-0.4210488498210907,-0.4440529257059097,10,8,klien,red_bull,11,11,11
20,2005,18,102,-0.5619221925735474,-0.5950112789869308,12,3,fisichella,renault,12,12,12
26,2005,18,102,-1.0909253358840942,-1.0832780202229817,12,17,albers,minardi,13,13,14
37,2005,18,102,-1.171410322189331,-1.1346035957336427,5,17,doornbos,minardi,14,13,15
38,2005,18,102,-1.2039178609848022,-1.197826189654214,14,16,karthikeyan,jordan,15,15,16
32,2005,18,102,-1.1884037256240845,-1.198169792399687,17,16,monteiro,jordan,16,15,16
7,2005,19,103,1.1953420639038086,1.181837186217308,16,0,raikkonen,mclaren,1,1,3
21,2005,19,103,1.1706652641296387,1.1779816220788395,17,5,barrichello,ferrari,2,1,3
12,2005,19,103,1.1846973896026611,1.1712237000465393,16,14,massa,sauber,3,1,3
13,2005,19,103,1.0700217485427856,1.0623513204710824,14,8,coulthard,red_bull,4,4,5
22,2005,19,103,1.0611974000930786,1.0420759495566874,17,6,ralf_schumacher,toyota,5,4,7
14,2005,19,103,1.0448564291000366,1.0326998949050903,15,6,trulli,toyota,6,5,7
17,2005,19,103,1.022896409034729,1.0322039452466099,11,15,button,bar,7,5,7
34,2005,19,103,1.008175253868103,0.9990176717440288,15,14,villeneuve,sauber,8,8,9
16,2005,19,103,1.0151493549346924,0.9923994174370399,13,2,webber,williams,9,8,9
3,2005,19,103,0.8224402070045471,0.8129021946121665,17,3,alonso,renault,10,10,10
41,2005,19,103,0.15797878801822662,0.172065739830335,3,2,pizzonia,williams,11,11,11
31,2005,19,103,-0.4463604688644409,-0.4442627023566853,11,8,klien,red_bull,12,12,12
20,2005,19,103,-0.586910605430603,-0.5943881502518287,13,3,fisichella,renault,13,13,13
26,2005,19,103,-1.1171374320983887,-1.0858825903672438,13,17,albers,minardi,14,14,15
37,2005,19,103,-1.1993749141693115,-1.1453988154729207,6,17,doornbos,minardi,15,14,16
32,2005,19,103,-1.2143369913101196,-1.1990679701169331,18,16,monteiro,jordan,16,15,16
30,2006,1,104,1.1905131340026855,1.1905131340026855,1,0,montoya,mclaren,1,1,1
7,2006,1,104,1.1593568325042725,1.1593568325042725,1,0,raikkonen,mclaren,2,2,2
29,2006,1,104,1.1527103185653687,1.1527103185653687,1,5,michael_schumacher,ferrari,3,3,3
12,2006,1,104,1.148747444152832,1.148747444152832,1,5,massa,ferrari,4,4,4
21,2006,1,104,1.1339945793151855,1.1339945793151855,1,10,barrichello,honda,5,5,5
13,2006,1,104,1.0337743759155273,1.0337743759155273,1,8,coulthard,red_bull,6,6,6
22,2006,1,104,1.0252885818481445,1.0252885818481445,1,6,ralf_schumacher,toyota,7,7,7
2,2006,1,104,1.0197736024856567,1.0197736024856567,1,2,rosberg,williams,8,8,8
14,2006,1,104,1.0089359283447266,1.0089359283447266,1,6,trulli,toyota,9,9,9
17,2006,1,104,0.9865541458129883,0.9865541458129883,1,10,button,honda,10,10,10
16,2006,1,104,0.97960364818573,0.97960364818573,1,2,webber,williams,11,11,11
1,2006,1,104,0.8258674740791321,0.8258674740791321,1,1,heidfeld,bmw_sauber,12,12,12
3,2006,1,104,0.7862276434898376,0.7862276434898376,1,3,alonso,renault,13,13,13
31,2006,1,104,-0.48280400037765503,-0.48280400037765503,1,8,klien,red_bull,14,14,14
25,2006,1,104,-0.9573020339012146,-0.9573020339012146,1,4,speed,toro_rosso,15,15,15
10,2006,1,104,-1.1819661855697632,-1.1819661855697632,1,7,sato,super_aguri,16,16,16
32,2006,1,104,-1.251318335533142,-1.251318335533142,1,12,monteiro,mf1,17,17,17
23,2006,1,104,-1.3182344436645508,-1.3182344436645508,1,4,liuzzi,toro_rosso,18,18,18
30,2006,2,105,1.2498961687088013,1.2202046513557434,2,0,montoya,mclaren,1,1,3
29,2006,2,105,1.211776614189148,1.1822434663772583,2,5,michael_schumacher,ferrari,2,1,4
12,2006,2,105,1.2083665132522583,1.1785569787025452,2,5,massa,ferrari,3,1,4
21,2006,2,105,1.1929901838302612,1.1634923815727234,2,10,barrichello,honda,4,1,4
22,2006,2,105,1.0849430561065674,1.055115818977356,2,6,ralf_schumacher,toyota,5,5,8
14,2006,2,105,1.0685802698135376,1.038758099079132,2,6,trulli,toyota,6,5,8
34,2006,2,105,1.0332709550857544,1.0332709550857544,1,1,villeneuve,bmw_sauber,7,5,8
17,2006,2,105,1.0458335876464844,1.0161938667297363,2,10,button,honda,8,5,8
3,2006,2,105,0.8456193208694458,0.8159234821796417,2,3,alonso,renault,9,9,9
20,2006,2,105,-0.5618963837623596,-0.5618963837623596,1,3,fisichella,renault,10,10,10
26,2006,2,105,-1.0931814908981323,-1.0931814908981323,1,12,albers,mf1,11,11,11
10,2006,2,105,-1.1227054595947266,-1.1523358225822449,2,7,sato,super_aguri,12,12,12
32,2006,2,105,-1.192591667175293,-1.2219550013542175,2,12,monteiro,mf1,13,13,13
23,2006,2,105,-1.2596635818481445,-1.2889490127563477,2,4,liuzzi,toro_rosso,14,14,14
7,2006,3,106,1.2387775182724,1.1990671753883362,2,0,raikkonen,mclaren,1,1,2
21,2006,3,106,1.2136874198913574,1.180224061012268,3,10,barrichello,honda,2,1,2
13,2006,3,106,1.1129682064056396,1.0733712911605835,2,8,coulthard,red_bull,3,3,6
22,2006,3,106,1.106210470199585,1.0721473693847656,3,6,ralf_schumacher,toyota,4,3,6
34,2006,3,106,1.0541821718215942,1.0437265634536743,2,1,villeneuve,bmw_sauber,5,4,6
17,2006,3,106,1.0667763948440552,1.0330547094345093,3,10,button,honda,6,4,6
1,2006,3,106,0.9059269428253174,0.8658972084522247,2,1,heidfeld,bmw_sauber,7,7,8
3,2006,3,106,0.8666591048240662,0.8328353563944498,3,3,alonso,renault,8,7,8
20,2006,3,106,-0.5410556793212891,-0.5514760315418243,2,3,fisichella,renault,9,9,9
33,2006,3,106,-0.9721050262451172,-0.9721050262451172,1,7,ide,super_aguri,10,10,11
25,2006,3,106,-1.0179091691970825,-0.9876056015491486,2,4,speed,toro_rosso,11,10,11
26,2006,3,106,-1.073256015777588,-1.08321875333786,2,12,albers,mf1,12,12,12
10,2006,3,106,-1.1017787456512451,-1.1354834636052449,3,7,sato,super_aguri,13,13,13
30,2006,4,107,1.1730272769927979,1.2044788599014282,3,0,montoya,mclaren,1,1,4
7,2006,4,107,1.1431465148925781,1.1804269552230835,3,0,raikkonen,mclaren,2,1,5
29,2006,4,107,1.1346337795257568,1.166373570760091,3,5,michael_schumacher,ferrari,3,1,5
21,2006,4,107,1.1174266338348389,1.1645247042179108,4,10,barrichello,honda,4,1,5
12,2006,4,107,1.1317014694213867,1.1629384756088257,3,5,massa,ferrari,5,1,5
22,2006,4,107,1.0104427337646484,1.0567212104797363,4,6,ralf_schumacher,toyota,6,6,8
2,2006,4,107,1.058972716331482,1.0393731594085693,2,2,rosberg,williams,7,6,9
17,2006,4,107,0.9707280397415161,1.017473042011261,4,10,button,honda,8,7,9
34,2006,4,107,0.9581064581871033,1.0151865283648174,3,1,villeneuve,bmw_sauber,9,6,10
16,2006,4,107,0.9615031480789185,0.9705533981323242,2,2,webber,williams,10,9,10
1,2006,4,107,0.8108483552932739,0.8475475907325745,3,1,heidfeld,bmw_sauber,11,11,12
3,2006,4,107,0.7706947922706604,0.8173002153635025,4,3,alonso,renault,12,11,12
20,2006,4,107,-0.6371921300888062,-0.5800480643908182,3,3,fisichella,renault,13,13,13
25,2006,4,107,-1.1142892837524414,-1.0298334956169128,3,4,speed,toro_rosso,14,14,14
32,2006,4,107,-1.2700283527374268,-1.2379794518152873,3,12,monteiro,mf1,15,15,15
23,2006,4,107,-1.3372352123260498,-1.305044412612915,3,4,liuzzi,toro_rosso,16,16,16
7,2006,5,108,1.1793086528778076,1.1801473796367645,4,0,raikkonen,mclaren,1,1,4
29,2006,5,108,1.1705257892608643,1.1674116253852844,4,5,michael_schumacher,ferrari,2,1,4
12,2006,5,108,1.1680070161819458,1.1642056107521057,4,5,massa,ferrari,3,1,4
21,2006,5,108,1.1530442237854004,1.1622286081314086,5,10,barrichello,honda,4,1,4
2,2006,5,108,1.0976579189300537,1.0588014125823975,3,2,rosberg,williams,5,5,6
14,2006,5,108,1.0305414199829102,1.036019206047058,3,6,trulli,toyota,6,5,7
34,2006,5,108,0.9938842058181763,1.009860947728157,4,1,villeneuve,bmw_sauber,7,6,7
1,2006,5,108,0.8474885821342468,0.8475328385829926,4,1,heidfeld,bmw_sauber,8,8,9
3,2006,5,108,0.8065689206123352,0.815153956413269,5,3,alonso,renault,9,8,9
20,2006,5,108,-0.6014671921730042,-0.5854028463363647,4,3,fisichella,renault,10,10,10
25,2006,5,108,-1.0787749290466309,-1.0420688539743423,4,4,speed,toro_rosso,11,11,12
26,2006,5,108,-1.1315805912017822,-1.0993393659591675,3,12,albers,mf1,12,11,12
32,2006,5,108,-1.2343900203704834,-1.2370820939540863,4,12,monteiro,mf1,13,13,13
7,2006,6,109,1.1655725240707397,1.1772324085235595,5,0,raikkonen,mclaren,1,1,4
29,2006,6,109,1.1565557718276978,1.1652404546737671,5,5,michael_schumacher,ferrari,2,1,4
12,2006,6,109,1.1543948650360107,1.1622434616088868,5,5,massa,ferrari,3,1,4
21,2006,6,109,1.1388369798660278,1.158330003420512,6,10,barrichello,honda,4,1,4
2,2006,6,109,1.086104393005371,1.0656271576881409,4,2,rosberg,williams,5,5,7
13,2006,6,109,1.0423837900161743,1.063042124112447,3,8,coulthard,red_bull,6,5,7
14,2006,6,109,1.016637921333313,1.0311738848686218,4,6,trulli,toyota,7,6,9
17,2006,6,109,0.9931681156158447,1.0126120567321777,5,10,button,honda,8,6,9
34,2006,6,109,0.9798153638839722,1.00385183095932,5,1,villeneuve,bmw_sauber,9,7,10
16,2006,6,109,0.984939455986023,0.9753487507502238,3,2,webber,williams,10,9,10
1,2006,6,109,0.8341658711433411,0.8448594450950623,5,1,heidfeld,bmw_sauber,11,11,11
3,2006,6,109,0.7925834059715271,0.811392198006312,6,3,alonso,renault,12,11,12
31,2006,6,109,-0.47643837332725525,-0.47962118685245514,2,8,klien,red_bull,13,13,13
20,2006,6,109,-0.6155815124511719,-0.5914385795593262,5,3,fisichella,renault,14,14,14
10,2006,6,109,-1.172598123550415,-1.1447621285915375,4,7,sato,super_aguri,15,15,15
32,2006,6,109,-1.248579740524292,-1.2393816232681274,5,12,monteiro,mf1,16,16,16
23,2006,6,109,-1.3150750398635864,-1.3075520694255829,4,4,liuzzi,toro_rosso,17,17,17
30,2006,7,110,1.2512633800506592,1.216174989938736,4,0,montoya,mclaren,1,1,2
29,2006,7,110,1.2108962535858154,1.1728497544924419,6,5,michael_schumacher,ferrari,2,1,4
12,2006,7,110,1.2090446949005127,1.170043667157491,6,5,massa,ferrari,3,2,4
21,2006,7,110,1.1929720640182495,1.1632788692201887,7,10,barrichello,honda,4,2,4
13,2006,7,110,1.0963765382766724,1.0713757276535034,4,8,coulthard,red_bull,5,5,7
22,2006,7,110,1.0885939598083496,1.063095760345459,5,6,ralf_schumacher,toyota,6,5,7
14,2006,7,110,1.0710358619689941,1.0391462802886964,5,6,trulli,toyota,7,6,8
17,2006,7,110,1.0473480224609375,1.0184013843536377,6,10,button,honda,8,7,9
34,2006,7,110,1.0340702533721924,1.0088882346947987,6,1,villeneuve,bmw_sauber,9,7,9
1,2006,7,110,0.8890661001205444,0.8522272209326426,6,1,heidfeld,bmw_sauber,10,10,10
3,2006,7,110,0.8469104170799255,0.8164662293025425,7,3,alonso,renault,11,11,11
20,2006,7,110,-0.5613659620285034,-0.5864264766375223,6,3,fisichella,renault,12,12,12
25,2006,7,110,-1.0376033782958984,-1.0411757588386537,5,4,speed,toro_rosso,13,13,13
26,2006,7,110,-1.0913002490997314,-1.0973295867443085,4,12,albers,mf1,14,13,14
35,2006,7,110,-1.1607773303985596,-1.1607773303985596,1,7,montagny,super_aguri,15,15,15
32,2006,7,110,-1.1944293975830078,-1.231889585653941,6,12,monteiro,mf1,16,16,16
23,2006,7,110,-1.2611373662948608,-1.2982691287994386,5,4,liuzzi,toro_rosso,17,17,17
30,2006,8,111,1.2664415836334229,1.2262283086776733,5,0,montoya,mclaren,1,1,2
7,2006,8,111,1.2338021993637085,1.1866607069969177,6,0,raikkonen,mclaren,2,1,5
29,2006,8,111,1.2261039018630981,1.180457489831107,7,5,michael_schumacher,ferrari,3,2,5
12,2006,8,111,1.2245198488235474,1.1778259788240706,7,5,massa,ferrari,4,2,5
21,2006,8,111,1.208001971244812,1.1688692569732666,8,10,barrichello,honda,5,2,5
2,2006,8,111,1.156221628189087,1.0837460517883302,5,2,rosberg,williams,6,6,8
13,2006,8,111,1.111283302307129,1.0793572425842286,5,8,coulthard,red_bull,7,6,8
14,2006,8,111,1.08629310131073,1.0470040837923686,6,6,trulli,toyota,8,7,8
34,2006,8,111,1.049203872680664,1.0146476115499223,7,1,villeneuve,bmw_sauber,9,8,9
1,2006,8,111,0.9047578573226929,0.8597315975597927,7,1,heidfeld,bmw_sauber,10,10,10
3,2006,8,111,0.8621063232421875,0.8221712410449982,8,3,alonso,renault,11,10,11
31,2006,8,111,-0.40862545371055603,-0.4559559424718221,3,8,klien,red_bull,12,12,12
20,2006,8,111,-0.5462665557861328,-0.5806893450873238,7,3,fisichella,renault,13,13,13
26,2006,8,111,-1.0772987604141235,-1.0933234214782714,5,12,albers,mf1,14,14,14
10,2006,8,111,-1.1051218509674072,-1.1368340730667115,5,7,sato,super_aguri,15,15,15
32,2006,8,111,-1.1793862581253052,-1.2243891102927071,7,12,monteiro,mf1,16,16,17
35,2006,8,111,-1.2962913513183594,-1.2285343408584595,2,7,montagny,super_aguri,17,16,18
23,2006,8,111,-1.2462784051895142,-1.2896040081977844,6,4,liuzzi,toro_rosso,18,17,18
7,2006,9,112,1.2422970533370972,1.1946087564740862,7,0,raikkonen,mclaren,1,1,3
29,2006,9,112,1.2342185974121094,1.1871776282787323,8,5,michael_schumacher,ferrari,2,1,3
12,2006,9,112,1.2328660488128662,1.18470598757267,8,5,massa,ferrari,3,1,3
13,2006,9,112,1.1191377639770508,1.0859873294830322,6,8,coulthard,red_bull,4,4,5
14,2006,9,112,1.094450831413269,1.0537821905953544,7,6,trulli,toyota,5,4,6
17,2006,9,112,1.068600058555603,1.025572623525347,7,10,button,honda,6,5,7
16,2006,9,112,1.0598516464233398,0.9964744746685028,4,2,webber,williams,7,6,7
1,2006,9,112,0.9132913947105408,0.8664265722036362,8,1,heidfeld,bmw_sauber,8,8,8
3,2006,9,112,0.8702108860015869,0.827508979373508,9,3,alonso,renault,9,9,9
31,2006,9,112,-0.40049105882644653,-0.4420897215604782,4,8,klien,red_bull,10,10,10
20,2006,9,112,-0.5382453203201294,-0.5753838419914246,8,3,fisichella,renault,11,11,11
25,2006,9,112,-1.016647219657898,-1.0370876689751942,6,4,speed,toro_rosso,12,12,12
10,2006,9,112,-1.0972784757614136,-1.1302414735158284,6,7,sato,super_aguri,13,13,13
32,2006,9,112,-1.171413779258728,-1.2177671939134598,8,12,monteiro,mf1,14,14,14
23,2006,9,112,-1.2384650707244873,-1.2822984457015991,7,4,liuzzi,toro_rosso,15,15,15
29,2006,10,113,1.1048206090927124,1.1780268483691745,9,5,michael_schumacher,ferrari,1,1,3
12,2006,10,113,1.1036683320999146,1.1757018036312528,9,5,massa,ferrari,2,1,3
21,2006,10,113,1.0846164226531982,1.1595078309377034,9,10,barrichello,honda,3,1,3
2,2006,10,113,1.0350029468536377,1.0756222009658813,6,2,rosberg,williams,4,4,6
13,2006,10,113,0.9895148277282715,1.0722055435180664,7,8,coulthard,red_bull,5,4,6
14,2006,10,113,0.9650900363922119,1.0426956713199615,8,6,trulli,toyota,6,4,6
3,2006,10,113,0.7408043146133423,0.8188385128974914,10,3,alonso,renault,7,7,7
20,2006,10,113,-0.6677241325378418,-0.5856438742743598,9,3,fisichella,renault,8,8,8
23,2006,10,113,-1.3681236505508423,-1.2930265963077545,8,4,liuzzi,toro_rosso,9,9,9
7,2006,11,114,1.2725316286087036,1.2043491154909134,8,0,raikkonen,mclaren,1,1,3
29,2006,11,114,1.2598994970321655,1.1862141132354735,10,5,michael_schumacher,ferrari,2,1,3
12,2006,11,114,1.258920431137085,1.184023666381836,10,5,massa,ferrari,3,1,3
2,2006,11,114,1.1920859813690186,1.0922598838806152,7,2,rosberg,williams,4,4,6
13,2006,11,114,1.144398808479309,1.0812297016382217,8,8,coulthard,red_bull,5,4,6
22,2006,11,114,1.1378390789031982,1.0755529801050823,6,6,ralf_schumacher,toyota,6,4,6
34,2006,11,114,1.0852117538452148,1.023468129336834,8,1,villeneuve,bmw_sauber,7,7,7
1,2006,11,114,0.9435595273971558,0.8749969005584717,9,1,heidfeld,bmw_sauber,8,8,8
3,2006,11,114,0.8958754539489746,0.825841871174899,11,3,alonso,renault,9,9,9
31,2006,11,114,-0.37056824564933777,-0.4277854263782501,5,8,klien,red_bull,10,10,10
20,2006,11,114,-0.5127153396606445,-0.5783510208129883,10,3,fisichella,renault,11,11,11
25,2006,11,114,-0.986856997013092,-1.0299118586948939,7,4,speed,toro_rosso,12,12,13
36,2006,11,114,-1.0316174030303955,-1.0316174030303955,1,0,rosa,mclaren,13,12,13
26,2006,11,114,-1.0422700643539429,-1.0848145286242168,6,12,albers,mf1,14,14,14
35,2006,11,114,-1.263772964477539,-1.240280548731486,3,7,montagny,super_aguri,15,15,16
23,2006,11,114,-1.2132704257965088,-1.2841647995842829,9,4,liuzzi,toro_rosso,16,15,16
7,2006,12,115,1.1837828159332275,1.202063971095615,9,0,raikkonen,mclaren,1,1,3
29,2006,12,115,1.1714364290237427,1.1848706873980435,11,5,michael_schumacher,ferrari,2,1,3
12,2006,12,115,1.1706072092056274,1.182803988456726,11,5,massa,ferrari,3,1,3
13,2006,12,115,1.0557674169540405,1.078400558895535,9,8,coulthard,red_bull,4,4,6
22,2006,12,115,1.0492405891418457,1.071794067110334,7,6,ralf_schumacher,toyota,5,4,6
14,2006,12,115,1.0282238721847534,1.0410876936382718,9,6,trulli,toyota,6,5,7
17,2006,12,115,1.006669282913208,1.0232097059488297,8,10,button,honda,7,6,7
3,2006,12,115,0.8074058890342712,0.8243055393298467,12,3,alonso,renault,8,8,8
31,2006,12,115,-0.45958685874938965,-0.4330856651067734,6,8,klien,red_bull,9,9,9
20,2006,12,115,-0.6012389063835144,-0.5804317376830361,11,3,fisichella,renault,10,10,10
25,2006,12,115,-1.0759902000427246,-1.0356716513633728,8,4,speed,toro_rosso,11,11,11
23,2006,12,115,-1.3019286394119263,-1.2859411835670471,10,4,liuzzi,toro_rosso,12,12,12
29,2006,13,116,1.239514946937561,1.1894243756930034,12,5,michael_schumacher,ferrari,1,1,3
12,2006,13,116,1.2388153076171875,1.1874715983867645,12,5,massa,ferrari,2,1,3
21,2006,13,116,1.2170261144638062,1.1652596592903137,10,10,barrichello,honda,3,1,3
13,2006,13,116,1.1237003803253174,1.0829305410385133,10,8,coulthard,red_bull,4,4,6
22,2006,13,116,1.1172019243240356,1.0774700492620468,8,6,ralf_schumacher,toyota,5,4,6
14,2006,13,116,1.0968048572540283,1.0466594099998474,10,6,trulli,toyota,6,5,7
17,2006,13,116,1.0747735500335693,1.0289390219582453,9,10,button,honda,7,6,7
1,2006,13,116,0.9240173101425171,0.8798989415168762,10,1,heidfeld,bmw_sauber,8,8,8
25,2006,13,116,-1.0084912776947021,-1.0326516098446317,9,4,speed,toro_rosso,9,9,10
36,2006,13,116,-1.0504636764526367,-1.0410405397415161,2,0,rosa,mclaren,10,9,10
26,2006,13,116,-1.0627648830413818,-1.0816645792552404,7,12,albers,mf1,11,11,11
10,2006,13,116,-1.0904066562652588,-1.1245507853371757,7,7,sato,super_aguri,12,12,12
32,2006,13,116,-1.1644302606582642,-1.2118408679962158,9,12,monteiro,mf1,13,13,13
29,2006,14,117,1.1745669841766357,1.1882814994225135,13,5,michael_schumacher,ferrari,1,1,3
12,2006,14,117,1.1739795207977295,1.1864337462645311,13,5,massa,ferrari,2,1,3
21,2006,14,117,1.1525166034698486,1.1641011996702715,11,10,barrichello,honda,3,1,3
13,2006,14,117,1.058626413345337,1.0807210748845881,11,8,coulthard,red_bull,4,4,5
22,2006,14,117,1.0521525144577026,1.0746569898393419,9,6,ralf_schumacher,toyota,5,4,6
14,2006,14,117,1.032291293144226,1.0453532175584273,11,6,trulli,toyota,6,5,7
17,2006,14,117,1.009847640991211,1.0270298838615417,10,10,button,honda,7,6,8
16,2006,14,117,1.0009204149246216,0.9973636627197265,5,2,webber,williams,8,7,8
1,2006,14,117,0.8586986660957336,0.8779716437513178,11,1,heidfeld,bmw_sauber,9,9,9
3,2006,14,117,0.8083687424659729,0.8230796318787795,13,3,alonso,renault,10,10,10
31,2006,14,117,-0.45909905433654785,-0.43680186356816975,7,8,klien,red_bull,11,11,11
20,2006,14,117,-0.6003227829933167,-0.5820893247922262,12,3,fisichella,renault,12,12,12
8,2006,14,117,-0.8424726128578186,-0.8424726128578186,1,1,kubica,bmw_sauber,13,13,13
25,2006,14,117,-1.0739407539367676,-1.0367805242538453,10,4,speed,toro_rosso,14,14,15
36,2006,14,117,-1.1151806116104126,-1.0657538970311482,3,0,rosa,mclaren,15,14,15
7,2006,15,118,1.2445800304412842,1.2063155770301819,10,0,raikkonen,mclaren,1,1,3
29,2006,15,118,1.2334933280944824,1.1915109157562256,14,5,michael_schumacher,ferrari,2,1,4
12,2006,15,118,1.2330029010772705,1.189760114465441,14,5,massa,ferrari,3,1,4
21,2006,15,118,1.211822509765625,1.168077975511551,12,10,barrichello,honda,4,3,4
13,2006,15,118,1.1174436807632446,1.0837812920411427,12,8,coulthard,red_bull,5,5,6
22,2006,15,118,1.1109912395477295,1.0782904148101806,10,6,ralf_schumacher,toyota,6,5,7
14,2006,15,118,1.0915935039520264,1.0492065747578938,12,6,trulli,toyota,7,6,8
17,2006,15,118,1.0687932968139648,1.0308265577663074,11,10,button,honda,8,7,9
16,2006,15,118,1.0608220100402832,1.0079400539398193,6,2,webber,williams,9,8,9
1,2006,15,118,0.9173043966293335,0.8812493731578191,12,1,heidfeld,bmw_sauber,10,10,10
31,2006,15,118,-0.40029650926589966,-0.43223869428038597,8,8,klien,red_bull,11,11,11
20,2006,15,118,-0.5411497354507446,-0.5789401256121122,13,3,fisichella,renault,12,12,12
8,2006,15,118,-0.9081835150718689,-0.8753280639648438,2,1,kubica,bmw_sauber,13,13,13
25,2006,15,118,-1.0154482126235962,-1.0348412231965498,11,4,speed,toro_rosso,14,14,14
26,2006,15,118,-1.0688313245773315,-1.0800604224205017,8,13,albers,spyker_mf1,15,15,15
10,2006,15,118,-1.0957258939743042,-1.1209476739168167,8,7,sato,super_aguri,16,16,16
23,2006,15,118,-1.2410527467727661,-1.2818604165857488,11,4,liuzzi,toro_rosso,17,17,17
29,2006,16,119,1.3250081539154053,1.2004107316335042,15,5,michael_schumacher,ferrari,1,1,2
21,2006,16,119,1.3036653995513916,1.1785077773607695,13,10,barrichello,honda,2,1,2
2,2006,16,119,1.2573065757751465,1.1128907203674316,8,2,rosberg,williams,3,3,4
13,2006,16,119,1.2088642120361328,1.0934030551176805,13,8,coulthard,red_bull,4,3,4
17,2006,16,119,1.1603245735168457,1.0416180590788524,12,10,button,honda,5,5,6
16,2006,16,119,1.1531803607940674,1.028688669204712,7,2,webber,williams,6,5,6
1,2006,16,119,1.0085418224334717,0.891041100025177,13,1,heidfeld,bmw_sauber,7,7,7
3,2006,16,119,0.9573879837989807,0.8326730855873653,14,3,alonso,renault,8,8,8
20,2006,16,119,-0.4494217038154602,-0.5696888097694942,14,3,fisichella,renault,9,9,9
8,2006,16,119,-0.8175610303878784,-0.8560723861058553,3,1,kubica,bmw_sauber,10,10,10
25,2006,16,119,-0.9243086576461792,-1.0256301760673523,12,4,speed,toro_rosso,11,11,12
36,2006,16,119,-0.9662485122680664,-1.0408775508403778,4,0,rosa,mclaren,12,11,14
37,2006,16,119,-1.0664929151535034,-1.0664929151535034,1,8,doornbos,red_bull,13,12,14
26,2006,16,119,-0.9785053133964539,-1.0687765214178298,9,13,albers,spyker_mf1,14,12,14
28,2006,16,119,-1.1720659732818604,-1.1720659732818604,1,7,yamamoto,super_aguri,15,15,15
23,2006,16,119,-1.1495473384857178,-1.2708343267440796,12,4,liuzzi,toro_rosso,16,16,16
7,2006,17,120,1.336869716644287,1.2181841351769187,11,0,raikkonen,mclaren,1,1,3
12,2006,17,120,1.3254536390304565,1.198806349436442,15,5,massa,ferrari,2,1,3
21,2006,17,120,1.3103208541870117,1.1879229971340723,14,10,barrichello,honda,3,1,4
2,2006,17,120,1.2653968334197998,1.129835844039917,9,2,rosberg,williams,4,3,6
22,2006,17,120,1.2032822370529175,1.0896533077413386,11,6,ralf_schumacher,toyota,5,4,6
14,2006,17,120,1.1842854022979736,1.0595972537994385,13,6,trulli,toyota,6,5,7
17,2006,17,120,1.1667104959487915,1.051240554222694,13,10,button,honda,7,5,7
1,2006,17,120,1.0146735906600952,0.8998719922133854,14,1,heidfeld,bmw_sauber,8,8,8
3,2006,17,120,0.9642385244369507,0.8414441148440043,15,3,alonso,renault,9,9,9
20,2006,17,120,-0.4428655207157135,-0.5612339238325755,15,3,fisichella,renault,10,10,10
8,2006,17,120,-0.81196129322052,-0.8450446128845215,4,1,kubica,bmw_sauber,11,11,11
25,2006,17,120,-0.9182616472244263,-1.0173710584640503,13,4,speed,toro_rosso,12,12,13
36,2006,17,120,-0.9594732522964478,-1.0245966911315918,5,0,rosa,mclaren,13,12,14
37,2006,17,120,-1.0618891716003418,-1.0641910433769226,2,8,doornbos,red_bull,14,13,14
10,2006,17,120,-1.0039012432098389,-1.1079425149493747,9,7,sato,super_aguri,15,15,15
32,2006,17,120,-1.078994870185852,-1.1985562682151794,10,13,monteiro,spyker_mf1,16,16,17
28,2006,17,120,-1.2999837398529053,-1.2360248565673828,2,7,yamamoto,super_aguri,17,16,18
23,2006,17,120,-1.143183708190918,-1.2610150483938365,13,4,liuzzi,toro_rosso,18,17,18
7,2006,18,121,1.4034303426742554,1.23362131913503,12,0,raikkonen,mclaren,1,1,4
29,2006,18,121,1.3924494981765747,1.2124131545424461,16,5,michael_schumacher,ferrari,2,1,4
12,2006,18,121,1.3921537399291992,1.2108905613422394,16,5,massa,ferrari,3,1,4
21,2006,18,121,1.3764488697052002,1.2004913886388142,15,10,barrichello,honda,4,1,4
17,2006,18,121,1.2326053380966187,1.06419518164226,14,10,button,honda,5,5,5
1,2006,18,121,1.0803484916687012,0.9119037588437399,15,1,heidfeld,bmw_sauber,6,6,6
3,2006,18,121,1.0305352210998535,0.8532623089849949,16,3,alonso,renault,7,7,7
20,2006,18,121,-0.3768234848976135,-0.5497082713991404,16,3,fisichella,renault,8,8,8
8,2006,18,121,-0.7467465400695801,-0.8253849983215332,5,1,kubica,bmw_sauber,9,9,9
36,2006,18,121,-0.8932416439056396,-1.0027041832605998,6,0,rosa,mclaren,10,10,12
25,2006,18,121,-0.8526599407196045,-1.0056059786251612,14,4,speed,toro_rosso,11,10,12
37,2006,18,121,-0.9975360631942749,-1.0419727166493733,3,8,doornbos,red_bull,12,10,13
26,2006,18,121,-0.9120919704437256,-1.0531080663204193,10,13,albers,spyker_mf1,13,11,14
10,2006,18,121,-0.9377427697181702,-1.0909225404262544,10,7,sato,super_aguri,14,12,14
32,2006,18,121,-1.0125954151153564,-1.1816507361151956,11,13,monteiro,spyker_mf1,15,15,16
28,2006,18,121,-1.240807294845581,-1.2376190026601155,3,7,yamamoto,super_aguri,16,15,17
23,2006,18,121,-1.0773082971572876,-1.2478931375912257,14,4,liuzzi,toro_rosso,17,16,17
7,2007,1,122,1.199327826499939,1.199327826499939,1,5,raikkonen,ferrari,1,1,1
12,2007,1,122,1.188171625137329,1.188171625137329,1,5,massa,ferrari,2,2,2
21,2007,1,122,1.1719719171524048,1.1719719171524048,1,10,barrichello,honda,3,3,3
2,2007,1,122,1.1211655139923096,1.1211655139923096,1,2,rosberg,williams,4,4,4
0,2007,1,122,1.058334231376648,1.058334231376648,1,0,hamilton,mclaren,5,5,5
22,2007,1,122,1.0582436323165894,1.0582436323165894,1,6,ralf_schumacher,toyota,6,6,6
14,2007,1,122,1.0395935773849487,1.0395935773849487,1,6,trulli,toyota,7,7,7
17,2007,1,122,1.0279266834259033,1.0279266834259033,1,10,button,honda,8,8,8
16,2007,1,122,1.0097508430480957,1.0097508430480957,1,8,webber,red_bull,9,9,9
1,2007,1,122,0.8754795789718628,0.8754795789718628,1,1,heidfeld,bmw_sauber,10,10,10
3,2007,1,122,0.8262042999267578,0.8262042999267578,1,0,alonso,mclaren,11,11,11
4,2007,1,122,0.5570347309112549,0.5570347309112549,1,3,kovalainen,renault,12,12,12
20,2007,1,122,-0.5813747644424438,-0.5813747644424438,1,3,fisichella,renault,13,13,13
18,2007,1,122,-1.0269831418991089,-1.0269831418991089,1,7,davidson,super_aguri,14,14,14
15,2007,1,122,-1.045815110206604,-1.045815110206604,1,11,sutil,spyker,15,15,15
10,2007,1,122,-1.14219331741333,-1.14219331741333,1,7,sato,super_aguri,16,16,16
23,2007,1,122,-1.28200364112854,-1.28200364112854,1,4,liuzzi,toro_rosso,17,17,17
7,2007,2,123,1.229076623916626,1.2142022252082825,2,5,raikkonen,ferrari,1,1,3
12,2007,2,123,1.218024730682373,1.203098177909851,2,5,massa,ferrari,2,1,3
21,2007,2,123,1.2013969421386719,1.1866844296455383,2,10,barrichello,honda,3,2,3
0,2007,2,123,1.1554538011550903,1.1068940162658691,2,0,hamilton,mclaren,4,4,6
22,2007,2,123,1.0890055894851685,1.073624610900879,2,6,ralf_schumacher,toyota,5,4,6
14,2007,2,123,1.0706555843353271,1.055124580860138,2,6,trulli,toyota,6,5,8
17,2007,2,123,1.057177186012268,1.0425519347190857,2,10,button,honda,7,6,8
16,2007,2,123,1.041205883026123,1.0254783630371094,2,8,webber,red_bull,8,7,8
1,2007,2,123,0.9045654535293579,0.8900225162506104,2,1,heidfeld,bmw_sauber,9,9,9
24,2007,2,123,0.8631775379180908,0.8631775379180908,1,2,wurz,williams,10,10,10
3,2007,2,123,0.8557554483413696,0.8409798741340637,2,0,alonso,mclaren,11,11,11
4,2007,2,123,0.6040242910385132,0.580529510974884,2,3,kovalainen,renault,12,12,12
20,2007,2,123,-0.5520141124725342,-0.566694438457489,2,3,fisichella,renault,13,13,13
8,2007,2,123,-0.9192283153533936,-0.9192283153533936,1,1,kubica,bmw_sauber,14,14,14
25,2007,2,123,-1.024807095527649,-1.024807095527649,1,4,speed,toro_rosso,15,15,15
18,2007,2,123,-1.1383953094482422,-1.0826892256736755,2,7,davidson,super_aguri,16,16,17
10,2007,2,123,-1.1127455234527588,-1.1274694204330444,2,7,sato,super_aguri,17,16,17
23,2007,2,123,-1.2527676820755005,-1.2673856616020203,2,4,liuzzi,toro_rosso,18,18,18
7,2007,3,124,1.2093318700790405,1.2125787734985352,3,5,raikkonen,ferrari,1,1,2
12,2007,3,124,1.198370337486267,1.2015222311019897,3,5,massa,ferrari,2,1,3
21,2007,3,124,1.1813721656799316,1.1849136749903362,3,10,barrichello,honda,3,2,3
2,2007,3,124,1.1340322494506836,1.1275988817214966,2,2,rosberg,williams,4,4,5
0,2007,3,124,1.1393007040023804,1.1176962455113728,3,0,hamilton,mclaren,5,4,6
22,2007,3,124,1.0701375007629395,1.0724622408548992,3,6,ralf_schumacher,toyota,6,5,7
14,2007,3,124,1.0520468950271606,1.0540986855824788,3,6,trulli,toyota,7,6,7
1,2007,3,124,0.8842475414276123,0.8880975246429443,3,1,heidfeld,bmw_sauber,8,8,8
24,2007,3,124,0.844606876373291,0.8538922071456909,2,2,wurz,williams,9,9,10
3,2007,3,124,0.8358399868011475,0.8392665783564249,3,0,alonso,mclaren,10,9,10
4,2007,3,124,0.5871192216873169,0.5827260812123617,3,3,kovalainen,renault,11,11,11
20,2007,3,124,-0.5720945000648499,-0.568494458993276,3,3,fisichella,renault,12,12,12
8,2007,3,124,-0.94038987159729,-0.9298090934753418,2,1,kubica,bmw_sauber,13,13,13
26,2007,3,124,-1.1028294563293457,-1.1028294563293457,1,11,albers,spyker,14,14,16
18,2007,3,124,-1.1576764583587646,-1.1076849699020386,3,7,davidson,super_aguri,15,14,16
15,2007,3,124,-1.177703857421875,-1.1117594838142395,2,11,sutil,spyker,16,14,16
12,2007,4,125,1.275658369064331,1.220056265592575,4,5,massa,ferrari,1,1,2
21,2007,4,125,1.2583401203155518,1.20327028632164,4,10,barrichello,honda,2,1,3
13,2007,4,125,1.1578576564788818,1.1578576564788818,1,8,coulthard,red_bull,3,3,5
2,2007,4,125,1.2125673294067383,1.1559216976165771,3,2,rosberg,williams,4,2,5
0,2007,4,125,1.2196173667907715,1.1431765258312225,4,0,hamilton,mclaren,5,3,5
17,2007,4,125,1.116044044494629,1.0670493046442668,3,10,button,honda,6,6,6
3,2007,4,125,0.912902295589447,0.8576755076646805,4,0,alonso,mclaren,7,7,7
4,2007,4,125,0.666785478591919,0.603740930557251,4,3,kovalainen,renault,8,8,8
20,2007,4,125,-0.495174765586853,-0.5501645356416702,4,3,fisichella,renault,9,9,9
8,2007,4,125,-0.8644053936004639,-0.9080078601837158,3,1,kubica,bmw_sauber,10,10,10
26,2007,4,125,-1.0268994569778442,-1.064864456653595,2,11,albers,spyker,11,11,14
18,2007,4,125,-1.0800654888153076,-1.1007800996303558,4,7,davidson,super_aguri,12,11,14
10,2007,4,125,-1.0537078380584717,-1.1028822263081868,3,7,sato,super_aguri,13,11,14
15,2007,4,125,-1.1002140045166016,-1.1079109907150269,3,11,sutil,spyker,14,11,14
12,2007,5,126,1.1993117332458496,1.21590735912323,5,5,massa,ferrari,1,1,3
7,2007,5,126,1.2081559896469116,1.2114730775356293,4,5,raikkonen,ferrari,2,1,3
21,2007,5,126,1.1817163228988647,1.1989594936370849,5,10,barrichello,honda,3,1,4
2,2007,5,126,1.1372995376586914,1.1512661576271057,4,2,rosberg,williams,4,3,6
0,2007,5,126,1.1458905935287476,1.1437193393707275,5,0,hamilton,mclaren,5,4,6
13,2007,5,126,1.081635594367981,1.1197466254234314,2,8,coulthard,red_bull,6,4,7
22,2007,5,126,1.0697197914123535,1.0717766284942627,4,6,ralf_schumacher,toyota,7,7,8
17,2007,5,126,1.039009928703308,1.060039460659027,4,10,button,honda,8,6,9
14,2007,5,126,1.0518535375595093,1.0535373985767365,4,6,trulli,toyota,9,8,9
1,2007,5,126,0.8825758099555969,0.8867170959711075,4,1,heidfeld,bmw_sauber,10,10,10
3,2007,5,126,0.8363603353500366,0.8534124732017517,5,0,alonso,mclaren,11,11,12
24,2007,5,126,0.8444464802742004,0.8507436315218607,3,2,wurz,williams,12,11,12
4,2007,5,126,0.5924960374832153,0.6014919519424439,5,3,kovalainen,renault,13,13,13
20,2007,5,126,-0.5718400478363037,-0.5544996380805969,5,3,fisichella,renault,14,14,14
8,2007,5,126,-0.9418797492980957,-0.9164758324623108,4,1,kubica,bmw_sauber,15,15,15
25,2007,5,126,-1.0450224876403809,-1.034914791584015,2,4,speed,toro_rosso,16,16,16
26,2007,5,126,-1.1044209003448486,-1.078049937884013,3,11,albers,spyker,17,17,19
10,2007,5,126,-1.1305944919586182,-1.1098102927207947,4,7,sato,super_aguri,18,17,19
18,2007,5,126,-1.1561328172683716,-1.111850643157959,5,7,davidson,super_aguri,19,17,19
7,2007,6,127,1.1232980489730835,1.19383807182312,5,5,raikkonen,ferrari,1,1,3
21,2007,6,127,1.0964109897613525,1.181868076324463,6,10,barrichello,honda,2,1,3
2,2007,6,127,1.0531667470932007,1.1316462755203247,5,2,rosberg,williams,3,2,4
0,2007,6,127,1.0630908012390137,1.1302812496821086,6,0,hamilton,mclaren,4,2,4
22,2007,6,127,0.9855175614356995,1.0545248150825501,5,6,ralf_schumacher,toyota,5,5,6
16,2007,6,127,0.9402914047241211,0.9970827102661133,3,8,webber,red_bull,6,5,6
1,2007,6,127,0.7972888946533203,0.86883145570755,5,1,heidfeld,bmw_sauber,7,7,9
3,2007,6,127,0.7511255741119385,0.8363646566867828,6,0,alonso,mclaren,8,7,9
24,2007,6,127,0.760466992855072,0.8281744718551636,4,2,wurz,williams,9,7,9
4,2007,6,127,0.5092096328735352,0.5861115654309591,6,3,kovalainen,renault,10,10,10
10,2007,6,127,-1.2161273956298828,-1.1310737133026123,5,7,sato,super_aguri,11,11,12
18,2007,6,127,-1.2409567832946777,-1.1333683331807454,6,7,davidson,super_aguri,12,11,12
12,2007,7,128,1.2334812879562378,1.2188363472620647,6,5,massa,ferrari,1,1,2
7,2007,7,128,1.2374391555786133,1.2011049191157024,6,5,raikkonen,ferrari,2,1,2
2,2007,7,128,1.1679350137710571,1.1376943985621135,6,2,rosberg,williams,3,3,4
0,2007,7,128,1.1790122985839844,1.1372428280966622,7,0,hamilton,mclaren,4,3,4
17,2007,7,128,1.0725845098495483,1.0625484704971313,5,10,button,honda,5,5,7
14,2007,7,128,1.0870808362960815,1.0602460861206056,5,6,trulli,toyota,6,5,7
19,2007,7,128,1.0551645755767822,1.0551645755767822,1,1,vettel,bmw_sauber,7,5,7
16,2007,7,128,1.0552518367767334,1.0116249918937683,4,8,webber,red_bull,8,7,8
3,2007,7,128,0.8649407625198364,0.8404469575200763,7,0,alonso,mclaren,9,9,10
24,2007,7,128,0.8753677606582642,0.8376131296157837,5,2,wurz,williams,10,9,10
4,2007,7,128,0.6247100830078125,0.5916256393705096,7,3,kovalainen,renault,11,11,11
20,2007,7,128,-0.5379462242126465,-0.5517407357692719,6,3,fisichella,renault,12,12,12
25,2007,7,128,-1.0118680000305176,-1.0272325277328491,3,4,speed,toro_rosso,13,13,13
26,2007,7,128,-1.0712676048278809,-1.0763543546199799,4,11,albers,spyker,14,14,15
15,2007,7,128,-1.1404532194137573,-1.1160465478897095,4,11,sutil,spyker,15,14,16
18,2007,7,128,-1.1267865896224976,-1.1324280841009957,7,7,davidson,super_aguri,16,15,16
23,2007,7,128,-1.2363665103912354,-1.2570459445317586,3,4,liuzzi,toro_rosso,17,17,17
12,2007,8,129,1.1425782442092896,1.2079423325402396,7,5,massa,ferrari,1,1,3
7,2007,8,129,1.1474034786224365,1.1934332847595215,7,5,raikkonen,ferrari,2,1,3
21,2007,8,129,1.1191701889038086,1.1729112352643694,7,10,barrichello,honda,3,1,4
0,2007,8,129,1.0905166864395142,1.1314020603895187,8,0,hamilton,mclaren,4,3,6
2,2007,8,129,1.078442096710205,1.1292297840118408,7,2,rosberg,williams,5,3,6
13,2007,8,129,1.0249179601669312,1.0881370703379314,3,8,coulthard,red_bull,6,4,8
17,2007,8,129,0.9811668395996094,1.0489848653475444,6,10,button,honda,7,6,8
22,2007,8,129,1.0092310905456543,1.0469758609930675,6,6,ralf_schumacher,toyota,8,6,8
16,2007,8,129,0.9659249782562256,1.0024849891662597,5,8,webber,red_bull,9,8,9
1,2007,8,129,0.820064127445221,0.8607035676638285,6,1,heidfeld,bmw_sauber,10,10,12
3,2007,8,129,0.7746232748031616,0.8322189971804619,8,0,alonso,mclaren,11,10,12
24,2007,8,129,0.7859892845153809,0.8290091554323832,6,2,wurz,williams,12,10,12
4,2007,8,129,0.5358504056930542,0.5846537351608276,8,3,kovalainen,renault,13,13,13
20,2007,8,129,-0.6290878057479858,-0.5627903171948024,7,3,fisichella,renault,14,14,14
8,2007,8,129,-0.9996805787086487,-0.9331167817115784,5,1,kubica,bmw_sauber,15,15,15
15,2007,8,129,-1.2314434051513672,-1.139125919342041,5,11,sutil,spyker,16,16,17
10,2007,8,129,-1.193565011024475,-1.1414889295895894,6,7,sato,super_aguri,17,16,17
12,2007,9,130,1.1966407299041748,1.2065296322107315,8,5,massa,ferrari,1,1,2
7,2007,9,130,1.2022165060043335,1.194531187415123,8,5,raikkonen,ferrari,2,1,3
21,2007,9,130,1.1737778186798096,1.1730195581912994,8,10,barrichello,honda,3,1,4
0,2007,9,130,1.1466617584228516,1.1330975823932223,9,0,hamilton,mclaren,4,3,6
2,2007,9,130,1.1337244510650635,1.1297916173934937,8,2,rosberg,williams,5,3,6
13,2007,9,130,1.0790860652923584,1.085874319076538,4,8,coulthard,red_bull,6,5,7
17,2007,9,130,1.0347843170166016,1.046956215585981,7,10,button,honda,7,6,7
1,2007,9,130,0.8746855854988098,0.8627009987831116,7,1,heidfeld,bmw_sauber,8,8,9
3,2007,9,130,0.8291922807693481,0.8318826953570048,9,0,alonso,mclaren,9,8,10
24,2007,9,130,0.8413707613945007,0.8307750991412571,7,2,wurz,williams,10,8,10
4,2007,9,130,0.5916805267333984,0.5854344897800021,9,3,kovalainen,renault,11,11,11
20,2007,9,130,-0.5752314925193787,-0.5643454641103745,8,3,fisichella,renault,12,12,12
8,2007,9,130,-0.9464493989944458,-0.9353388845920563,6,1,kubica,bmw_sauber,13,13,13
26,2007,9,130,-1.1049716472625732,-1.0820778131484985,5,11,albers,spyker,14,14,14
10,2007,9,130,-1.139127492904663,-1.1411515814917428,7,7,sato,super_aguri,15,15,15
23,2007,9,130,-1.269852638244629,-1.2602476179599762,4,4,liuzzi,toro_rosso,16,16,16
12,2007,10,131,1.1394917964935303,1.1990809837977092,9,5,massa,ferrari,1,1,2
21,2007,10,131,1.1171002388000488,1.1668063004811604,9,10,barrichello,honda,2,1,3
0,2007,10,131,1.0913141965866089,1.128919243812561,10,0,hamilton,mclaren,3,2,4
13,2007,10,131,1.0220283269882202,1.0731051206588744,5,8,coulthard,red_bull,4,3,5
14,2007,10,131,0.9988816380500793,1.0500186781088512,6,6,trulli,toyota,5,4,5
16,2007,10,131,0.9650618433952332,0.996247798204422,6,8,webber,red_bull,6,6,6
1,2007,10,131,0.8180201053619385,0.8571158871054649,8,1,heidfeld,bmw_sauber,7,7,8
3,2007,10,131,0.7724815011024475,0.8259425759315491,10,0,alonso,mclaren,8,8,9
24,2007,10,131,0.7853626012802124,0.8250985369086266,8,2,wurz,williams,9,7,9
4,2007,10,131,0.5360605120658875,0.5804970920085907,10,3,kovalainen,renault,10,10,10
20,2007,10,131,-0.6325588226318359,-0.5719247261683146,9,3,fisichella,renault,11,11,11
8,2007,10,131,-1.0043175220489502,-0.9451929756573269,7,1,kubica,bmw_sauber,12,12,12
18,2007,10,131,-1.215008020401001,-1.1427505761384964,8,7,davidson,super_aguri,13,13,13
12,2007,11,132,1.125766634941101,1.1917495489120484,10,5,massa,ferrari,1,1,3
7,2007,11,132,1.135268211364746,1.1879464122984145,9,5,raikkonen,ferrari,2,1,3
21,2007,11,132,1.1037828922271729,1.1605039596557618,10,10,barrichello,honda,3,1,4
0,2007,11,132,1.079147219657898,1.1243945143439553,11,0,hamilton,mclaren,4,3,5
2,2007,11,132,1.067182183265686,1.122835013601515,9,2,rosberg,williams,5,3,5
13,2007,11,132,1.0083820819854736,1.062317947546641,6,8,coulthard,red_bull,6,5,9
19,2007,11,132,1.0296839475631714,1.0424242615699768,2,4,vettel,toro_rosso,7,6,9
14,2007,11,132,0.9852896928787231,1.040771680218833,7,6,trulli,toyota,8,6,9
22,2007,11,132,0.9979267120361328,1.0399688397135054,7,6,ralf_schumacher,toyota,9,6,9
16,2007,11,132,0.9524000883102417,0.9899838396481105,7,8,webber,red_bull,10,9,10
1,2007,11,132,0.8047130703926086,0.8512933519151475,9,1,heidfeld,bmw_sauber,11,11,12
3,2007,11,132,0.7591352462768555,0.8198691823265769,11,0,alonso,mclaren,12,11,13
24,2007,11,132,0.7726241946220398,0.8192680544323392,9,2,wurz,williams,13,11,13
4,2007,11,132,0.5236577987670898,0.5753298835320906,11,3,kovalainen,renault,14,14,14
20,2007,11,132,-0.6464383602142334,-0.5793760895729065,10,3,fisichella,renault,15,15,15
8,2007,11,132,-1.018664836883545,-0.9543769583106041,8,1,kubica,bmw_sauber,16,16,16
10,2007,11,132,-1.206400752067566,-1.1493077278137207,8,7,sato,super_aguri,17,17,18
15,2007,11,132,-1.24419367313385,-1.1566372116406758,6,11,sutil,spyker,18,17,18
12,2007,12,133,1.2120347023010254,1.1935936537655918,11,5,massa,ferrari,1,1,2
7,2007,12,133,1.2216553688049316,1.1913173079490662,10,5,raikkonen,ferrari,2,1,3
21,2007,12,133,1.190403699874878,1.1632221178574995,11,10,barrichello,honda,3,2,4
0,2007,12,133,1.1667630672454834,1.1279252270857494,12,0,hamilton,mclaren,4,3,5
2,2007,12,133,1.1539204120635986,1.1259435534477233,10,2,rosberg,williams,5,4,5
13,2007,12,133,1.094718337059021,1.066946574619838,7,8,coulthard,red_bull,6,6,10
19,2007,12,133,1.115884780883789,1.0669111013412476,3,4,vettel,toro_rosso,7,6,10
17,2007,12,133,1.0563746690750122,1.04813352227211,8,10,button,honda,8,6,10
22,2007,12,133,1.0848219394683838,1.0455754771828651,8,6,ralf_schumacher,toyota,9,6,10
14,2007,12,133,1.071673035621643,1.0446343496441841,8,6,trulli,toyota,10,7,10
1,2007,12,133,0.8913427591323853,0.8552982926368713,10,1,heidfeld,bmw_sauber,11,11,12
24,2007,12,133,0.8597458004951477,0.82331582903862,10,2,wurz,williams,12,11,13
3,2007,12,133,0.8457310795783997,0.8220243404308955,12,0,alonso,mclaren,13,11,13
4,2007,12,133,0.6110697388648987,0.5783082048098246,12,3,kovalainen,renault,14,14,14
20,2007,12,133,-0.560303807258606,-0.5776422457261519,11,3,fisichella,renault,15,15,15
8,2007,12,133,-0.9329348802566528,-0.9519945051934984,9,1,kubica,bmw_sauber,16,16,16
18,2007,12,133,-1.139046549797058,-1.1423390176561143,9,7,davidson,super_aguri,17,17,19
10,2007,12,133,-1.1202945709228516,-1.1460840437147353,9,7,sato,super_aguri,18,17,19
15,2007,12,133,-1.1585490703582764,-1.1569103343146188,7,11,sutil,spyker,19,17,19
23,2007,12,133,-1.2489914894104004,-1.257996392250061,5,4,liuzzi,toro_rosso,20,20,20
28,2007,12,133,-1.410597801208496,-1.410597801208496,1,11,yamamoto,spyker,21,21,21
7,2007,13,134,1.2382471561431885,1.1955836577848955,11,5,raikkonen,ferrari,1,1,2
21,2007,13,134,1.2071977853775024,1.1668867568174999,12,10,barrichello,honda,2,1,3
0,2007,13,134,1.184417724609375,1.132270803818336,13,0,hamilton,mclaren,3,2,5
2,2007,13,134,1.1708160638809204,1.130022872578014,11,2,rosberg,williams,4,2,4
19,2007,13,134,1.1323155164718628,1.0832622051239014,4,4,vettel,toro_rosso,5,4,7
22,2007,13,134,1.1018531322479248,1.0518285499678717,9,6,ralf_schumacher,toyota,6,5,8
17,2007,13,134,1.0716419219970703,1.0507455666859944,9,10,button,honda,7,5,8
14,2007,13,134,1.088261604309082,1.0494818223847284,9,6,trulli,toyota,8,5,8
16,2007,13,134,1.0549043416976929,0.9980989024043083,8,8,webber,red_bull,9,9,9
1,2007,13,134,0.908144474029541,0.8601024909452959,11,1,heidfeld,bmw_sauber,10,10,11
24,2007,13,134,0.876973032951355,0.8281937566670504,11,2,wurz,williams,11,10,12
3,2007,13,134,0.8625035881996155,0.8251381287207971,13,0,alonso,mclaren,12,11,12
4,2007,13,134,0.6285481452941895,0.5821728156163142,13,3,kovalainen,renault,13,13,13
20,2007,13,134,-0.5439304113388062,-0.574832926193873,12,3,fisichella,renault,14,14,14
8,2007,13,134,-0.9169114828109741,-0.948486202955246,10,1,kubica,bmw_sauber,15,15,15
18,2007,13,134,-1.1229050159454346,-1.1403956174850465,10,7,davidson,super_aguri,16,16,18
10,2007,13,134,-1.1039457321166992,-1.1418702125549316,10,7,sato,super_aguri,17,16,18
15,2007,13,134,-1.1425997018814087,-1.1551215052604675,8,11,sutil,spyker,18,16,18
23,2007,13,134,-1.2343547344207764,-1.2540561159451802,6,4,liuzzi,toro_rosso,19,19,19
28,2007,13,134,-1.4020111560821533,-1.4063044786453247,2,11,yamamoto,spyker,20,20,20
7,2007,14,135,1.247441053390503,1.1999051074186962,12,5,raikkonen,ferrari,1,1,3
12,2007,14,135,1.2359251976013184,1.1971212824185689,12,5,massa,ferrari,2,1,3
21,2007,14,135,1.216566562652588,1.1707082803432758,13,10,barrichello,honda,3,2,4
0,2007,14,135,1.1945312023162842,1.136717975139618,14,0,hamilton,mclaren,4,4,5
2,2007,14,135,1.1802728176116943,1.1342103679974873,12,2,rosberg,williams,5,4,5
22,2007,14,135,1.1114270687103271,1.0577884018421173,10,6,ralf_schumacher,toyota,6,6,7
14,2007,14,135,1.0974528789520264,1.0542789280414582,10,6,trulli,toyota,7,6,7
16,2007,14,135,1.0649631023406982,1.005528257952796,9,8,webber,red_bull,8,8,8
1,2007,14,135,0.9175200462341309,0.8648872872193655,12,1,heidfeld,bmw_sauber,9,9,9
3,2007,14,135,0.8718538284301758,0.8284749644143241,14,0,alonso,mclaren,10,10,10
4,2007,14,135,0.6385089755058289,0.5861968270369938,14,3,kovalainen,renault,11,11,11
8,2007,14,135,-0.9082092046737671,-0.9448246576569297,11,1,kubica,bmw_sauber,12,12,12
10,2007,14,135,-1.0949618816375732,-1.1376058188351719,11,7,sato,super_aguri,13,13,15
18,2007,14,135,-1.114100694656372,-1.138005169955167,11,7,davidson,super_aguri,14,13,15
15,2007,14,135,-1.1339614391326904,-1.1527703868018255,9,11,sutil,spyker,15,13,15
23,2007,14,135,-1.2268519401550293,-1.250169805118016,7,4,liuzzi,toro_rosso,16,16,16
28,2007,14,135,-1.399741768836975,-1.4041169087092082,3,11,yamamoto,spyker,17,17,17
7,2007,15,136,1.2684067487716675,1.2051744644458477,13,5,raikkonen,ferrari,1,1,3
12,2007,15,136,1.257043719291687,1.201730700639578,13,5,massa,ferrari,2,1,3
21,2007,15,136,1.2376832962036133,1.1754922100475855,14,10,barrichello,honda,3,2,4
0,2007,15,136,1.216292142868042,1.1420229196548461,15,0,hamilton,mclaren,4,3,4
13,2007,15,136,1.1377500295639038,1.0757970064878464,8,8,coulthard,red_bull,5,5,7
14,2007,15,136,1.1184159517288208,1.0601095665584912,11,6,trulli,toyota,6,5,7
17,2007,15,136,1.098772406578064,1.0555482506752014,10,10,button,honda,7,5,7
1,2007,15,136,0.9386427402496338,0.8705607836063092,13,1,heidfeld,bmw_sauber,8,8,8
4,2007,15,136,0.6601378917694092,0.5911262313524882,15,3,kovalainen,renault,9,9,9
20,2007,15,136,-0.5158432722091675,-0.5702952605027419,13,3,fisichella,renault,10,10,10
8,2007,15,136,-0.8876689672470093,-0.940061683456103,12,1,kubica,bmw_sauber,11,11,11
10,2007,15,136,-1.0741782188415527,-1.1323201855023701,12,7,sato,super_aguri,12,12,13
15,2007,15,136,-1.1134765148162842,-1.1488409996032716,10,11,sutil,spyker,13,12,13
23,2007,15,136,-1.2073493003845215,-1.244817242026329,8,4,liuzzi,toro_rosso,14,14,14
28,2007,15,136,-1.3847659826278687,-1.3992791771888733,4,11,yamamoto,spyker,15,15,15
7,2007,16,137,1.1619484424591064,1.2020868914467948,14,5,raikkonen,ferrari,1,1,3
12,2007,16,137,1.1507177352905273,1.19808691740036,14,5,massa,ferrari,2,1,3
21,2007,16,137,1.1313560009002686,1.172549796104431,15,10,barrichello,honda,3,2,3
2,2007,16,137,1.0925195217132568,1.1310033798217773,13,2,rosberg,williams,4,4,4
19,2007,16,137,1.0515060424804688,1.0769109725952148,5,4,vettel,toro_rosso,5,5,8
13,2007,16,137,1.031749963760376,1.0709028906292386,9,8,coulthard,red_bull,6,5,8
14,2007,16,137,1.0119556188583374,1.0560967375834782,12,6,trulli,toyota,7,5,8
17,2007,16,137,0.9915774464607239,1.0497327230193398,11,10,button,honda,8,5,8
16,2007,16,137,0.9777306318283081,1.0027484953403474,10,8,webber,red_bull,9,9,9
1,2007,16,137,0.8323203921318054,0.867829327072416,14,1,heidfeld,bmw_sauber,10,10,10
24,2007,16,137,0.7968525886535645,0.8255819926659266,12,2,wurz,williams,11,11,12
3,2007,16,137,0.784008264541626,0.8255105177561443,15,0,alonso,mclaren,12,11,12
4,2007,16,137,0.5542534589767456,0.5888216830790043,16,3,kovalainen,renault,13,13,13
20,2007,16,137,-0.6222107410430908,-0.5740035091127668,14,3,fisichella,renault,14,14,14
10,2007,16,137,-1.1807937622070312,-1.1360489221719594,13,7,sato,super_aguri,15,15,15
23,2007,16,137,-1.315073013305664,-1.252623438835144,9,4,liuzzi,toro_rosso,16,16,16
28,2007,16,137,-1.4964053630828857,-1.4187044143676757,5,11,yamamoto,spyker,17,17,17
7,2007,17,138,1.2062146663665771,1.2023620764414469,15,5,raikkonen,ferrari,1,1,2
12,2007,17,138,1.1950981616973877,1.197887667020162,15,5,massa,ferrari,2,1,2
0,2007,17,138,1.1575384140014648,1.1429926380515099,16,0,hamilton,mclaren,3,3,4
2,2007,17,138,1.1373181343078613,1.1314544337136405,14,2,rosberg,williams,4,3,4
13,2007,17,138,1.076412558555603,1.071453857421875,10,8,coulthard,red_bull,5,5,7
22,2007,17,138,1.0707920789718628,1.0589705543084578,11,6,ralf_schumacher,toyota,6,5,7
14,2007,17,138,1.0562198162078857,1.0561062051699712,13,6,trulli,toyota,7,5,7
1,2007,17,138,0.8767039179801941,0.8684209664662679,15,1,heidfeld,bmw_sauber,8,8,8
3,2007,17,138,0.828727126121521,0.8257115557789803,16,0,alonso,mclaren,9,9,9
5,2007,17,138,0.14031752943992615,0.14031752943992615,1,2,nakajima,williams,10,10,10
8,2007,17,138,-0.9474784135818481,-0.9406322011580834,13,1,kubica,bmw_sauber,11,11,11
10,2007,17,138,-1.1366636753082275,-1.1360928331102644,14,7,sato,super_aguri,12,12,13
18,2007,17,138,-1.1554017066955566,-1.1394548813501995,12,7,davidson,super_aguri,13,12,13
23,2007,17,138,-1.2719013690948486,-1.2545512318611145,10,4,liuzzi,toro_rosso,14,14,14
7,2008,1,139,1.1209336519241333,1.1209336519241333,1,5,raikkonen,ferrari,1,1,1
0,2008,1,139,1.0724809169769287,1.0724809169769287,1,0,hamilton,mclaren,2,2,2
2,2008,1,139,1.0524977445602417,1.0524977445602417,1,2,rosberg,williams,3,3,3
1,2008,1,139,0.7915245294570923,0.7915245294570923,1,1,heidfeld,bmw_sauber,4,4,4
3,2008,1,139,0.7438377141952515,0.7438377141952515,1,3,alonso,renault,5,5,5
4,2008,1,139,0.51399827003479,0.51399827003479,1,0,kovalainen,mclaren,6,6,6
5,2008,1,139,0.03194670379161835,0.03194670379161835,1,2,nakajima,williams,7,7,7
6,2008,1,139,-0.97613924741745,-0.97613924741745,1,4,bourdais,toro_rosso,8,8,8
21,2008,2,140,1.1582998037338257,1.1582998037338257,1,10,barrichello,honda,1,1,2
7,2008,2,140,1.184462070465088,1.1526978611946106,2,5,raikkonen,ferrari,2,1,3
0,2008,2,140,1.1362030506134033,1.104341983795166,2,0,hamilton,mclaren,3,2,4
2,2008,2,140,1.116424560546875,1.0844611525535583,2,2,rosberg,williams,4,3,5
13,2008,2,140,1.0590565204620361,1.0590565204620361,1,8,coulthard,red_bull,5,4,5
14,2008,2,140,1.0385193824768066,1.0385193824768066,1,6,trulli,toyota,6,6,6
17,2008,2,140,1.0177708864212036,1.0177708864212036,1,10,button,honda,7,7,7
16,2008,2,140,1.0055441856384277,1.0055441856384277,1,8,webber,red_bull,8,8,8
1,2008,2,140,0.8551408648490906,0.8233326971530914,2,1,heidfeld,bmw_sauber,9,9,10
3,2008,2,140,0.8077049255371094,0.7757713198661804,2,3,alonso,renault,10,9,10
4,2008,2,140,0.5779205560684204,0.5459594130516052,2,0,kovalainen,mclaren,11,11,11
5,2008,2,140,0.09535279124975204,0.0636497475206852,2,2,nakajima,williams,12,12,12
11,2008,2,140,-0.21507327258586884,-0.21507327258586884,1,3,piquet_jr,renault,13,13,13
20,2008,2,140,-0.5953013896942139,-0.5953013896942139,1,9,fisichella,force_india,14,14,14
8,2008,2,140,-0.9658668041229248,-0.9658668041229248,1,1,kubica,bmw_sauber,15,15,15
10,2008,2,140,-1.154480218887329,-1.154480218887329,1,7,sato,super_aguri,16,16,16
18,2008,2,140,-1.1734275817871094,-1.1734275817871094,1,7,davidson,super_aguri,17,17,17
12,2008,3,141,1.2427868843078613,1.2427868843078613,1,5,massa,ferrari,1,1,2
21,2008,3,141,1.2226383686065674,1.1904690861701965,2,10,barrichello,honda,2,2,4
7,2008,3,141,1.2492855787277222,1.1848937670389812,3,5,raikkonen,ferrari,3,1,4
0,2008,3,141,1.201193928718567,1.1366259654362996,3,0,hamilton,mclaren,4,2,6
2,2008,3,141,1.1815927028656006,1.1168383359909058,3,2,rosberg,williams,5,3,7
13,2008,3,141,1.1236293315887451,1.0913429260253906,2,8,coulthard,red_bull,6,4,8
14,2008,3,141,1.1027941703796387,1.0706567764282227,2,6,trulli,toyota,7,5,8
16,2008,3,141,1.0706349611282349,1.0380895733833313,2,8,webber,red_bull,8,6,8
1,2008,3,141,0.920040488243103,0.8555686275164286,3,1,heidfeld,bmw_sauber,9,9,10
3,2008,3,141,0.8728214502334595,0.8081213633219401,3,3,alonso,renault,10,9,10
4,2008,3,141,0.6430845856666565,0.5783344705899557,3,0,kovalainen,mclaren,11,11,11
5,2008,3,141,0.16007038950920105,0.09578996151685715,3,2,nakajima,williams,12,12,12
20,2008,3,141,-0.530992865562439,-0.5631471276283264,2,9,fisichella,force_india,13,13,13
8,2008,3,141,-0.9021870493888855,-0.9340269267559052,2,1,kubica,bmw_sauber,14,14,15
9,2008,3,141,-0.9521809220314026,-0.9521809220314026,1,6,glock,toyota,15,14,15
6,2008,3,141,-0.9952707290649414,-0.9857049882411957,2,4,bourdais,toro_rosso,16,16,16
10,2008,3,141,-1.0903059244155884,-1.1223930716514587,2,7,sato,super_aguri,17,17,19
15,2008,3,141,-1.1254804134368896,-1.1254804134368896,1,9,sutil,force_india,18,17,19
18,2008,3,141,-1.1094341278076172,-1.1414308547973633,2,7,davidson,super_aguri,19,17,19
12,2008,4,142,1.1913087368011475,1.2170478105545044,2,5,massa,ferrari,1,1,2
7,2008,4,142,1.1983317136764526,1.188253253698349,4,5,raikkonen,ferrari,2,1,3
0,2008,4,142,1.1503849029541016,1.1400656998157501,4,0,hamilton,mclaren,3,2,3
13,2008,4,142,1.0724586248397827,1.0850481589635212,3,8,coulthard,red_bull,4,3,5
14,2008,4,142,1.051365852355957,1.064226468404134,3,6,trulli,toyota,5,4,6
16,2008,4,142,1.0199124813079834,1.0320305426915486,3,8,webber,red_bull,6,5,7
17,2008,4,142,1.027970790863037,1.0228708386421204,2,10,button,honda,7,6,7
1,2008,4,142,0.8691524267196655,0.8589645773172379,4,1,heidfeld,bmw_sauber,8,8,8
5,2008,4,142,0.1090250015258789,0.09909872151911259,4,2,nakajima,williams,9,9,9
20,2008,4,142,-0.5823919773101807,-0.5695620775222778,3,9,fisichella,force_india,10,10,10
8,2008,4,142,-0.954130232334137,-0.9407280286153158,3,1,kubica,bmw_sauber,11,11,12
9,2008,4,142,-1.004982590675354,-0.9785817563533783,2,6,glock,toyota,12,11,12
10,2008,4,142,-1.1418211460113525,-1.12886909643809,3,7,sato,super_aguri,13,13,13
12,2008,5,143,1.1233335733413696,1.1858097314834595,3,5,massa,ferrari,1,1,4
7,2008,5,143,1.130810260772705,1.1767646551132203,5,5,raikkonen,ferrari,2,1,4
21,2008,5,143,1.1039574146270752,1.1616318623224895,3,10,barrichello,honda,3,1,5
0,2008,5,143,1.0829886198043823,1.1286502838134767,5,0,hamilton,mclaren,4,2,5
2,2008,5,143,1.063629388809204,1.1035360991954803,4,2,rosberg,williams,5,3,6
13,2008,5,143,1.0047496557235718,1.064973533153534,4,8,coulthard,red_bull,6,5,8
14,2008,5,143,0.9834339618682861,1.0440283417701721,4,6,trulli,toyota,7,6,9
19,2008,5,143,1.0232980251312256,1.0232980251312256,1,4,vettel,toro_rosso,8,7,10
16,2008,5,143,0.952591061592102,1.012170672416687,4,8,webber,red_bull,9,7,10
17,2008,5,143,0.9598108530044556,1.0018508434295654,3,10,button,honda,10,8,10
1,2008,5,143,0.8016879558563232,0.847509253025055,5,1,heidfeld,bmw_sauber,11,11,12
3,2008,5,143,0.7548133730888367,0.7947943657636642,4,3,alonso,renault,12,11,12
4,2008,5,143,0.5251177549362183,0.5650302916765213,4,0,kovalainen,mclaren,13,13,13
11,2008,5,143,-0.33296096324920654,-0.2740171179175377,2,3,piquet_jr,renault,14,14,14
8,2008,5,143,-1.0225074291229248,-0.961172878742218,4,1,kubica,bmw_sauber,15,15,16
9,2008,5,143,-1.074102520942688,-1.0104220112164815,3,6,glock,toyota,16,15,16
15,2008,5,143,-1.2451186180114746,-1.1852995157241821,2,9,sutil,force_india,17,17,17
7,2008,6,144,1.1022260189056396,1.1643415490786235,6,5,raikkonen,ferrari,1,1,4
12,2008,6,144,1.0943567752838135,1.162946492433548,4,5,massa,ferrari,2,1,4
21,2008,6,144,1.074981451034546,1.1399692595005035,4,10,barrichello,honda,3,1,4
0,2008,6,144,1.0545127391815186,1.116294026374817,6,0,hamilton,mclaren,4,1,4
14,2008,6,144,0.9544945359230042,1.0261215806007384,5,6,trulli,toyota,5,5,8
19,2008,6,144,0.9947875738143921,1.0090427994728088,2,4,vettel,toro_rosso,6,5,8
16,2008,6,144,0.9241798520088196,0.9945725083351136,5,8,webber,red_bull,7,5,8
17,2008,6,144,0.9306739568710327,0.9840566217899323,4,10,button,honda,8,5,8
1,2008,6,144,0.7731528282165527,0.8351165155569712,6,1,heidfeld,bmw_sauber,9,9,9
3,2008,6,144,0.7264194488525391,0.7811193823814392,5,3,alonso,renault,10,10,10
4,2008,6,144,0.4967593848705292,0.5513761103153229,5,0,kovalainen,mclaren,11,11,11
5,2008,6,144,0.01605379581451416,0.0824897363781929,5,2,nakajima,williams,12,12,12
8,2008,6,144,-1.0518319606781006,-0.9793046951293946,5,1,kubica,bmw_sauber,13,13,14
9,2008,6,144,-1.104069471359253,-1.0338338762521744,4,6,glock,toyota,14,13,14
12,2008,7,145,1.1284871101379395,1.1560546159744263,5,5,massa,ferrari,1,1,2
21,2008,7,145,1.10911226272583,1.133797860145569,5,10,barrichello,honda,2,1,3
2,2008,7,145,1.0736652612686157,1.0975619316101075,5,2,rosberg,williams,3,2,4
13,2008,7,145,1.0143944025039673,1.0548577070236207,5,8,coulthard,red_bull,4,3,5
14,2008,7,145,0.9886571168899536,1.0198775033156078,6,6,trulli,toyota,5,4,8
19,2008,7,145,1.0293211936950684,1.015802264213562,3,4,vettel,toro_rosso,6,5,7
16,2008,7,145,0.9587992429733276,0.9886102974414825,6,8,webber,red_bull,7,5,8
17,2008,7,145,0.9646658301353455,0.9801784634590149,5,10,button,honda,8,6,8
1,2008,7,145,0.8076650500297546,0.8311948776245117,7,1,heidfeld,bmw_sauber,9,9,9
4,2008,7,145,0.5314246416091919,0.5480508655309677,6,0,kovalainen,mclaren,10,10,10
8,2008,7,145,-1.0180025100708008,-0.9857543309529623,6,1,kubica,bmw_sauber,11,11,12
6,2008,7,145,-1.0993480682373047,-1.0235860149065654,3,4,bourdais,toro_rosso,12,11,13
9,2008,7,145,-1.0707957744598389,-1.0412262558937073,5,6,glock,toyota,13,12,13
7,2008,8,146,1.1912603378295898,1.1681870903287614,7,5,raikkonen,ferrari,1,1,3
12,2008,8,146,1.181093692779541,1.1602277954419453,6,5,massa,ferrari,2,1,4
21,2008,8,146,1.1617193222045898,1.1384514371554058,6,10,barrichello,honda,3,1,5
0,2008,8,146,1.1436407566070557,1.1202007021222795,7,0,hamilton,mclaren,4,2,5
2,2008,8,146,1.1262340545654297,1.1023406187693279,6,2,rosberg,williams,5,3,6
13,2008,8,146,1.0666248798370361,1.0568189024925232,6,8,coulthard,red_bull,6,5,7
19,2008,8,146,1.0822768211364746,1.0324209034442902,4,4,vettel,toro_rosso,7,6,8
14,2008,8,146,1.04129159450531,1.022936659199851,7,6,trulli,toyota,8,6,9
16,2008,8,146,1.011828899383545,0.9919272405760629,7,8,webber,red_bull,9,7,9
1,2008,8,146,0.8606020212173462,0.834870770573616,8,1,heidfeld,bmw_sauber,10,10,11
3,2008,8,146,0.8156185150146484,0.7868692378203074,6,3,alonso,renault,11,10,11
4,2008,8,146,0.5844938158988953,0.5532570012978145,7,0,kovalainen,mclaren,12,12,12
5,2008,8,146,0.10458584129810333,0.0861724205315113,6,2,nakajima,williams,13,13,13
11,2008,8,146,-0.26880913972854614,-0.27228112518787384,3,3,piquet_jr,renault,14,14,14
20,2008,8,146,-0.58271324634552,-0.5728498697280884,4,9,fisichella,force_india,15,15,15
8,2008,8,146,-0.9656561613082886,-0.982883163860866,7,1,kubica,bmw_sauber,16,16,17
6,2008,8,146,-1.046433448791504,-1.0292978733778,4,4,bourdais,toro_rosso,17,16,18
9,2008,8,146,-1.0189299583435059,-1.037510206302007,6,6,glock,toyota,18,17,18
15,2008,8,146,-1.1819665431976318,-1.1841885248819988,3,9,sutil,force_india,19,19,19
7,2008,9,147,1.1108174324035645,1.1610158830881119,8,5,raikkonen,ferrari,1,1,3
12,2008,9,147,1.1006214618682861,1.1517126049314226,7,5,massa,ferrari,2,1,4
21,2008,9,147,1.0812475681304932,1.1302794558661324,7,10,barrichello,honda,3,1,5
0,2008,9,147,1.0632789134979248,1.1130854785442352,8,0,hamilton,mclaren,4,2,5
2,2008,9,147,1.0457292795181274,1.0942532845905848,7,2,rosberg,williams,5,3,5
14,2008,9,147,0.960843563079834,1.0151750221848488,8,6,trulli,toyota,6,6,7
16,2008,9,147,0.9317227005958557,0.984401673078537,8,8,webber,red_bull,7,6,7
1,2008,9,147,0.7804157137870789,0.8288202087084452,9,1,heidfeld,bmw_sauber,8,8,9
3,2008,9,147,0.7353180646896362,0.7795047845159259,7,3,alonso,renault,9,8,9
4,2008,9,147,0.5044218301773071,0.5471526049077511,8,0,kovalainen,mclaren,10,10,10
5,2008,9,147,0.023708313703536987,0.07724897669894355,7,2,nakajima,williams,11,11,11
9,2008,9,147,-1.1000432968139648,-1.0464435049465723,7,6,glock,toyota,12,12,13
6,2008,9,147,-1.1266391277313232,-1.0487661242485047,5,4,bourdais,toro_rosso,13,12,13
7,2008,10,148,1.177085518836975,1.162801398171319,9,5,raikkonen,ferrari,1,1,2
12,2008,10,148,1.1668641567230225,1.1536065489053726,8,5,massa,ferrari,2,1,3
0,2008,10,148,1.1296172142028809,1.1149223380618625,9,0,hamilton,mclaren,3,2,4
2,2008,10,148,1.1119438409805298,1.096464604139328,8,2,rosberg,williams,4,3,5
13,2008,10,148,1.0550665855407715,1.0565685714994157,7,8,coulthard,red_bull,5,4,6
19,2008,10,148,1.0713460445404053,1.0402059316635133,5,4,vettel,toro_rosso,6,5,7
14,2008,10,148,1.0271072387695312,1.0165008240275912,9,6,trulli,toyota,7,6,8
17,2008,10,148,1.0051583051681519,0.9843417704105377,6,10,button,honda,8,7,8
1,2008,10,148,0.8469057679176331,0.830628764629364,10,1,heidfeld,bmw_sauber,9,9,9
3,2008,10,148,0.8017092943191528,0.7822803482413292,8,3,alonso,renault,10,10,10
4,2008,10,148,0.5710108876228333,0.5498035252094269,9,0,kovalainen,mclaren,11,11,11
5,2008,10,148,0.08960048109292984,0.07879291474819183,8,2,nakajima,williams,12,12,12
11,2008,10,148,-0.2807321548461914,-0.27439388260245323,4,3,piquet_jr,renault,13,13,13
20,2008,10,148,-0.5952132344245911,-0.5773225426673889,5,9,fisichella,force_india,14,14,14
8,2008,10,148,-0.9771140813827515,-0.9821620285511017,8,1,kubica,bmw_sauber,15,15,15
6,2008,10,148,-1.0601658821105957,-1.0506660838921864,6,4,bourdais,toro_rosso,16,16,16
15,2008,10,148,-1.1947541236877441,-1.186829924583435,4,9,sutil,force_india,17,17,17
7,2008,11,149,1.16225004196167,1.162746262550354,10,5,raikkonen,ferrari,1,1,3
12,2008,11,149,1.1520068645477295,1.153428806198968,9,5,massa,ferrari,2,1,3
21,2008,11,149,1.1321098804473877,1.1305082589387894,8,10,barrichello,honda,3,1,5
0,2008,11,149,1.1148422956466675,1.114914333820343,10,0,hamilton,mclaren,4,2,5
2,2008,11,149,1.097062110900879,1.0965309937795003,9,2,rosberg,williams,5,3,5
13,2008,11,149,1.0395234823226929,1.0544379353523254,8,8,coulthard,red_bull,6,6,7
14,2008,11,149,1.01226806640625,1.0160775482654572,10,6,trulli,toyota,7,6,8
17,2008,11,149,0.9898957014083862,0.985135189124516,7,10,button,honda,8,7,9
16,2008,11,149,0.9829010367393494,0.9842349357075162,9,8,webber,red_bull,9,7,9
1,2008,11,149,0.8322622776031494,0.8307772658087991,11,1,heidfeld,bmw_sauber,10,10,10
3,2008,11,149,0.7869805097579956,0.7828025884098477,9,3,alonso,renault,11,11,11
4,2008,11,149,0.5564529895782471,0.5504684716463089,10,0,kovalainen,mclaren,12,12,12
5,2008,11,149,0.07443992048501968,0.07830924871895048,9,2,nakajima,williams,13,13,13
11,2008,11,149,-0.2965911030769348,-0.27883332669734956,5,3,piquet_jr,renault,14,14,14
20,2008,11,149,-0.6115712523460388,-0.5830306609471639,6,9,fisichella,force_india,15,15,15
8,2008,11,149,-0.9925706386566162,-0.9833185407850478,9,1,kubica,bmw_sauber,16,16,16
9,2008,11,149,-1.04973566532135,-1.0468550249934196,8,6,glock,toyota,17,17,18
6,2008,11,149,-1.0748238563537598,-1.0541171942438399,7,4,bourdais,toro_rosso,18,17,18
12,2008,12,150,1.1607989072799683,1.1541658163070678,10,5,massa,ferrari,1,1,2
21,2008,12,150,1.1409730911254883,1.1316710180706449,9,10,barrichello,honda,2,1,3
0,2008,12,150,1.1237058639526367,1.1157135638323696,11,0,hamilton,mclaren,3,1,4
2,2008,12,150,1.1058330535888672,1.097461199760437,10,2,rosberg,williams,4,2,4
13,2008,12,150,1.0477221012115479,1.0536917315589056,9,8,coulthard,red_bull,5,5,6
19,2008,12,150,1.0653765201568604,1.0444010297457378,6,4,vettel,toro_rosso,6,5,7
14,2008,12,150,1.0210756063461304,1.016531917181882,11,6,trulli,toyota,7,6,8
17,2008,12,150,0.9983371496200562,0.9867854341864586,8,10,button,honda,8,8,9
16,2008,12,150,0.9920376539230347,0.985015207529068,10,8,webber,red_bull,9,7,9
1,2008,12,150,0.841239333152771,0.83164910475413,12,1,heidfeld,bmw_sauber,10,10,10
4,2008,12,150,0.5655040740966797,0.5518353445963426,11,0,kovalainen,mclaren,11,11,11
5,2008,12,150,0.08296970278024673,0.07877529412508011,10,2,nakajima,williams,12,12,12
11,2008,12,150,-0.28866544365882874,-0.2804720128575961,6,3,piquet_jr,renault,13,13,13
20,2008,12,150,-0.6040773391723633,-0.5860373292650495,7,9,fisichella,force_india,14,14,14
8,2008,12,150,-0.984296977519989,-0.9834163844585418,10,1,kubica,bmw_sauber,15,15,15
9,2008,12,150,-1.0413525104522705,-1.0462436344888475,9,6,glock,toyota,16,16,17
6,2008,12,150,-1.0658594369888306,-1.0555849745869637,8,4,bourdais,toro_rosso,17,16,17
7,2008,13,151,1.1804721355438232,1.1643577055497603,11,5,raikkonen,ferrari,1,1,2
12,2008,13,151,1.1704094409942627,1.1556425094604492,11,5,massa,ferrari,2,1,2
0,2008,13,151,1.133378028869629,1.1171856025854747,12,0,hamilton,mclaren,3,3,4
2,2008,13,151,1.1154252290725708,1.0990942933342673,11,2,rosberg,williams,4,3,4
13,2008,13,151,1.0568193197250366,1.0540044903755188,10,8,coulthard,red_bull,5,5,6
19,2008,13,151,1.0748306512832642,1.0487481185368128,7,4,vettel,toro_rosso,6,5,7
14,2008,13,151,1.030699610710144,1.0177125583092372,12,6,trulli,toyota,7,6,8
17,2008,13,151,1.0076442956924438,0.9891030854649014,9,10,button,honda,8,7,9
16,2008,13,151,1.0019460916519165,0.9865543788129633,11,8,webber,red_bull,9,7,9
1,2008,13,151,0.8510097861289978,0.8331383879368122,13,1,heidfeld,bmw_sauber,10,10,10
3,2008,13,151,0.8052946329116821,0.7850517928600311,10,3,alonso,renault,11,11,11
4,2008,13,151,0.57533860206604,0.5537939493854841,12,0,kovalainen,mclaren,12,12,12
5,2008,13,151,0.0923532098531723,0.08000965010036122,11,2,nakajima,williams,13,13,13
20,2008,13,151,-0.5955897569656372,-0.587231382727623,8,9,fisichella,force_india,14,14,14
8,2008,13,151,-0.9751349687576294,-0.9826635284857317,11,1,kubica,bmw_sauber,15,15,15
9,2008,13,151,-1.0320956707000732,-1.0448288381099702,10,6,glock,toyota,16,16,17
6,2008,13,151,-1.0560998916625977,-1.0556421875953674,9,4,bourdais,toro_rosso,17,16,17
15,2008,13,151,-1.1929190158843994,-1.188047742843628,5,9,sutil,force_india,18,18,18
7,2008,14,152,1.162307620048523,1.1641868650913239,12,5,raikkonen,ferrari,1,1,2
12,2008,14,152,1.152201533317566,1.1553557614485424,12,5,massa,ferrari,2,1,3
21,2008,14,152,1.1318410634994507,1.1316880226135253,10,10,barrichello,honda,3,2,4
0,2008,14,152,1.11522376537323,1.1170346920306866,13,0,hamilton,mclaren,4,3,5
2,2008,14,152,1.0972015857696533,1.098936567703883,12,2,rosberg,williams,5,4,5
13,2008,14,152,1.0381675958633423,1.0525647726925937,11,8,coulthard,red_bull,6,6,7
19,2008,14,152,1.0564874410629272,1.0497155338525772,8,4,vettel,toro_rosso,7,6,7
14,2008,14,152,1.0125035047531128,1.017311861881843,13,6,trulli,toyota,8,8,9
17,2008,14,152,0.9891742467880249,0.9891102015972137,10,10,button,honda,9,9,10
16,2008,14,152,0.9839961528778076,0.986341193318367,12,8,webber,red_bull,10,8,10
1,2008,14,152,0.8329404592514038,0.8331242501735687,14,1,heidfeld,bmw_sauber,11,11,11
3,2008,14,152,0.7872099876403809,0.7852479923855175,11,3,alonso,renault,12,12,12
4,2008,14,152,0.5573246479034424,0.5540655415791732,13,0,kovalainen,mclaren,13,13,13
5,2008,14,152,0.07394919544458389,0.07950461221237977,12,2,nakajima,williams,14,14,14
11,2008,14,152,-0.29860827326774597,-0.2830629072019032,7,3,piquet_jr,renault,15,15,15
8,2008,14,152,-0.9937306046485901,-0.9835857848326365,12,1,kubica,bmw_sauber,16,16,16
9,2008,14,152,-1.0506093502044678,-1.04535433920947,11,6,glock,toyota,17,17,18
6,2008,14,152,-1.0741784572601318,-1.0574958145618438,10,4,bourdais,toro_rosso,18,17,18
15,2008,14,152,-1.2126455307006836,-1.1921473741531372,6,9,sutil,force_india,19,19,19
7,2008,15,153,1.1726199388504028,1.1648355630727916,13,5,raikkonen,ferrari,1,1,2
12,2008,15,153,1.1624764204025269,1.1559035044450026,13,5,massa,ferrari,2,1,2
0,2008,15,153,1.1255449056625366,1.1176425644329615,14,0,hamilton,mclaren,3,3,4
2,2008,15,153,1.1074628829956055,1.0995924381109385,13,2,rosberg,williams,4,3,4
13,2008,15,153,1.0480583906173706,1.0521892408529918,12,8,coulthard,red_bull,5,5,6
19,2008,15,153,1.0666453838348389,1.0515966282950506,9,4,vettel,toro_rosso,6,5,6
17,2008,15,153,0.9992221593856812,0.9900294704870745,11,10,button,honda,7,7,7
1,2008,15,153,0.8433350324630737,0.833804968992869,15,1,heidfeld,bmw_sauber,8,8,8
3,2008,15,153,0.7975913286209106,0.7862766037384669,12,3,alonso,renault,9,9,9
4,2008,15,153,0.5677672624588013,0.555044235927718,14,0,kovalainen,mclaren,10,10,10
5,2008,15,153,0.08405432850122452,0.07985459038844475,13,2,nakajima,williams,11,11,11
20,2008,15,153,-0.6041632890701294,-0.5891127056545682,9,9,fisichella,force_india,12,12,12
8,2008,15,153,-0.983791172504425,-0.9836015838843125,13,1,kubica,bmw_sauber,13,13,13
9,2008,15,153,-1.04059898853302,-1.0449580599864323,12,6,glock,toyota,14,14,15
6,2008,15,153,-1.063792109489441,-1.0580682050098071,11,4,bourdais,toro_rosso,15,14,15
7,2008,16,154,1.1083705425262451,1.1608023473194666,14,5,raikkonen,ferrari,1,1,2
12,2008,16,154,1.0981947183609009,1.1517814482961382,14,5,massa,ferrari,2,1,3
21,2008,16,154,1.0777764320373535,1.1267869689247825,11,10,barrichello,honda,3,2,4
0,2008,16,154,1.0613030195236206,1.1138865947723389,15,0,hamilton,mclaren,4,3,5
2,2008,16,154,1.0431692600250244,1.0955622111048018,14,2,rosberg,williams,5,4,5
19,2008,16,154,1.0022624731063843,1.0466632127761841,10,4,vettel,toro_rosso,6,6,6
14,2008,16,154,0.9583156108856201,1.0130978439535414,14,6,trulli,toyota,7,7,8
17,2008,16,154,0.934744119644165,0.985422357916832,12,10,button,honda,8,8,9
16,2008,16,154,0.9300209283828735,0.982008865246406,13,8,webber,red_bull,9,7,9
1,2008,16,154,0.7791568040847778,0.8303894586861134,16,1,heidfeld,bmw_sauber,10,10,10
3,2008,16,154,0.7334015369415283,0.7822092909079331,13,3,alonso,renault,11,11,11
5,2008,16,154,0.019625678658485413,0.07555252526487623,14,2,nakajima,williams,12,12,12
11,2008,16,154,-0.35337430238723755,-0.29185183160007,8,3,piquet_jr,renault,13,13,13
8,2008,16,154,-1.048363208770752,-0.9882274142333439,14,1,kubica,bmw_sauber,14,14,14
6,2008,16,154,-1.1279772520065308,-1.0638939589262009,12,4,bourdais,toro_rosso,15,15,15
7,2008,17,155,1.1622037887573242,1.1608957767486572,15,5,raikkonen,ferrari,1,1,2
12,2008,17,155,1.1519999504089355,1.1517960151036581,15,5,massa,ferrari,2,1,3
21,2008,17,155,1.1317232847213745,1.1271983285744984,12,10,barrichello,honda,3,2,4
0,2008,17,155,1.115142822265625,1.1139651089906693,16,0,hamilton,mclaren,4,3,5
2,2008,17,155,1.0969644784927368,1.0956556955973307,15,2,rosberg,williams,5,4,5
13,2008,17,155,1.0399855375289917,1.0512504944434533,13,8,coulthard,red_bull,6,6,7
19,2008,17,155,1.0559800863265991,1.0475102012807673,11,4,vettel,toro_rosso,7,6,7
17,2008,17,155,0.9883796572685242,0.9856498424823468,13,10,button,honda,8,8,9
16,2008,17,155,0.9840449690818787,0.982154301234654,14,8,webber,red_bull,9,8,9
1,2008,17,155,0.8330516815185547,0.8305460600291982,17,1,heidfeld,bmw_sauber,10,10,10
3,2008,17,155,0.7872865200042725,0.7825719501291003,14,3,alonso,renault,11,11,11
5,2008,17,155,0.07330392301082611,0.07540261844793955,15,2,nakajima,williams,12,12,12
11,2008,17,155,-0.3000343441963196,-0.29276099966631997,9,3,piquet_jr,renault,13,13,13
20,2008,17,155,-0.6127887964248657,-0.5914803147315979,10,9,fisichella,force_india,14,14,14
8,2008,17,155,-0.9948089122772217,-0.9886661807696024,15,1,kubica,bmw_sauber,15,15,15
9,2008,17,155,-1.0485684871673584,-1.045235785154196,13,6,glock,toyota,16,16,17
6,2008,17,155,-1.0740885734558105,-1.064678160043863,13,4,bourdais,toro_rosso,17,16,17
7,2008,18,156,1.1774605512619019,1.161931075155735,16,5,raikkonen,ferrari,1,1,2
12,2008,18,156,1.1672323942184448,1.1527607887983322,16,5,massa,ferrari,2,1,3
21,2008,18,156,1.1470779180526733,1.1287275277651274,13,10,barrichello,honda,3,2,4
0,2008,18,156,1.130405068397522,1.1149321654263664,17,0,hamilton,mclaren,4,3,5
2,2008,18,156,1.1121878623962402,1.0966889560222626,16,2,rosberg,williams,5,4,5
19,2008,18,156,1.071136713027954,1.0494790772596996,12,4,vettel,toro_rosso,6,6,6
14,2008,18,156,1.027209997177124,1.014038654168447,15,6,trulli,toyota,7,7,7
17,2008,18,156,1.0034650564193726,0.9869223577635629,14,10,button,honda,8,8,9
16,2008,18,156,0.9994664192199707,0.9833084424336751,15,8,webber,red_bull,9,8,9
1,2008,18,156,0.8483614921569824,0.8315358062585195,18,1,heidfeld,bmw_sauber,10,10,10
3,2008,18,156,0.8025878667831421,0.783906344572703,15,3,alonso,renault,11,11,11
4,2008,18,156,0.5752260088920593,0.5563896874586741,15,0,kovalainen,mclaren,12,12,12
5,2008,18,156,0.08842639625072479,0.07621660456061363,16,2,nakajima,williams,13,13,13
20,2008,18,156,-0.5986911058425903,-0.5921358411962335,11,9,fisichella,force_india,14,14,14
8,2008,18,156,-0.9797937870025635,-0.9881116561591625,16,1,kubica,bmw_sauber,15,15,15
9,2008,18,156,-1.03390371799469,-1.0444263517856598,14,6,glock,toyota,16,16,17
6,2008,18,156,-1.0587838888168335,-1.064257140670504,14,4,bourdais,toro_rosso,17,16,17
15,2008,18,156,-1.1965621709823608,-1.1927780594144548,7,9,sutil,force_india,18,18,18
7,2009,1,157,1.2153291702270508,1.2153291702270508,1,5,raikkonen,ferrari,1,1,1
21,2009,1,157,1.1850314140319824,1.1850314140319824,1,22,barrichello,brawn,2,2,2
2,2009,1,157,1.1500279903411865,1.1500279903411865,1,2,rosberg,williams,3,3,3
19,2009,1,157,1.1089190244674683,1.1089190244674683,1,8,vettel,red_bull,4,4,4
14,2009,1,157,1.065111517906189,1.065111517906189,1,6,trulli,toyota,5,5,5
17,2009,1,157,1.0411858558654785,1.0411858558654785,1,22,button,brawn,6,6,6
16,2009,1,157,1.0374778509140015,1.0374778509140015,1,8,webber,red_bull,7,7,7
1,2009,1,157,0.886276364326477,0.886276364326477,1,1,heidfeld,bmw_sauber,8,8,8
3,2009,1,157,0.8404950499534607,0.8404950499534607,1,3,alonso,renault,9,9,9
66,2009,1,157,0.10995878279209137,0.10995878279209137,1,4,buemi,toro_rosso,10,10,10
20,2009,1,157,-0.5618248581886292,-0.5618248581886292,1,9,fisichella,force_india,11,11,11
8,2009,1,157,-0.9421338438987732,-0.9421338438987732,1,1,kubica,bmw_sauber,12,12,12
9,2009,1,157,-0.9965465664863586,-0.9965465664863586,1,6,glock,toyota,13,13,13
6,2009,1,157,-1.0208736658096313,-1.0208736658096313,1,4,bourdais,toro_rosso,14,14,14
15,2009,1,157,-1.160170316696167,-1.160170316696167,1,9,sutil,force_india,15,15,15
7,2009,2,158,1.1768335103988647,1.1960813403129578,2,5,raikkonen,ferrari,1,1,2
21,2009,2,158,1.1466090679168701,1.1658202409744263,2,22,barrichello,brawn,2,1,4
12,2009,2,158,1.1641813516616821,1.1641813516616821,1,5,massa,ferrari,3,2,3
2,2009,2,158,1.111507534980774,1.1307677626609802,2,2,rosberg,williams,4,3,5
0,2009,2,158,1.1273800134658813,1.1273800134658813,1,0,hamilton,mclaren,5,4,5
19,2009,2,158,1.0703485012054443,1.0896337628364563,2,8,vettel,red_bull,6,6,6
14,2009,2,158,1.0266443490982056,1.0458779335021973,2,6,trulli,toyota,7,7,8
17,2009,2,158,1.0025620460510254,1.021873950958252,2,22,button,brawn,8,7,9
16,2009,2,158,0.9991055130958557,1.0182916820049286,2,8,webber,red_bull,9,7,9
1,2009,2,158,0.8478204011917114,0.8670483827590942,2,1,heidfeld,bmw_sauber,10,10,10
3,2009,2,158,0.8020328283309937,0.8212639391422272,2,3,alonso,renault,11,11,11
5,2009,2,158,0.0852804109454155,0.0852804109454155,1,2,nakajima,williams,12,12,13
66,2009,2,158,0.047000885009765625,0.0784798339009285,2,4,buemi,toro_rosso,13,12,13
11,2009,2,158,-0.2890867590904236,-0.2890867590904236,1,3,piquet_jr,renault,14,14,14
20,2009,2,158,-0.6011877059936523,-0.5815062820911407,2,9,fisichella,force_india,15,15,15
9,2009,2,158,-1.0354849100112915,-1.016015738248825,2,6,glock,toyota,16,16,17
6,2009,2,158,-1.0593335628509521,-1.0401036143302917,2,4,bourdais,toro_rosso,17,16,17
15,2009,2,158,-1.1999435424804688,-1.1800569295883179,2,9,sutil,force_india,18,18,18
7,2009,3,159,1.221644639968872,1.2046024401982625,3,5,raikkonen,ferrari,1,1,2
21,2009,3,159,1.191483736038208,1.1743747393290203,3,22,barrichello,brawn,2,1,3
0,2009,3,159,1.1725196838378906,1.149949848651886,2,0,hamilton,mclaren,3,2,4
2,2009,3,159,1.156297206878662,1.1392775774002075,3,2,rosberg,williams,4,3,4
19,2009,3,159,1.115094780921936,1.0981207688649495,3,8,vettel,red_bull,5,5,5
17,2009,3,159,1.04726243019104,1.0303367773691814,3,22,button,brawn,6,6,7
16,2009,3,159,1.0440232753753662,1.0268688797950745,3,8,webber,red_bull,7,6,7
1,2009,3,159,0.8926659822463989,0.8755875825881958,3,1,heidfeld,bmw_sauber,8,8,8
3,2009,3,159,0.8468727469444275,0.8298002084096273,3,3,alonso,renault,9,9,9
4,2009,3,159,0.6165282130241394,0.6165282130241394,1,0,kovalainen,mclaren,10,10,10
66,2009,3,159,0.08940252661705017,0.08212073147296906,3,4,buemi,toro_rosso,11,11,11
11,2009,3,159,-0.24420537054538727,-0.2666460648179054,2,3,piquet_jr,renault,12,12,12
20,2009,3,159,-0.5571267604827881,-0.5733797748883566,3,9,fisichella,force_india,13,13,13
8,2009,3,159,-0.936237096786499,-0.9391854703426361,2,1,kubica,bmw_sauber,14,14,14
9,2009,3,159,-0.9910566806793213,-1.0076960523923237,3,6,glock,toyota,15,15,16
6,2009,3,159,-1.0144914388656616,-1.0315662225087483,3,4,bourdais,toro_rosso,16,15,16
15,2009,3,159,-1.1562376022338867,-1.1721171538035076,3,9,sutil,force_india,17,17,17
7,2009,4,160,1.1945865154266357,1.2020984590053558,4,5,raikkonen,ferrari,1,1,1
12,2009,4,160,1.1800289154052734,1.1721051335334778,2,5,massa,ferrari,2,2,3
21,2009,4,160,1.164480447769165,1.1719011664390564,4,22,barrichello,brawn,3,2,4
0,2009,4,160,1.1457459926605225,1.1485485633214314,3,0,hamilton,mclaren,4,3,5
2,2009,4,160,1.1292204856872559,1.1367633044719696,4,2,rosberg,williams,5,4,5
19,2009,4,160,1.08798086643219,1.0955857932567596,4,8,vettel,red_bull,6,6,6
14,2009,4,160,1.0422102212905884,1.0446553627649944,3,6,trulli,toyota,7,7,8
17,2009,4,160,1.0201085805892944,1.0277797281742096,4,22,button,brawn,8,7,9
16,2009,4,160,1.0170575380325317,1.0244160443544388,4,8,webber,red_bull,9,7,9
1,2009,4,160,0.8656377792358398,0.8731001317501068,4,1,heidfeld,bmw_sauber,10,10,10
3,2009,4,160,0.8198396563529968,0.8273100703954697,4,3,alonso,renault,11,11,11
4,2009,4,160,0.5896182656288147,0.603073239326477,2,0,kovalainen,mclaren,12,12,12
66,2009,4,160,0.06026027351617813,0.07665561698377132,4,4,buemi,toro_rosso,13,13,13
11,2009,4,160,-0.2712026834487915,-0.26816493769486743,3,3,piquet_jr,renault,14,14,14
20,2009,4,160,-0.5848336219787598,-0.5762432366609573,4,9,fisichella,force_india,15,15,15
8,2009,4,160,-0.9634193181991577,-0.9472634196281433,3,1,kubica,bmw_sauber,16,16,16
9,2009,4,160,-1.0184460878372192,-1.0103835612535477,4,6,glock,toyota,17,17,18
6,2009,4,160,-1.0415226221084595,-1.0340553224086761,4,4,bourdais,toro_rosso,18,17,18
15,2009,4,160,-1.1842515468597412,-1.175150752067566,4,9,sutil,force_india,19,19,19
12,2009,5,161,1.1488898992538452,1.1643667221069336,3,5,massa,ferrari,1,1,3
21,2009,5,161,1.1328253746032715,1.1640860080718993,5,22,barrichello,brawn,2,1,3
0,2009,5,161,1.1142892837524414,1.139983743429184,4,0,hamilton,mclaren,3,2,4
2,2009,5,161,1.0975019931793213,1.1289110422134399,5,2,rosberg,williams,4,3,4
19,2009,5,161,1.056229829788208,1.0877146005630494,5,8,vettel,red_bull,5,5,5
17,2009,5,161,0.9883232116699219,1.019888424873352,5,22,button,brawn,6,6,7
16,2009,5,161,0.985434889793396,1.0166198134422302,5,8,webber,red_bull,7,6,7
1,2009,5,161,0.8339610695838928,0.865272319316864,5,1,heidfeld,bmw_sauber,8,8,8
3,2009,5,161,0.7881587743759155,0.8194798111915589,5,3,alonso,renault,9,9,9
5,2009,5,161,0.06874717772006989,0.07701379433274269,2,2,nakajima,williams,10,10,10
11,2009,5,161,-0.3028525412082672,-0.2768368385732174,4,3,piquet_jr,renault,11,11,11
20,2009,5,161,-0.6170973777770996,-0.5844140648841858,5,9,fisichella,force_india,12,12,12
8,2009,5,161,-0.9952292442321777,-0.9592548757791519,4,1,kubica,bmw_sauber,13,13,13
9,2009,5,161,-1.050434947013855,-1.018393838405609,5,6,glock,toyota,14,14,14
7,2009,6,162,1.1702277660369873,1.195724320411682,5,5,raikkonen,ferrari,1,1,1
12,2009,6,162,1.1557832956314087,1.1622208654880524,4,5,massa,ferrari,2,2,3
21,2009,6,162,1.1392723321914673,1.1599503954251607,6,22,barrichello,brawn,3,2,4
0,2009,6,162,1.1209079027175903,1.1361685752868653,5,0,hamilton,mclaren,4,3,5
2,2009,6,162,1.1038939952850342,1.124741534392039,6,2,rosberg,williams,5,4,5
14,2009,6,162,1.0181715488433838,1.0380344092845917,4,6,trulli,toyota,6,6,7
17,2009,6,162,0.9946573972702026,1.0156832536061604,6,22,button,brawn,7,6,8
16,2009,6,162,0.9919099807739258,1.0125015079975128,6,8,webber,red_bull,8,7,8
1,2009,6,162,0.8403892517089844,0.8611251413822174,6,1,heidfeld,bmw_sauber,9,9,9
3,2009,6,162,0.7945834398269653,0.8153304159641266,6,3,alonso,renault,10,10,10
5,2009,6,162,0.07572589814662933,0.07658449560403824,3,2,nakajima,williams,11,11,11
20,2009,6,162,-0.6111769676208496,-0.5888745486736298,6,9,fisichella,force_india,12,12,12
9,2009,6,162,-1.0442769527435303,-1.0227076907952626,6,6,glock,toyota,13,13,14
6,2009,6,162,-1.065858244895935,-1.0404159069061278,5,4,bourdais,toro_rosso,14,13,14
15,2009,6,162,-1.2094371318817139,-1.1820080280303955,5,9,sutil,force_india,15,15,15
7,2009,7,163,1.1965194940567017,1.1958568493525188,6,5,raikkonen,ferrari,1,1,1
12,2009,7,163,1.182623267173767,1.1663013458251954,5,5,massa,ferrari,2,2,2
0,2009,7,163,1.147510290145874,1.1380588610967,6,0,hamilton,mclaren,3,3,4
2,2009,7,163,1.1303004026412964,1.1255356584276472,7,2,rosberg,williams,4,3,4
19,2009,7,163,1.0894930362701416,1.0880110065142314,6,8,vettel,red_bull,5,5,5
14,2009,7,163,1.044739842414856,1.0393754959106445,5,6,trulli,toyota,6,6,6
17,2009,7,163,1.0210137367248535,1.0164447511945451,7,22,button,brawn,7,7,8
16,2009,7,163,1.018388032913208,1.0133424401283264,7,8,webber,red_bull,8,7,8
1,2009,7,163,0.8668268918991089,0.8619396771703448,7,1,heidfeld,bmw_sauber,9,9,9
3,2009,7,163,0.821017861366272,0.816142908164433,7,3,alonso,renault,10,10,10
4,2009,7,163,0.5922868251800537,0.5994777679443359,3,0,kovalainen,mclaren,11,11,11
5,2009,7,163,0.10263978689908981,0.08309831842780113,4,2,nakajima,williams,12,12,13
66,2009,7,163,0.06099788844585419,0.0735240712761879,5,4,buemi,toro_rosso,13,12,13
11,2009,7,163,-0.2695019841194153,-0.27536986768245697,5,3,piquet_jr,renault,14,14,14
8,2009,7,163,-0.9620169401168823,-0.959807288646698,5,1,kubica,bmw_sauber,15,15,15
9,2009,7,163,-1.0180728435516357,-1.022045569760459,7,6,glock,toyota,16,16,17
6,2009,7,163,-1.039546251296997,-1.0402709643046062,6,4,bourdais,toro_rosso,17,16,17
15,2009,7,163,-1.1838605403900146,-1.182316780090332,6,9,sutil,force_india,18,18,18
7,2009,8,164,1.1779717206954956,1.193301830972944,7,5,raikkonen,ferrari,1,1,1
12,2009,8,164,1.1645495891571045,1.1660093863805134,6,5,massa,ferrari,2,2,3
21,2009,8,164,1.1464934349060059,1.158027972493853,7,22,barrichello,brawn,3,2,3
0,2009,8,164,1.1292310953140259,1.1367977516991752,7,0,hamilton,mclaren,4,4,5
2,2009,8,164,1.111851692199707,1.1238251626491547,8,2,rosberg,williams,5,4,5
19,2009,8,164,1.070953607559204,1.0855742352349418,7,8,vettel,red_bull,6,6,6
14,2009,8,164,1.0264314413070679,1.037218153476715,6,6,trulli,toyota,7,7,7
17,2009,8,164,1.0025218725204468,1.014704391360283,8,22,button,brawn,8,8,9
16,2009,8,164,1.0000014305114746,1.01167481392622,8,8,webber,red_bull,9,8,9
1,2009,8,164,0.8484052419662476,0.8602478727698326,8,1,heidfeld,bmw_sauber,10,10,10
3,2009,8,164,0.8025935888290405,0.814449243247509,8,3,alonso,renault,11,11,11
5,2009,8,164,0.08463011682033539,0.08340467810630799,5,2,nakajima,williams,12,12,13
66,2009,8,164,0.04080866277217865,0.06807150319218636,6,4,buemi,toro_rosso,13,12,13
11,2009,8,164,-0.2879658639431,-0.2774692003925641,6,3,piquet_jr,renault,14,14,14
20,2009,8,164,-0.6044113636016846,-0.5910940936633519,7,9,fisichella,force_india,15,15,15
8,2009,8,164,-0.9806004762649536,-0.9632728199164072,6,1,kubica,bmw_sauber,16,16,16
9,2009,8,164,-1.0366966724395752,-1.0238769575953484,8,6,glock,toyota,17,17,17
15,2009,8,164,-1.2030270099639893,-1.1852753843579973,7,9,sutil,force_india,18,18,18
12,2009,9,165,1.1759635210037231,1.1674314056124007,7,5,massa,ferrari,1,1,2
21,2009,9,165,1.1577298641204834,1.1579907089471817,8,22,barrichello,brawn,2,1,2
0,2009,9,165,1.1404672861099243,1.1372564435005188,8,0,hamilton,mclaren,3,3,4
2,2009,9,165,1.122941255569458,1.1237269507514105,9,2,rosberg,williams,4,3,4
19,2009,9,165,1.0819644927978516,1.0851230174303055,8,8,vettel,red_bull,5,5,5
14,2009,9,165,1.037642240524292,1.0372787373406547,7,6,trulli,toyota,6,6,6
17,2009,9,165,1.0135738849639893,1.0145787795384724,9,22,button,brawn,7,7,8
16,2009,9,165,1.0111446380615234,1.0116159054968092,9,8,webber,red_bull,8,7,8
1,2009,9,165,0.8595181703567505,0.8601667947239346,9,1,heidfeld,bmw_sauber,9,9,9
3,2009,9,165,0.813704252243042,0.8143664664692349,9,3,alonso,renault,10,10,10
4,2009,9,165,0.5850446224212646,0.5958694815635681,4,0,kovalainen,mclaren,11,11,11
5,2009,9,165,0.09609933197498322,0.08552045375108719,6,2,nakajima,williams,12,12,13
66,2009,9,165,0.05039254575967789,0.06554593784468514,7,4,buemi,toro_rosso,13,12,13
11,2009,9,165,-0.27688950300216675,-0.27738638647965025,7,3,piquet_jr,renault,14,14,14
20,2009,9,165,-0.5935688018798828,-0.5914034321904182,8,9,fisichella,force_india,15,15,15
8,2009,9,165,-0.9696276187896729,-0.9641806483268738,7,1,kubica,bmw_sauber,16,16,16
9,2009,9,165,-1.0257583856582642,-1.0240860051578946,9,6,glock,toyota,17,17,17
15,2009,9,165,-1.1925585269927979,-1.1861857771873474,8,9,sutil,force_india,18,18,18
7,2009,10,166,1.1716521978378296,1.1905956268310547,8,5,raikkonen,ferrari,1,1,1
21,2009,10,166,1.1408792734146118,1.1560894383324518,9,22,barrichello,brawn,2,2,2
0,2009,10,166,1.1236164569854736,1.1357408894432917,9,0,hamilton,mclaren,3,3,4
2,2009,10,166,1.1059635877609253,1.121950614452362,10,2,rosberg,williams,4,3,4
14,2009,10,166,1.020769476890564,1.0352150797843933,8,6,trulli,toyota,5,5,5
17,2009,10,166,0.9965638518333435,1.0127772867679596,10,22,button,brawn,6,6,7
16,2009,10,166,0.9942134022712708,1.0098756551742554,10,8,webber,red_bull,7,6,7
1,2009,10,166,0.8425605893135071,0.8584061741828919,10,1,heidfeld,bmw_sauber,8,8,8
152,2009,10,166,0.7130459547042847,0.7130459547042847,1,4,alguersuari,toro_rosso,9,9,9
4,2009,10,166,0.5679808855056763,0.5902917623519898,5,0,kovalainen,mclaren,10,10,10
5,2009,10,166,0.0794501006603241,0.08465326045240675,7,2,nakajima,williams,11,11,11
66,2009,10,166,0.03211250901222229,0.06136675924062729,8,4,buemi,toro_rosso,12,12,12
11,2009,10,166,-0.29387855529785156,-0.2794479075819254,8,3,piquet_jr,renault,13,13,13
20,2009,10,166,-0.6107602119445801,-0.5935541854964362,9,9,fisichella,force_india,14,14,14
8,2009,10,166,-0.9867061972618103,-0.9669963419437408,8,1,kubica,bmw_sauber,15,15,15
9,2009,10,166,-1.0428671836853027,-1.0259641230106353,10,6,glock,toyota,16,16,16
7,2009,11,167,1.2031714916229248,1.1919929451412625,9,5,raikkonen,ferrari,1,1,1
21,2009,11,167,1.1725361347198486,1.1577341079711914,10,22,barrichello,brawn,2,2,2
0,2009,11,167,1.1552729606628418,1.1376940965652467,10,0,hamilton,mclaren,3,3,4
2,2009,11,167,1.1375105381011963,1.1233651529658923,11,2,rosberg,williams,4,3,4
14,2009,11,167,1.0524070262908936,1.0371252960628934,9,6,trulli,toyota,5,5,5
17,2009,11,167,1.0280826091766357,1.0141686797142029,11,22,button,brawn,6,6,7
16,2009,11,167,1.025800347328186,1.0113233544609763,11,8,webber,red_bull,7,6,7
1,2009,11,167,0.8741251230239868,0.8598351695320823,11,1,heidfeld,bmw_sauber,8,8,8
3,2009,11,167,0.8287721872329712,0.8158070385456085,10,3,alonso,renault,9,9,9
152,2009,11,167,0.7735368013381958,0.7432913780212402,2,4,alguersuari,toro_rosso,10,10,10
4,2009,11,167,0.599453330039978,0.5918186902999878,6,0,kovalainen,mclaren,11,11,11
153,2009,11,167,0.29839271306991577,0.29839271306991577,1,3,grosjean,renault,12,12,12
5,2009,11,167,0.11128107458353043,0.0879817372187972,8,2,nakajima,williams,13,13,13
20,2009,11,167,-0.5793981552124023,-0.5921385824680329,10,9,fisichella,force_india,14,14,14
8,2009,11,167,-0.9552466869354248,-0.9656908247205946,9,1,kubica,bmw_sauber,15,15,15
68,2009,11,167,-0.9777864217758179,-0.9777864217758179,1,5,badoer,ferrari,16,16,16
9,2009,11,167,-1.0114336013793945,-1.0246431664987043,11,6,glock,toyota,17,17,17
15,2009,11,167,-1.1780457496643066,-1.1852813296847873,9,9,sutil,force_india,18,18,18
7,2009,12,168,1.267102837562561,1.1995039343833924,10,5,raikkonen,ferrari,1,1,1
21,2009,12,168,1.2365864515304565,1.1649025028402156,11,22,barrichello,brawn,2,2,2
2,2009,12,168,1.2014656066894531,1.1298735241095226,12,2,rosberg,williams,3,3,3
19,2009,12,168,1.1598762273788452,1.0934289296468098,9,8,vettel,red_bull,4,4,4
16,2009,12,168,1.0897904634475708,1.0178622802098591,12,8,webber,red_bull,5,5,5
1,2009,12,168,0.9380954504013062,0.8663568596045176,12,1,heidfeld,bmw_sauber,6,6,6
4,2009,12,168,0.6633442640304565,0.6020366294043404,7,0,kovalainen,mclaren,7,7,7
5,2009,12,168,0.1754821091890335,0.09770400077104568,9,2,nakajima,williams,8,8,9
66,2009,12,168,0.1254625916481018,0.06848851839701335,9,4,buemi,toro_rosso,9,8,9
20,2009,12,168,-0.5156027674674988,-0.5851807811043479,11,9,fisichella,force_india,10,10,10
8,2009,12,168,-0.8913669586181641,-0.9582584381103516,10,1,kubica,bmw_sauber,11,11,11
68,2009,12,168,-1.049070954322815,-1.0134286880493164,2,5,badoer,ferrari,12,12,13
9,2009,12,168,-0.9475764036178589,-1.0182209362586339,12,6,glock,toyota,13,12,13
15,2009,12,168,-1.1146200895309448,-1.178215205669403,10,9,sutil,force_india,14,14,14
7,2009,13,169,1.1647913455963135,1.196348244493658,11,5,raikkonen,ferrari,1,1,1
21,2009,13,169,1.1343778371810913,1.162358780701955,12,22,barrichello,brawn,2,2,2
0,2009,13,169,1.1133131980895996,1.1354776512492786,11,0,hamilton,mclaren,3,3,4
2,2009,13,169,1.0991747379302979,1.127512079018813,13,2,rosberg,williams,4,3,4
19,2009,13,169,1.0576000213623047,1.0898460388183593,10,8,vettel,red_bull,5,5,5
14,2009,13,169,1.0104310512542725,1.0344558715820313,10,6,trulli,toyota,6,6,6
17,2009,13,169,0.9860038757324219,1.0118216127157211,12,22,button,brawn,7,7,7
1,2009,13,169,0.8358175754547119,0.8640076839006864,13,1,heidfeld,bmw_sauber,8,8,8
3,2009,13,169,0.7866685390472412,0.813158084045757,11,3,alonso,renault,9,9,9
4,2009,13,169,0.5609976053237915,0.5969067513942719,8,0,kovalainen,mclaren,10,10,10
153,2009,13,169,0.24871620535850525,0.2735544592142105,2,3,grosjean,renault,11,11,11
5,2009,13,169,0.07340376079082489,0.0952739767730236,10,2,nakajima,williams,12,12,12
66,2009,13,169,0.022335633635520935,0.06387322992086411,10,4,buemi,toro_rosso,13,13,13
20,2009,13,169,-0.6180319786071777,-0.5879183808962504,12,5,fisichella,ferrari,14,14,14
9,2009,13,169,-1.0499520301818848,-1.0206617896373456,13,6,glock,toyota,15,15,15
15,2009,13,169,-1.2173689603805542,-1.1817746379158713,11,9,sutil,force_india,16,16,16
7,2009,14,170,1.1944146156311035,1.1961871087551117,12,5,raikkonen,ferrari,1,1,1
21,2009,14,170,1.1640901565551758,1.1624919634598951,13,22,barrichello,brawn,2,2,2
0,2009,14,170,1.143538475036621,1.1361493865648906,12,0,hamilton,mclaren,3,3,4
2,2009,14,170,1.128815770149231,1.1276051998138428,14,2,rosberg,williams,4,3,4
19,2009,14,170,1.0872539281845093,1.0896103923971003,11,8,vettel,red_bull,5,5,5
14,2009,14,170,1.0406420230865479,1.0350182489915327,11,6,trulli,toyota,6,6,6
17,2009,14,170,1.0161259174346924,1.012152713078719,13,22,button,brawn,7,7,7
3,2009,14,170,0.8167691230773926,0.8134590039650599,12,3,alonso,renault,8,8,8
4,2009,14,170,0.5905903577804565,0.5962049298816257,9,0,kovalainen,mclaren,9,9,9
5,2009,14,170,0.10322865098714828,0.09599712897430766,11,2,nakajima,williams,10,10,10
20,2009,14,170,-0.5885105729103088,-0.5879639341281011,13,5,fisichella,ferrari,11,11,11
8,2009,14,170,-0.9625285267829895,-0.9586466279896823,11,1,kubica,bmw_sauber,12,12,12
9,2009,14,170,-1.020384430885315,-1.0206419782979148,14,6,glock,toyota,13,13,13
23,2009,14,170,-1.2802507877349854,-1.2802507877349854,1,9,liuzzi,force_india,14,14,14
7,2009,15,171,1.1781667470932007,1.194800927088811,13,5,raikkonen,ferrari,1,1,1
21,2009,15,171,1.1479191780090332,1.161451050213405,14,22,barrichello,brawn,2,2,2
0,2009,15,171,1.127811312675476,1.1355079962657049,13,0,hamilton,mclaren,3,3,4
2,2009,15,171,1.1125832796096802,1.1266037384668985,15,2,rosberg,williams,4,3,4
19,2009,15,171,1.0710326433181763,1.0880622466405232,12,8,vettel,red_bull,5,5,5
14,2009,15,171,1.024902582168579,1.0341752767562866,12,6,trulli,toyota,6,6,7
16,2009,15,171,1.0024317502975464,1.0166753163704505,13,8,webber,red_bull,7,6,8
17,2009,15,171,1.000309705734253,1.0113067839826857,14,22,button,brawn,8,7,8
1,2009,15,171,0.8491775989532471,0.8629483921187264,14,1,heidfeld,bmw_sauber,9,9,9
3,2009,15,171,0.8009341359138489,0.8124955525765052,13,3,alonso,renault,10,10,10
4,2009,15,171,0.5743162631988525,0.5940160632133484,10,0,kovalainen,mclaren,11,11,11
153,2009,15,171,0.2615808844566345,0.26956326762835187,3,3,grosjean,renault,12,12,12
5,2009,15,171,0.08715526014566422,0.09526030657192071,12,2,nakajima,williams,13,13,13
20,2009,15,171,-0.6048464775085449,-0.589169830083847,14,5,fisichella,ferrari,14,14,14
8,2009,15,171,-0.9790272116661072,-0.9603450099627177,12,1,kubica,bmw_sauber,15,15,15
15,2009,15,171,-1.2044163942337036,-1.1836614509423573,12,9,sutil,force_india,16,16,16
23,2009,15,171,-1.2979114055633545,-1.28908109664917,2,9,liuzzi,force_india,17,17,17
7,2009,16,172,1.1781129837036133,1.1936089311327254,14,5,raikkonen,ferrari,1,1,1
21,2009,16,172,1.1479320526123047,1.160549783706665,15,22,barrichello,brawn,2,2,2
0,2009,16,172,1.1282079219818115,1.1349865623882838,14,0,hamilton,mclaren,3,3,3
19,2009,16,172,1.0710017681121826,1.0867499021383433,13,8,vettel,red_bull,4,4,4
16,2009,16,172,1.00221586227417,1.0156424982207162,14,8,webber,red_bull,5,5,6
17,2009,16,172,1.0006294250488281,1.0105949600537618,15,22,button,brawn,6,5,6
152,2009,16,172,0.7478681802749634,0.7448169787724813,3,4,alguersuari,toro_rosso,7,7,7
154,2009,16,172,0.6085531115531921,0.6085531115531921,1,6,kobayashi,toyota,8,8,8
4,2009,16,172,0.5742398500442505,0.5922182256525214,11,0,kovalainen,mclaren,9,9,9
153,2009,16,172,0.26113006472587585,0.26745496690273285,4,3,grosjean,renault,10,10,10
66,2009,16,172,0.03560216724872589,0.061303133314306084,11,4,buemi,toro_rosso,11,11,11
20,2009,16,172,-0.6049762964248657,-0.5902235945065816,15,5,fisichella,ferrari,12,12,12
8,2009,16,172,-0.9792977571487427,-0.9618029135924119,13,1,kubica,bmw_sauber,13,13,13
23,2009,16,172,-1.2991869449615479,-1.292449712753296,3,9,liuzzi,force_india,14,14,14
7,2009,17,173,1.1937003135681152,1.1936150232950846,15,5,raikkonen,ferrari,1,1,1
21,2009,17,173,1.1635769605636597,1.1607389822602272,16,22,barrichello,brawn,2,2,2
2,2009,17,173,1.1287024021148682,1.1267349049448967,16,2,rosberg,williams,3,3,3
19,2009,17,173,1.0866090059280396,1.0867398381233215,14,8,vettel,red_bull,4,4,4
14,2009,17,173,1.0414478778839111,1.0347347076122577,13,6,trulli,toyota,5,5,5
16,2009,17,173,1.017662763595581,1.0157771825790405,15,8,webber,red_bull,6,6,7
17,2009,17,173,1.0165395736694336,1.0109664984047413,16,22,button,brawn,7,6,7
1,2009,17,173,0.8653146028518677,0.8631061395009358,15,1,heidfeld,bmw_sauber,8,8,8
3,2009,17,173,0.8173971176147461,0.812845664364951,14,3,alonso,renault,9,9,9
154,2009,17,173,0.6436247825622559,0.626088947057724,2,6,kobayashi,toyota,10,10,10
4,2009,17,173,0.5898076295852661,0.5920173426469167,12,0,kovalainen,mclaren,11,11,11
153,2009,17,173,0.27637383341789246,0.26923874020576477,5,3,grosjean,renault,12,12,12
5,2009,17,173,0.10341189801692963,0.09588735206769063,13,2,nakajima,williams,13,13,13
66,2009,17,173,0.05049162358045578,0.06040217416981856,12,4,buemi,toro_rosso,14,14,14
20,2009,17,173,-0.5894548892974854,-0.5901755504310131,16,5,fisichella,ferrari,15,15,15
8,2009,17,173,-0.9638981223106384,-0.9619525713579995,14,1,kubica,bmw_sauber,16,16,16
15,2009,17,173,-1.1886320114135742,-1.1840438017478356,13,9,sutil,force_india,17,17,17
23,2009,17,173,-1.2846567630767822,-1.2905014753341675,4,9,liuzzi,force_india,18,18,18
29,2010,1,174,1.138460636138916,1.138460636138916,1,129,michael_schumacher,mercedes,1,1,1
12,2010,1,174,1.1160284280776978,1.1160284280776978,1,5,massa,ferrari,2,2,2
21,2010,1,174,1.099971055984497,1.099971055984497,1,2,barrichello,williams,3,3,3
0,2010,1,174,1.0802967548370361,1.0802967548370361,1,0,hamilton,mclaren,4,4,4
2,2010,1,174,1.0649808645248413,1.0649808645248413,1,129,rosberg,mercedes,5,5,5
19,2010,1,174,1.0229703187942505,1.0229703187942505,1,8,vettel,red_bull,6,6,6
807,2010,1,174,1.0079832077026367,1.0079832077026367,1,2,hulkenberg,williams,7,7,7
14,2010,1,174,0.978095293045044,0.978095293045044,1,202,trulli,lotus_racing,8,8,8
16,2010,1,174,0.953885555267334,0.953885555267334,1,8,webber,red_bull,9,9,9
17,2010,1,174,0.9531631469726562,0.9531631469726562,1,0,button,mclaren,10,10,10
3,2010,1,174,0.7539730072021484,0.7539730072021484,1,5,alonso,ferrari,11,11,11
152,2010,1,174,0.7005162835121155,0.7005162835121155,1,4,alguersuari,toro_rosso,12,12,12
4,2010,1,174,0.5261347889900208,0.5261347889900208,1,202,kovalainen,lotus_racing,13,13,13
66,2010,1,174,-0.013767868280410767,-0.013767868280410767,1,4,buemi,toro_rosso,14,14,14
8,2010,1,174,-1.0277163982391357,-1.0277163982391357,1,3,kubica,renault,15,15,15
15,2010,1,174,-1.2526428699493408,-1.2526428699493408,1,9,sutil,force_india,16,16,16
23,2010,1,174,-1.349226713180542,-1.349226713180542,1,9,liuzzi,force_india,17,17,17
29,2010,2,175,1.191100835800171,1.1647807359695435,2,129,michael_schumacher,mercedes,1,1,3
12,2010,2,175,1.1717145442962646,1.1438714861869812,2,5,massa,ferrari,2,1,4
21,2010,2,175,1.1552097797393799,1.1275904178619385,2,2,barrichello,williams,3,1,5
0,2010,2,175,1.135860800743103,1.1080787777900696,2,0,hamilton,mclaren,4,2,5
2,2010,2,175,1.1201196908950806,1.092550277709961,2,129,rosberg,mercedes,5,3,5
16,2010,2,175,1.0089761018753052,0.9814308285713196,2,8,webber,red_bull,6,6,7
17,2010,2,175,1.0086003541946411,0.9808817505836487,2,0,button,mclaren,7,6,7
3,2010,2,175,0.8093691468238831,0.7816710770130157,2,5,alonso,ferrari,8,8,9
152,2010,2,175,0.7565641403198242,0.7285402119159698,2,4,alguersuari,toro_rosso,9,8,9
4,2010,2,175,0.5813157558441162,0.5537252724170685,2,202,kovalainen,lotus_racing,10,10,10
811,2010,2,175,-0.9935526847839355,-0.9935526847839355,1,162,chandhok,hrt,11,11,12
8,2010,2,175,-0.972661018371582,-1.0001887083053589,2,3,kubica,renault,12,11,12
36,2010,2,175,-1.0897084474563599,-1.0897084474563599,1,14,rosa,sauber,13,13,13
23,2010,2,175,-1.294821858406067,-1.3220242857933044,2,9,liuzzi,force_india,14,14,14
12,2010,3,176,1.1872971057891846,1.158346692721049,3,5,massa,ferrari,1,1,3
21,2010,3,176,1.1704055070877075,1.141862114270528,3,2,barrichello,williams,2,1,4
0,2010,3,176,1.1513378620147705,1.1224984725316365,3,0,hamilton,mclaren,3,1,5
2,2010,3,176,1.1352289915084839,1.106776515642802,3,129,rosberg,mercedes,4,2,5
807,2010,3,176,1.1300296783447266,1.0690064430236816,2,2,hulkenberg,williams,5,2,8
19,2010,3,176,1.093048095703125,1.0580092072486877,2,8,vettel,red_bull,6,4,7
14,2010,3,176,1.0484206676483154,1.0132579803466797,2,202,trulli,lotus_racing,7,6,9
16,2010,3,176,1.0240436792373657,0.9956351121266683,3,8,webber,red_bull,8,6,9
17,2010,3,176,1.0239678621292114,0.9952437877655029,3,0,button,mclaren,9,6,9
3,2010,3,176,0.8247009515762329,0.7960143685340881,3,5,alonso,ferrari,10,10,10
152,2010,3,176,0.7724595665931702,0.74317999680837,3,4,alguersuari,toro_rosso,11,11,11
66,2010,3,176,0.05577293038368225,0.021002531051635742,2,4,buemi,toro_rosso,12,12,12
810,2010,3,176,-0.983935534954071,-0.983935534954071,1,162,bruno_senna,hrt,13,13,14
8,2010,3,176,-0.957624077796936,-0.9860004981358846,3,3,kubica,renault,14,13,15
811,2010,3,176,-1.1179554462432861,-1.0557540655136108,2,162,chandhok,hrt,15,14,16
809,2010,3,176,-1.0942637920379639,-1.0942637920379639,1,164,grassi,virgin,16,15,16
15,2010,3,176,-1.182887077331543,-1.217764973640442,2,9,sutil,force_india,17,17,17
29,2010,4,177,1.1623319387435913,1.1639644702275593,3,129,michael_schumacher,mercedes,1,1,3
12,2010,4,177,1.1468682289123535,1.1554770767688751,4,5,massa,ferrari,2,1,3
21,2010,4,177,1.1296420097351074,1.138807088136673,4,2,barrichello,williams,3,1,4
0,2010,4,177,1.110817790031433,1.1195783019065857,4,0,hamilton,mclaren,4,3,6
2,2010,4,177,1.094390630722046,1.103680044412613,4,129,rosberg,mercedes,5,4,6
807,2010,4,177,1.0923258066177368,1.0767795642217,3,2,hulkenberg,williams,6,4,7
19,2010,4,177,1.0523046255111694,1.0561076800028484,3,8,vettel,red_bull,7,6,7
16,2010,4,177,0.9831691980361938,0.9925186336040497,4,8,webber,red_bull,8,8,9
17,2010,4,177,0.9833528995513916,0.9922710657119751,4,0,button,mclaren,9,8,9
3,2010,4,177,0.7840551733970642,0.7930245697498322,4,5,alonso,ferrari,10,10,10
152,2010,4,177,0.7323014736175537,0.7404603660106659,4,4,alguersuari,toro_rosso,11,11,11
4,2010,4,177,0.5547448992729187,0.5540651480356852,3,202,kovalainen,lotus_racing,12,12,12
808,2010,4,177,0.4166214168071747,0.4166214168071747,1,3,petrov,renault,13,13,13
8,2010,4,177,-0.9985248446464539,-0.9891315847635269,4,3,kubica,renault,14,14,15
810,2010,4,177,-1.160987138748169,-1.07246133685112,2,162,bruno_senna,hrt,15,14,16
811,2010,4,177,-1.1610921621322632,-1.0908667643864949,3,162,chandhok,hrt,16,15,16
15,2010,4,177,-1.2239093780517578,-1.2198131084442139,3,9,sutil,force_india,17,17,17
29,2010,5,178,1.1803683042526245,1.1680654287338257,4,129,michael_schumacher,mercedes,1,1,3
12,2010,5,178,1.167009711265564,1.157783603668213,5,5,massa,ferrari,2,1,3
21,2010,5,178,1.149493932723999,1.1409444570541383,5,2,barrichello,williams,3,2,4
0,2010,5,178,1.1308802366256714,1.1218386888504028,5,0,hamilton,mclaren,4,3,5
2,2010,5,178,1.1141780614852905,1.1057796478271484,5,129,rosberg,mercedes,5,4,6
807,2010,5,178,1.1148245334625244,1.0862908065319061,4,2,hulkenberg,williams,6,4,7
19,2010,5,178,1.0721737146377563,1.0601241886615753,4,8,vettel,red_bull,7,6,7
14,2010,5,178,1.0287957191467285,1.0184372266133626,3,202,trulli,lotus_racing,8,7,10
16,2010,5,178,1.0029253959655762,0.994599986076355,5,8,webber,red_bull,9,8,10
17,2010,5,178,1.003333330154419,0.9944835186004639,5,0,button,mclaren,10,8,10
3,2010,5,178,0.804008960723877,0.7952214479446411,5,5,alonso,ferrari,11,11,11
152,2010,5,178,0.7526772022247314,0.742903733253479,5,4,alguersuari,toro_rosso,12,12,12
154,2010,5,178,0.6326725482940674,0.6326725482940674,1,14,kobayashi,sauber,13,13,13
808,2010,5,178,0.4339035153388977,0.4252624660730362,2,3,petrov,renault,14,14,14
8,2010,5,178,-0.9787917137145996,-0.9870636105537415,5,3,kubica,renault,15,15,15
9,2010,5,178,-1.031842827796936,-1.031842827796936,1,164,glock,virgin,16,16,16
809,2010,5,178,-1.2614434957504272,-1.1778536438941956,2,164,grassi,virgin,17,17,18
15,2010,5,178,-1.2042810916900635,-1.2159301042556763,4,9,sutil,force_india,18,17,18
23,2010,5,178,-1.3011592626571655,-1.315069278081258,3,9,liuzzi,force_india,19,19,19
29,2010,6,179,1.2026288509368896,1.1749781131744386,5,129,michael_schumacher,mercedes,1,1,2
12,2010,6,179,1.1910914182662964,1.1633349061012268,6,5,massa,ferrari,2,1,2
0,2010,6,179,1.1548937559127808,1.1273478666941326,6,0,hamilton,mclaren,3,3,4
2,2010,6,179,1.137953281402588,1.1111419200897217,6,129,rosberg,mercedes,4,3,4
19,2010,6,179,1.0960198640823364,1.0673033237457275,5,8,vettel,red_bull,5,5,5
14,2010,6,179,1.0526872873306274,1.0269997417926788,4,202,trulli,lotus_racing,6,6,7
16,2010,6,179,1.0266735553741455,0.9999455809593201,6,8,webber,red_bull,7,6,7
3,2010,6,179,0.827928364276886,0.8006726006666819,6,5,alonso,ferrari,8,8,8
152,2010,6,179,0.7769612669944763,0.7485799888769785,6,4,alguersuari,toro_rosso,9,9,9
808,2010,6,179,0.458591103553772,0.4363720118999481,3,3,petrov,renault,10,10,10
66,2010,6,179,0.059270814061164856,0.03375862538814545,3,4,buemi,toro_rosso,11,11,11
8,2010,6,179,-0.9550631046295166,-0.981730192899704,6,3,kubica,renault,12,12,12
811,2010,6,179,-1.1194918155670166,-1.0980230271816254,4,162,chandhok,hrt,13,13,13
15,2010,6,179,-1.1806433200836182,-1.2088727474212646,5,9,sutil,force_india,14,14,14
23,2010,6,179,-1.2779655456542969,-1.3057933449745178,4,9,liuzzi,force_india,15,15,15
29,2010,7,180,1.25704026222229,1.188655138015747,6,129,michael_schumacher,mercedes,1,1,3
12,2010,7,180,1.2470780611038208,1.1752982139587402,7,5,massa,ferrari,2,1,3
21,2010,7,180,1.22799813747406,1.1554534037907918,6,2,barrichello,williams,3,1,5
0,2010,7,180,1.2108211517333984,1.139272621699742,7,0,hamilton,mclaren,4,3,6
2,2010,7,180,1.193674921989441,1.1229323489325387,7,129,rosberg,mercedes,5,3,6
807,2010,7,180,1.195617914199829,1.1081562280654906,5,2,hulkenberg,williams,6,4,6
16,2010,7,180,1.0823719501495361,1.0117207765579224,7,8,webber,red_bull,7,7,8
17,2010,7,180,1.0819486379623413,1.00906103849411,6,0,button,mclaren,8,7,8
3,2010,7,180,0.8837745189666748,0.8125443032809666,7,5,alonso,ferrari,9,9,9
152,2010,7,180,0.8331230878829956,0.7606575744492667,7,4,alguersuari,toro_rosso,10,10,10
154,2010,7,180,0.71148282289505,0.6720776855945587,2,14,kobayashi,sauber,11,11,11
808,2010,7,180,0.515101969242096,0.4560545012354851,4,3,petrov,renault,12,12,12
66,2010,7,180,0.1145181730389595,0.05394851230084896,4,4,buemi,toro_rosso,13,13,13
8,2010,7,180,-0.8993819952011108,-0.9699661646570478,7,3,kubica,renault,14,14,15
9,2010,7,180,-0.9538871645927429,-0.9928649961948395,2,164,glock,virgin,15,14,16
36,2010,7,180,-1.020105004310608,-1.0549067258834839,2,14,rosa,sauber,16,15,17
811,2010,7,180,-1.0654933452606201,-1.0915170907974243,5,162,chandhok,hrt,17,16,18
809,2010,7,180,-1.1861014366149902,-1.1806029081344604,3,164,grassi,virgin,18,17,19
15,2010,7,180,-1.1250407695770264,-1.1949007511138916,6,9,sutil,force_india,19,18,19
23,2010,7,180,-1.2227469682693481,-1.289184069633484,5,9,liuzzi,force_india,20,20,20
29,2010,8,181,1.2000312805175781,1.1902803012302943,7,129,michael_schumacher,mercedes,1,1,3
12,2010,8,181,1.1914315223693848,1.1773148775100708,8,5,massa,ferrari,2,1,3
21,2010,8,181,1.1723124980926514,1.1578618458339147,7,2,barrichello,williams,3,2,5
0,2010,8,181,1.1551235914230347,1.1412539929151535,8,0,hamilton,mclaren,4,3,6
2,2010,8,181,1.1377991437911987,1.1247906982898712,8,129,rosberg,mercedes,5,4,6
807,2010,8,181,1.1419124603271484,1.113782266775767,6,2,hulkenberg,williams,6,3,7
19,2010,8,181,1.0925596952438354,1.0715127189954121,6,8,vettel,red_bull,7,6,7
16,2010,8,181,1.0264760255813599,1.013565182685852,8,8,webber,red_bull,8,8,9
17,2010,8,181,1.0263590812683105,1.011532187461853,7,0,button,mclaren,9,8,9
3,2010,8,181,0.8280066251754761,0.8144770935177803,8,5,alonso,ferrari,10,10,10
152,2010,8,181,0.7776281237602234,0.7627788931131363,8,4,alguersuari,toro_rosso,11,11,11
4,2010,8,181,0.5939133167266846,0.5640271902084351,4,202,kovalainen,lotus_racing,12,12,12
808,2010,8,181,0.45990878343582153,0.4568253576755524,5,3,petrov,renault,13,13,13
66,2010,8,181,0.05823221802711487,0.05480525344610214,5,4,buemi,toro_rosso,14,14,14
8,2010,8,181,-0.9552927017211914,-0.9681319817900658,8,3,kubica,renault,15,15,15
811,2010,8,181,-1.1228597164154053,-1.0967408617337544,6,162,chandhok,hrt,16,16,16
15,2010,8,181,-1.1810193061828613,-1.1929176875523158,7,9,sutil,force_india,17,17,18
809,2010,8,181,-1.2445223331451416,-1.1965827643871307,4,164,grassi,virgin,18,17,18
23,2010,8,181,-1.2790577411651611,-1.2874963482220967,6,9,liuzzi,force_india,19,19,19
29,2010,9,182,1.2788951396942139,1.2013571560382843,8,129,michael_schumacher,mercedes,1,1,3
12,2010,9,182,1.271474003791809,1.187777002652486,9,5,massa,ferrari,2,1,4
21,2010,9,182,1.2523208856582642,1.1696692258119583,8,2,barrichello,williams,3,1,5
0,2010,9,182,1.2351218461990356,1.1516837543911405,9,0,hamilton,mclaren,4,2,5
2,2010,9,182,1.2176433801651,1.1351076629426744,9,129,rosberg,mercedes,5,3,5
19,2010,9,182,1.1729114055633545,1.0859982456479753,7,8,vettel,red_bull,6,6,7
14,2010,9,182,1.1288635730743408,1.0473725080490113,5,202,trulli,lotus_racing,7,6,8
17,2010,9,182,1.1064506769180298,1.0233969986438751,8,0,button,mclaren,8,7,8
3,2010,9,182,0.9079440832138062,0.8248623145951165,9,5,alonso,ferrari,9,9,9
152,2010,9,182,0.8578017354011536,0.7733369867006937,9,4,alguersuari,toro_rosso,10,10,10
154,2010,9,182,0.735659122467041,0.6932714978853861,3,14,kobayashi,sauber,11,11,11
808,2010,9,182,0.5403434634208679,0.4707450419664383,6,3,petrov,renault,12,12,12
66,2010,9,182,0.13772156834602356,0.06862463926275571,6,4,buemi,toro_rosso,13,13,13
8,2010,9,182,-0.8754787445068359,-0.9578371776474847,9,3,kubica,renault,14,14,15
9,2010,9,182,-0.9304500818252563,-0.9720600247383118,3,164,glock,virgin,15,14,16
36,2010,9,182,-0.9990180730819702,-1.036277174949646,3,14,rosa,sauber,16,15,17
810,2010,9,182,-1.045161247253418,-1.0633613069852192,3,162,bruno_senna,hrt,17,15,18
811,2010,9,182,-1.0443047285079956,-1.0892499855586462,7,162,chandhok,hrt,18,17,18
15,2010,9,182,-1.101264238357544,-1.1814610064029694,8,9,sutil,force_india,19,19,20
809,2010,9,182,-1.166879653930664,-1.1906421422958373,5,164,grassi,virgin,20,19,20
23,2010,9,182,-1.1995898485183716,-1.2749382768358504,7,9,liuzzi,force_india,21,21,21
29,2010,10,183,1.196331262588501,1.2007987234327528,9,129,michael_schumacher,mercedes,1,1,3
12,2010,10,183,1.189929723739624,1.1879922747612,10,5,massa,ferrari,2,1,3
21,2010,10,183,1.1707472801208496,1.1697890096240573,9,2,barrichello,williams,3,1,4
0,2010,10,183,1.1535391807556152,1.151869297027588,10,0,hamilton,mclaren,4,3,6
2,2010,10,183,1.135927438735962,1.1351896405220032,10,129,rosberg,mercedes,5,4,6
807,2010,10,183,1.13812255859375,1.117259451321193,7,2,hulkenberg,williams,6,4,7
19,2010,10,183,1.0916345119476318,1.0867027789354324,8,8,vettel,red_bull,7,6,7
14,2010,10,183,1.0477224588394165,1.0474308331807454,6,202,trulli,lotus_racing,8,7,10
17,2010,10,183,1.0249487161636353,1.0235694117016263,9,0,button,mclaren,9,8,10
16,2010,10,183,1.0207912921905518,1.0143680837419298,9,8,webber,red_bull,10,8,10
3,2010,10,183,0.8263087272644043,0.8250069558620453,10,5,alonso,ferrari,11,11,11
154,2010,10,183,0.6543698310852051,0.6835460811853409,4,14,kobayashi,sauber,12,12,12
4,2010,10,183,0.5889687538146973,0.5690155029296875,5,202,kovalainen,lotus_racing,13,13,13
808,2010,10,183,0.4591382145881653,0.46908692376954214,7,3,petrov,renault,14,14,14
66,2010,10,183,0.05569864809513092,0.06677806909595217,7,4,buemi,toro_rosso,15,15,15
9,2010,10,183,-1.0123789310455322,-0.9821397513151169,4,164,glock,virgin,16,16,16
811,2010,10,183,-1.127135992050171,-1.0939857363700867,8,162,chandhok,hrt,17,17,17
15,2010,10,183,-1.1830570697784424,-1.1816383467780218,9,9,sutil,force_india,18,18,18
23,2010,10,183,-1.281631350517273,-1.2757749110460281,8,9,liuzzi,force_india,19,19,19
28,2010,10,183,-1.461897850036621,-1.461897850036621,1,162,yamamoto,hrt,20,20,20
29,2010,11,184,1.2146241664886475,1.2021812677383423,10,129,michael_schumacher,mercedes,1,1,3
12,2010,11,184,1.2091045379638672,1.1899115714159878,11,5,massa,ferrari,2,1,3
21,2010,11,184,1.1898967027664185,1.1717997789382935,10,2,barrichello,williams,3,1,4
0,2010,11,184,1.1726808547973633,1.15376125682484,11,0,hamilton,mclaren,4,3,6
2,2010,11,184,1.154954195022583,1.136986418203874,11,129,rosberg,mercedes,5,3,6
807,2010,11,184,1.1592854261398315,1.122512698173523,8,2,hulkenberg,williams,6,4,7
19,2010,11,184,1.1110408306121826,1.0894070068995159,9,8,vettel,red_bull,7,6,7
17,2010,11,184,1.0441606044769287,1.0256285309791564,10,0,button,mclaren,8,8,9
16,2010,11,184,1.0403152704238892,1.0169628024101258,10,8,webber,red_bull,9,8,9
3,2010,11,184,0.845405101776123,0.8268613327633251,11,5,alonso,ferrari,10,10,10
152,2010,11,184,0.7959622740745544,0.7755995154380798,10,4,alguersuari,toro_rosso,11,11,11
154,2010,11,184,0.6737653613090515,0.681589937210083,5,14,kobayashi,sauber,12,12,12
808,2010,11,184,0.47860658168792725,0.4702768810093403,8,3,petrov,renault,13,13,13
8,2010,11,184,-0.9376292824745178,-0.955816388130188,10,3,kubica,renault,14,14,15
9,2010,11,184,-0.9935363531112671,-0.984419071674347,5,164,glock,virgin,15,14,15
36,2010,11,184,-1.0633881092071533,-1.0430549085140228,4,14,rosa,sauber,16,16,17
810,2010,11,184,-1.1090726852416992,-1.0747891515493393,4,162,bruno_senna,hrt,17,16,17
15,2010,11,184,-1.1640971899032593,-1.1798842310905457,10,9,sutil,force_india,18,18,18
23,2010,11,184,-1.2628862857818604,-1.2743428415722318,9,9,liuzzi,force_india,19,19,19
29,2010,12,185,1.2484886646270752,1.2063910310918635,11,129,michael_schumacher,mercedes,1,1,3
12,2010,12,185,1.2437317371368408,1.194396585226059,12,5,massa,ferrari,2,1,3
21,2010,12,185,1.2245018482208252,1.1765908761457964,11,2,barrichello,williams,3,1,3
807,2010,12,185,1.1956321001052856,1.130637076165941,9,2,hulkenberg,williams,4,4,5
19,2010,12,185,1.1458683013916016,1.0950531363487244,10,8,vettel,red_bull,5,4,5
14,2010,12,185,1.1013522148132324,1.055133887699672,7,202,trulli,lotus_racing,6,5,7
17,2010,12,185,1.0788195133209229,1.030464074828408,11,0,button,mclaren,7,6,8
16,2010,12,185,1.0752441883087158,1.0222611102190884,11,8,webber,red_bull,8,7,8
3,2010,12,185,0.8799642324447632,0.8312865744034449,12,5,alonso,ferrari,9,9,9
154,2010,12,185,0.7085835337638855,0.68608886996905,6,14,kobayashi,sauber,10,10,10
4,2010,12,185,0.6432386636734009,0.5813860297203064,6,202,kovalainen,lotus_racing,11,11,11
808,2010,12,185,0.5134875774383545,0.475078069501453,9,3,petrov,renault,12,12,12
66,2010,12,185,0.10856564342975616,0.07200151588767767,8,4,buemi,toro_rosso,13,13,13
9,2010,12,185,-0.9591966867446899,-0.9802153408527374,6,164,glock,virgin,14,14,14
36,2010,12,185,-1.0309081077575684,-1.040625548362732,5,14,rosa,sauber,15,15,16
810,2010,12,185,-1.0761960744857788,-1.0750705361366273,5,162,bruno_senna,hrt,16,15,16
809,2010,12,185,-1.1968024969100952,-1.1916688680648804,6,164,grassi,virgin,17,17,17
23,2010,12,185,-1.2286310195922852,-1.269771659374237,10,9,liuzzi,force_india,18,18,18
28,2010,12,185,-1.4125778675079346,-1.4372378587722778,2,162,yamamoto,hrt,19,19,19
29,2010,13,186,1.2692267894744873,1.2116273442904155,12,129,michael_schumacher,mercedes,1,1,2
12,2010,13,186,1.265129804611206,1.1998376021018395,13,5,massa,ferrari,2,1,2
0,2010,13,186,1.2266919612884521,1.1598388155301411,12,0,hamilton,mclaren,3,3,5
2,2010,13,186,1.2088654041290283,1.1429763336976368,12,129,rosberg,mercedes,4,3,5
807,2010,13,186,1.218517541885376,1.1394251227378844,10,2,hulkenberg,williams,5,3,6
19,2010,13,186,1.1674394607543945,1.1016337112946943,11,8,vettel,red_bull,6,5,7
14,2010,13,186,1.1231224536895752,1.06363245844841,8,202,trulli,lotus_racing,7,6,8
16,2010,13,186,1.0969033241271973,1.0284812947114308,12,8,webber,red_bull,8,7,8
152,2010,13,186,0.8500435948371887,0.782367159019817,11,4,alguersuari,toro_rosso,9,9,9
154,2010,13,186,0.7301466464996338,0.6923828380448478,7,14,kobayashi,sauber,10,10,10
4,2010,13,186,0.6655625104904175,0.5934112412588937,7,202,kovalainen,lotus_racing,11,11,11
808,2010,13,186,0.5351051688194275,0.48108077943325045,10,3,petrov,renault,12,12,12
66,2010,13,186,0.12967604398727417,0.07840979678763284,9,4,buemi,toro_rosso,13,13,13
8,2010,13,186,-0.8838169574737549,-0.9492709853432395,11,3,kubica,renault,14,14,15
9,2010,13,186,-0.938047468662262,-0.9741913591112409,7,164,glock,virgin,15,14,15
36,2010,13,186,-1.0113673210144043,-1.0357491771380107,6,14,rosa,sauber,16,16,16
15,2010,13,186,-1.1102436780929565,-1.1735532717271284,11,9,sutil,force_india,17,17,18
809,2010,13,186,-1.1771860122680664,-1.1895998886653356,7,164,grassi,virgin,18,17,18
23,2010,13,186,-1.207554817199707,-1.2641155828129162,11,9,liuzzi,force_india,19,19,19
28,2010,13,186,-1.3945356607437134,-1.4230037927627563,3,162,yamamoto,hrt,20,20,20
29,2010,14,187,1.2677897214889526,1.2159475271518414,13,129,michael_schumacher,mercedes,1,1,2
12,2010,14,187,1.2642635107040405,1.2044394527162825,14,5,massa,ferrari,2,1,3
21,2010,14,187,1.2424235343933105,1.1820769309997559,12,2,barrichello,williams,3,1,4
2,2010,14,187,1.2081561088562012,1.147990162555988,13,129,rosberg,mercedes,4,4,5
807,2010,14,187,1.2189377546310425,1.1466535438190808,11,2,hulkenberg,williams,5,3,5
19,2010,14,187,1.1667230129241943,1.1070578197638195,12,8,vettel,red_bull,6,5,6
17,2010,14,187,1.096787691116333,1.0359910428524017,12,0,button,mclaren,7,7,8
16,2010,14,187,1.096262812614441,1.033695257627047,13,8,webber,red_bull,8,7,8
3,2010,14,187,0.8978460431098938,0.8364065335347102,13,5,alonso,ferrari,9,9,9
152,2010,14,187,0.8494815826416016,0.7879600276549658,12,4,alguersuari,toro_rosso,10,10,10
4,2010,14,187,0.6654970645904541,0.6024219691753387,8,202,kovalainen,lotus_racing,11,11,11
808,2010,14,187,0.5344287753105164,0.4859305972402746,11,3,petrov,renault,12,12,12
66,2010,14,187,0.1285609006881714,0.08342490717768669,10,4,buemi,toro_rosso,13,13,13
8,2010,14,187,-0.8846118450164795,-0.9438827236493429,12,3,kubica,renault,14,14,15
9,2010,14,187,-0.9391288161277771,-0.969808541238308,8,164,glock,virgin,15,14,15
36,2010,14,187,-1.0138401985168457,-1.0326193230492728,7,14,rosa,sauber,16,16,16
15,2010,14,187,-1.1110026836395264,-1.1683407227198284,12,9,sutil,force_india,17,17,18
809,2010,14,187,-1.1795934438705444,-1.1883490830659866,8,164,grassi,virgin,18,17,18
23,2010,14,187,-1.208699345588684,-1.2594975630442302,12,9,liuzzi,force_india,19,19,19
28,2010,14,187,-1.3983047008514404,-1.4168290197849274,4,162,yamamoto,hrt,20,20,20
29,2010,15,188,1.1532244682312012,1.2114673086575098,14,129,michael_schumacher,mercedes,1,1,3
12,2010,15,188,1.1501917839050293,1.200822941462199,15,5,massa,ferrari,2,1,3
21,2010,15,188,1.1286852359771729,1.1779698775364802,13,2,barrichello,williams,3,2,4
2,2010,15,188,1.0942203998565674,1.144149465220315,14,129,rosberg,mercedes,4,4,5
807,2010,15,188,1.1059789657592773,1.1432639956474304,12,2,hulkenberg,williams,5,3,6
19,2010,15,188,1.0527809858322144,1.1028826786921575,13,8,vettel,red_bull,6,5,6
17,2010,15,188,0.9830896854400635,1.0319217076668372,13,0,button,mclaren,7,7,8
16,2010,15,188,0.982386589050293,1.0300303527287074,14,8,webber,red_bull,8,7,8
3,2010,15,188,0.7840733528137207,0.8326684491974967,14,5,alonso,ferrari,9,9,9
152,2010,15,188,0.735673189163208,0.7839379631555997,13,4,alguersuari,toro_rosso,10,10,10
4,2010,15,188,0.5521182417869568,0.5968326661321852,9,202,kovalainen,lotus_racing,11,11,11
808,2010,15,188,0.42052146792411804,0.4804798364639282,12,3,petrov,renault,12,12,12
66,2010,15,188,0.01427409052848816,0.07713846930048683,11,4,buemi,toro_rosso,13,13,13
8,2010,15,188,-0.9986216425895691,-0.948093409721668,13,3,kubica,renault,14,14,14
15,2010,15,188,-1.2249815464019775,-1.1726977091569166,13,9,sutil,force_india,15,15,16
809,2010,15,188,-1.294998049736023,-1.2001989682515461,9,164,grassi,virgin,16,15,16
29,2010,16,189,1.159291386604309,1.2079889138539632,15,129,michael_schumacher,mercedes,1,1,2
21,2010,16,189,1.1354674100875854,1.1749339870044164,14,2,barrichello,williams,2,1,3
0,2010,16,189,1.1198285818099976,1.1567611052439764,13,0,hamilton,mclaren,3,2,3
19,2010,16,189,1.059386968612671,1.0997758422579085,14,8,vettel,red_bull,4,4,5
14,2010,16,189,1.016337513923645,1.058377464612325,9,202,trulli,lotus_racing,5,4,7
17,2010,16,189,0.989906907081604,1.0289206504821777,14,0,button,mclaren,6,5,7
16,2010,16,189,0.9890494346618652,1.0272982915242512,15,8,webber,red_bull,7,5,7
1,2010,16,189,0.8302628993988037,0.8302628993988037,1,14,heidfeld,sauber,8,8,9
3,2010,16,189,0.7908259630203247,0.8298789501190186,15,5,alonso,ferrari,9,8,9
152,2010,16,189,0.7423946857452393,0.7809705861977169,14,4,alguersuari,toro_rosso,10,10,10
154,2010,16,189,0.6231825947761536,0.683732807636261,8,14,kobayashi,sauber,11,11,11
4,2010,16,189,0.559211254119873,0.593070524930954,10,202,kovalainen,lotus_racing,12,12,12
66,2010,16,189,0.020581871271133423,0.07242541946470737,12,4,buemi,toro_rosso,13,13,13
9,2010,16,189,-1.043469786643982,-0.9779931240611606,9,164,glock,virgin,14,14,14
810,2010,16,189,-1.1660100221633911,-1.0902271171410878,6,162,bruno_senna,hrt,15,15,15
28,2010,16,189,-1.5049704313278198,-1.4344573020935059,5,162,yamamoto,hrt,16,16,16
29,2010,17,190,1.1930437088012695,1.2070548385381699,16,129,michael_schumacher,mercedes,1,1,2
12,2010,17,190,1.1933220624923706,1.2003541365265846,16,5,massa,ferrari,2,1,3
21,2010,17,190,1.169838547706604,1.1745942910512288,15,2,barrichello,williams,3,2,4
0,2010,17,190,1.153980016708374,1.1565624560628618,14,0,hamilton,mclaren,4,3,5
807,2010,17,190,1.1500718593597412,1.1437876774714544,13,2,hulkenberg,williams,5,3,5
17,2010,17,190,1.0243079662322998,1.0286131381988526,15,0,button,mclaren,6,6,6
1,2010,17,190,0.8654711246490479,0.8478670120239258,2,14,heidfeld,sauber,7,7,8
3,2010,17,190,0.825171172618866,0.829584714025259,16,5,alonso,ferrari,8,7,8
152,2010,17,190,0.7767133116722107,0.7806867678960164,15,4,alguersuari,toro_rosso,9,9,9
154,2010,17,190,0.6572473049163818,0.6807899740007188,9,14,kobayashi,sauber,10,10,10
4,2010,17,190,0.5938513875007629,0.5931415124373003,11,202,kovalainen,lotus_racing,11,11,11
8,2010,17,190,-0.955437958240509,-0.9486180203301566,14,3,kubica,renault,12,12,12
810,2010,17,190,-1.1330289840698242,-1.0963416695594788,7,162,bruno_senna,hrt,13,13,13
23,2010,17,190,-1.276458501815796,-1.2608022506420429,13,9,liuzzi,force_india,14,14,14
28,2010,17,190,-1.4734828472137451,-1.4409615596135457,6,162,yamamoto,hrt,15,15,15
29,2010,18,191,1.1582279205322266,1.2041826668907614,17,129,michael_schumacher,mercedes,1,1,2
12,2010,18,191,1.1584863662719727,1.1978913265116073,17,5,massa,ferrari,2,1,3
21,2010,18,191,1.1355581283569336,1.1721545308828354,16,2,barrichello,williams,3,2,5
0,2010,18,191,1.1195096969604492,1.154092272122701,15,0,hamilton,mclaren,4,3,6
807,2010,18,191,1.1160688400268555,1.1418077605111259,14,2,hulkenberg,williams,5,3,6
2,2010,18,191,1.1034982204437256,1.1414393822352091,15,129,rosberg,mercedes,6,4,6
19,2010,18,191,1.059635877609253,1.0970998446146647,15,8,vettel,red_bull,7,6,7
14,2010,18,191,1.0165873765945435,1.0541984558105468,10,202,trulli,lotus_racing,8,8,9
17,2010,18,191,0.990053653717041,1.0262031704187393,16,0,button,mclaren,9,8,10
16,2010,18,191,0.9893475770950317,1.024926371872425,16,8,webber,red_bull,10,8,10
1,2010,18,191,0.8319147825241089,0.8425496021906534,3,14,heidfeld,sauber,11,11,12
3,2010,18,191,0.7908685207366943,0.8273072908906376,17,5,alonso,ferrari,12,11,12
152,2010,18,191,0.7423874139785767,0.7782930582761765,16,4,alguersuari,toro_rosso,13,13,13
154,2010,18,191,0.62270188331604,0.674981164932251,10,14,kobayashi,sauber,14,14,14
4,2010,18,191,0.5598034858703613,0.590363343556722,12,202,kovalainen,lotus_racing,15,15,15
808,2010,18,191,0.42982399463653564,0.4765832332464365,13,3,petrov,renault,16,16,16
66,2010,18,191,0.020572751760482788,0.06843675271822856,13,4,buemi,toro_rosso,17,17,17
31,2010,18,191,-0.4771957993507385,-0.4771957993507385,1,162,klien,hrt,18,18,18
8,2010,18,191,-0.9902273416519165,-0.9513919750849406,15,3,kubica,renault,19,19,19
9,2010,18,191,-1.0439409017562866,-0.9845879018306732,10,164,glock,virgin,20,19,20
810,2010,18,191,-1.1685116291046143,-1.1053629145026207,8,162,bruno_senna,hrt,21,21,21
15,2010,18,191,-1.2157409191131592,-1.1757722241537911,14,9,sutil,force_india,22,22,22
12,2010,19,192,1.1719075441360474,1.1964477830462985,18,5,massa,ferrari,1,1,2
21,2010,19,192,1.1494594812393188,1.1708195279626286,17,2,barrichello,williams,2,1,3
0,2010,19,192,1.133246898651123,1.1527894362807274,16,0,hamilton,mclaren,3,2,5
807,2010,19,192,1.1302101612091064,1.1410345872243246,15,2,hulkenberg,williams,4,2,5
2,2010,19,192,1.1169042587280273,1.1399059370160103,16,129,rosberg,mercedes,5,3,5
19,2010,19,192,1.0733633041381836,1.0956163108348846,16,8,vettel,red_bull,6,6,6
14,2010,19,192,1.030315637588501,1.0520272905176336,11,202,trulli,lotus_racing,7,7,8
17,2010,19,192,1.003977656364441,1.0248957872390747,17,0,button,mclaren,8,8,9
16,2010,19,192,1.0031176805496216,1.023643507676966,17,8,webber,red_bull,9,7,9
1,2010,19,192,0.846442461013794,0.8435228168964386,4,14,heidfeld,sauber,10,10,11
3,2010,19,192,0.8047505617141724,0.8260541392697228,18,5,alonso,ferrari,11,10,11
152,2010,19,192,0.7562495470046997,0.7769963811425602,17,4,alguersuari,toro_rosso,12,12,12
154,2010,19,192,0.6363739371299744,0.6714714169502258,11,14,kobayashi,sauber,13,13,13
4,2010,19,192,0.5739060044288635,0.5890973943930405,13,202,kovalainen,lotus_racing,14,14,14
808,2010,19,192,0.4432510733604431,0.47420236468315125,14,3,petrov,renault,15,15,15
66,2010,19,192,0.03407712280750275,0.065982493438891,14,4,buemi,toro_rosso,16,16,16
31,2010,19,192,-0.46364399790763855,-0.47041989862918854,2,162,klien,hrt,17,17,17
8,2010,19,192,-0.9767662882804871,-0.9529778696596622,16,3,kubica,renault,18,18,18
810,2010,19,192,-1.1556503772735596,-1.1109504103660583,9,162,bruno_senna,hrt,19,19,19
15,2010,19,192,-1.2023674249649048,-1.1775452375411988,15,9,sutil,force_india,20,20,21
809,2010,19,192,-1.271291971206665,-1.2073082685470582,10,164,grassi,virgin,21,20,21
12,2011,1,193,1.1232601404190063,1.1232601404190063,1,5,massa,ferrari,1,1,1
0,2011,1,193,1.0848729610443115,1.0848729610443115,1,0,hamilton,mclaren,2,2,2
19,2011,1,193,1.0249810218811035,1.0249810218811035,1,8,vettel,red_bull,3,3,3
14,2011,1,193,0.9819341897964478,0.9819341897964478,1,202,trulli,lotus_racing,4,4,4
17,2011,1,193,0.9557651281356812,0.9557651281356812,1,0,button,mclaren,5,5,5
16,2011,1,193,0.9547721743583679,0.9547721743583679,1,8,webber,red_bull,6,6,6
813,2011,1,193,0.8671363592147827,0.8671363592147827,1,9,resta,force_india,7,7,7
1,2011,1,193,0.7987524271011353,0.7987524271011353,1,3,heidfeld,renault,8,8,8
3,2011,1,193,0.7565019130706787,0.7565019130706787,1,5,alonso,ferrari,9,9,9
152,2011,1,193,0.7079835534095764,0.7079835534095764,1,4,alguersuari,toro_rosso,10,10,10
808,2011,1,193,0.39460891485214233,0.39460891485214233,1,3,petrov,renault,11,11,11
66,2011,1,193,-0.014498233795166016,-0.014498233795166016,1,4,buemi,toro_rosso,12,12,12
815,2011,1,193,-1.1663830280303955,-1.1663830280303955,1,164,ambrosio,virgin,13,13,13
15,2011,1,193,-1.2510558366775513,-1.2510558366775513,1,9,sutil,force_india,14,14,14
12,2011,2,194,1.1030149459838867,1.1131375432014465,2,5,massa,ferrari,1,1,2
29,2011,2,194,1.1072628498077393,1.1072628498077393,1,129,michael_schumacher,mercedes,2,1,2
0,2011,2,194,1.064864158630371,1.0748685598373413,2,0,hamilton,mclaren,3,3,3
2,2011,2,194,1.051223874092102,1.051223874092102,1,129,rosberg,mercedes,4,4,4
19,2011,2,194,1.00496506690979,1.0149730443954468,2,8,vettel,red_bull,5,5,5
17,2011,2,194,0.9358962774276733,0.9458307027816772,2,0,button,mclaren,6,6,7
16,2011,2,194,0.9347881078720093,0.9447801411151886,2,8,webber,red_bull,7,6,7
813,2011,2,194,0.8852686882019043,0.8762025237083435,2,9,resta,force_india,8,8,8
1,2011,2,194,0.7793352603912354,0.7890438437461853,2,3,heidfeld,renault,9,9,9
3,2011,2,194,0.7366018295288086,0.7465518712997437,2,5,alonso,ferrari,10,10,10
152,2011,2,194,0.6880683898925781,0.6980259716510773,2,4,alguersuari,toro_rosso,11,11,11
154,2011,2,194,0.570923924446106,0.570923924446106,1,14,kobayashi,sauber,12,12,12
4,2011,2,194,0.508828341960907,0.508828341960907,1,202,kovalainen,lotus_racing,13,13,13
808,2011,2,194,0.3743683099746704,0.38448861241340637,2,3,petrov,renault,14,14,14
66,2011,2,194,-0.034681037068367004,-0.02458963543176651,2,4,buemi,toro_rosso,15,15,15
9,2011,2,194,-1.0952396392822266,-1.0952396392822266,1,164,glock,virgin,16,16,16
15,2011,2,194,-1.271336555480957,-1.2611961960792542,2,9,sutil,force_india,17,17,17
21,2011,3,195,1.1735869646072388,1.1735869646072388,1,2,barrichello,williams,1,1,2
29,2011,3,195,1.1924951076507568,1.149878978729248,2,129,michael_schumacher,mercedes,2,1,4
12,2011,3,195,1.1888383626937866,1.1383711496988933,3,5,massa,ferrari,3,1,4
0,2011,3,195,1.1508921384811401,1.1002097527186077,3,0,hamilton,mclaren,4,2,5
2,2011,3,195,1.136600375175476,1.093912124633789,2,129,rosberg,mercedes,5,2,6
19,2011,3,195,1.090986728668213,1.0403109391530354,3,8,vettel,red_bull,6,5,8
814,2011,3,195,1.0214128494262695,1.0214128494262695,1,14,perez,sauber,7,6,8
14,2011,3,195,1.0512980222702026,1.0166161060333252,2,202,trulli,lotus_racing,8,5,9
17,2011,3,195,1.0220448970794678,0.971235434214274,3,0,button,mclaren,9,7,10
16,2011,3,195,1.0208373069763184,0.9701325297355652,3,8,webber,red_bull,10,8,11
813,2011,3,195,0.9744091033935547,0.9089380502700806,3,9,resta,force_india,11,10,11
1,2011,3,195,0.8658748865127563,0.8146541913350424,3,3,heidfeld,renault,12,12,13
3,2011,3,195,0.822723388671875,0.7719423770904541,3,5,alonso,ferrari,13,12,13
154,2011,3,195,0.6564996242523193,0.6137117743492126,2,14,kobayashi,sauber,14,14,15
4,2011,3,195,0.5947262048721313,0.5517772734165192,2,202,kovalainen,lotus_racing,15,14,15
808,2011,3,195,0.46019551157951355,0.40972424546877545,3,3,petrov,renault,16,16,16
66,2011,3,195,0.0511961430311203,0.0006722907225290934,3,4,buemi,toro_rosso,17,17,17
812,2011,3,195,-0.9925706386566162,-0.9925706386566162,1,2,maldonado,williams,18,18,18
9,2011,3,195,-1.010296106338501,-1.0527678728103638,2,164,glock,virgin,19,19,19
815,2011,3,195,-1.2622236013412476,-1.2143033146858215,2,164,ambrosio,virgin,20,20,22
38,2011,3,195,-1.2220460176467896,-1.2220460176467896,1,162,karthikeyan,hrt,21,20,22
15,2011,3,195,-1.1855440139770508,-1.2359788020451863,3,9,sutil,force_india,22,20,23
23,2011,3,195,-1.2712899446487427,-1.2712899446487427,1,162,liuzzi,hrt,23,22,23
21,2011,4,196,1.1569526195526123,1.1652697920799255,2,2,barrichello,williams,1,1,3
29,2011,4,196,1.175905466079712,1.158554474512736,3,129,michael_schumacher,mercedes,2,1,4
12,2011,4,196,1.172760009765625,1.1469683647155762,4,5,massa,ferrari,3,1,5
0,2011,4,196,1.134990930557251,1.1089050471782684,4,0,hamilton,mclaren,4,3,5
2,2011,4,196,1.1201355457305908,1.1026532649993896,3,129,rosberg,mercedes,5,3,5
19,2011,4,196,1.075080156326294,1.04900324344635,4,8,vettel,red_bull,6,5,8
814,2011,4,196,1.0694400072097778,1.0454264283180237,2,14,perez,sauber,7,6,8
14,2011,4,196,1.0349386930465698,1.02272363503774,3,202,trulli,lotus_racing,8,6,9
17,2011,4,196,1.0062482357025146,0.9799886345863342,4,0,button,mclaren,9,8,10
16,2011,4,196,1.00495445728302,0.9788380116224289,4,8,webber,red_bull,10,9,10
1,2011,4,196,0.8504162430763245,0.8235947042703629,4,3,heidfeld,renault,11,11,12
3,2011,4,196,0.8069033026695251,0.7806826084852219,4,5,alonso,ferrari,12,11,12
152,2011,4,196,0.7571526169776917,0.7177348534266154,3,4,alguersuari,toro_rosso,13,13,13
154,2011,4,196,0.6402072310447693,0.6225435932477316,3,14,kobayashi,sauber,14,14,14
4,2011,4,196,0.5787124037742615,0.5607556502024332,3,202,kovalainen,lotus_racing,15,15,15
808,2011,4,196,0.4441206455230713,0.4183233454823494,4,3,petrov,renault,16,16,16
66,2011,4,196,0.03516456484794617,0.009295359253883362,4,4,buemi,toro_rosso,17,17,17
812,2011,4,196,-1.145941972732544,-1.06925630569458,2,2,maldonado,williams,18,18,18
15,2011,4,196,-1.2016487121582031,-1.2273962795734406,4,9,sutil,force_india,19,19,21
38,2011,4,196,-1.239811897277832,-1.2309289574623108,2,162,karthikeyan,hrt,20,19,21
815,2011,4,196,-1.2785148620605469,-1.23570716381073,3,164,ambrosio,virgin,21,19,22
23,2011,4,196,-1.2893414497375488,-1.2803156971931458,2,162,liuzzi,hrt,22,21,22
29,2011,5,197,1.1775202751159668,1.1632959246635437,4,129,michael_schumacher,mercedes,1,1,2
21,2011,5,197,1.1585286855697632,1.163022756576538,3,2,barrichello,williams,2,1,2
0,2011,5,197,1.137200951576233,1.1145642280578614,5,0,hamilton,mclaren,3,3,4
2,2011,5,197,1.1218582391738892,1.1074545085430145,4,129,rosberg,mercedes,4,3,4
19,2011,5,197,1.0772855281829834,1.0546597003936768,5,8,vettel,red_bull,5,5,7
814,2011,5,197,1.0716543197631836,1.0541690587997437,3,14,perez,sauber,6,5,7
14,2011,5,197,1.0367525815963745,1.0262308716773987,4,202,trulli,lotus_racing,7,6,8
17,2011,5,197,1.0085487365722656,0.9857006549835206,5,0,button,mclaren,8,7,9
16,2011,5,197,1.0071805715560913,0.9845065236091614,5,8,webber,red_bull,9,8,9
813,2011,5,197,0.9632050395011902,0.922504797577858,4,9,resta,force_india,10,9,10
1,2011,5,197,0.8530091643333435,0.829477596282959,5,3,heidfeld,renault,11,11,11
3,2011,5,197,0.809183657169342,0.7863828182220459,5,5,alonso,ferrari,12,12,12
152,2011,5,197,0.7595843076705933,0.7281972169876099,4,4,alguersuari,toro_rosso,13,13,13
154,2011,5,197,0.6420789957046509,0.6274274438619614,4,14,kobayashi,sauber,14,14,14
808,2011,5,197,0.4461805820465088,0.4238947927951813,5,3,petrov,renault,15,15,15
66,2011,5,197,0.03726194053888321,0.014888675510883331,5,4,buemi,toro_rosso,16,16,16
9,2011,5,197,-1.0251305103302002,-1.0435554186503093,3,164,glock,virgin,17,17,18
812,2011,5,197,-1.1467485427856445,-1.0950870513916016,3,2,maldonado,williams,18,17,18
15,2011,5,197,-1.1996147632598877,-1.22183997631073,5,9,sutil,force_india,19,19,21
38,2011,5,197,-1.2392146587371826,-1.233690857887268,3,162,karthikeyan,hrt,20,19,21
815,2011,5,197,-1.2766423225402832,-1.2459409534931183,4,164,ambrosio,virgin,21,19,21
21,2011,6,198,1.1940665245056152,1.1707836985588074,4,2,barrichello,williams,1,1,1
0,2011,6,198,1.173287272453308,1.124351402123769,6,0,hamilton,mclaren,2,2,3
2,2011,6,198,1.1575230360031128,1.1174682140350343,5,129,rosberg,mercedes,3,2,3
19,2011,6,198,1.1133677959442139,1.0644443829854329,6,8,vettel,red_bull,4,4,5
14,2011,6,198,1.0724960565567017,1.0354839086532592,5,202,trulli,lotus_racing,5,4,6
17,2011,6,198,1.0447133779525757,0.9955361088116964,6,0,button,mclaren,6,5,7
16,2011,6,198,1.0432806015014648,0.9943022032578787,6,8,webber,red_bull,7,5,8
813,2011,6,198,1.001648187637329,0.9383334755897522,5,9,resta,force_india,8,7,8
1,2011,6,198,0.889426589012146,0.8394690950711569,6,3,heidfeld,renault,9,9,9
3,2011,6,198,0.8453307151794434,0.7962074677149454,6,5,alonso,ferrari,10,10,10
154,2011,6,198,0.6778725981712341,0.6375164747238159,5,14,kobayashi,sauber,11,11,11
4,2011,6,198,0.6166434288024902,0.5747275948524475,4,202,kovalainen,lotus_racing,12,12,12
66,2011,6,198,0.07325075566768646,0.02461568887035052,6,4,buemi,toro_rosso,13,13,13
812,2011,6,198,-1.113271713256836,-1.0996332168579102,4,2,maldonado,williams,14,14,14
15,2011,6,198,-1.1636807918548584,-1.212146778901418,6,9,sutil,force_india,15,15,17
38,2011,6,198,-1.2045235633850098,-1.2263990342617035,4,162,karthikeyan,hrt,16,15,17
815,2011,6,198,-1.2408475875854492,-1.2449222803115845,5,164,ambrosio,virgin,17,15,18
23,2011,6,198,-1.2531731128692627,-1.2712681690851848,3,162,liuzzi,hrt,18,17,18
21,2011,7,199,1.187497615814209,1.1741264820098878,5,2,barrichello,williams,1,1,3
29,2011,7,199,1.2051535844802856,1.171667456626892,5,129,michael_schumacher,mercedes,2,1,3
12,2011,7,199,1.202697515487671,1.1581141948699951,5,5,massa,ferrari,3,1,4
2,2011,7,199,1.1510639190673828,1.1230674982070923,6,129,rosberg,mercedes,4,3,4
19,2011,7,199,1.1072700023651123,1.0705623286111015,7,8,vettel,red_bull,5,5,6
14,2011,7,199,1.0661052465438843,1.0405874649683635,6,202,trulli,lotus_racing,6,5,6
17,2011,7,199,1.0386866331100464,1.0017004694257463,7,0,button,mclaren,7,7,8
16,2011,7,199,1.0371981859207153,1.000430200781141,7,8,webber,red_bull,8,7,8
813,2011,7,199,0.9975922703742981,0.9482099413871765,6,9,resta,force_india,9,9,9
152,2011,7,199,0.7879243493080139,0.7401426434516907,5,4,alguersuari,toro_rosso,10,10,10
154,2011,7,199,0.6715250611305237,0.6431845724582672,6,14,kobayashi,sauber,11,11,11
808,2011,7,199,0.4741990566253662,0.4322788367668788,6,3,petrov,renault,12,12,12
66,2011,7,199,0.06707199662923813,0.03068087569304875,7,4,buemi,toro_rosso,13,13,13
9,2011,7,199,-0.9977657794952393,-1.0321080088615417,4,164,glock,virgin,14,14,15
36,2011,7,199,-1.0631828308105469,-1.0631828308105469,1,14,rosa,sauber,15,14,15
38,2011,7,199,-1.211824655532837,-1.2234841585159302,5,162,karthikeyan,hrt,16,16,17
815,2011,7,199,-1.247194528579712,-1.2453009883562725,6,164,ambrosio,virgin,17,16,18
23,2011,7,199,-1.2608401775360107,-1.2686611711978912,4,162,liuzzi,hrt,18,17,18
29,2011,8,200,1.1878604888916016,1.174366295337677,6,129,michael_schumacher,mercedes,1,1,3
21,2011,8,200,1.1699906587600708,1.1734371781349182,6,2,barrichello,williams,2,1,3
12,2011,8,200,1.1857537031173706,1.162720779577891,6,5,massa,ferrari,3,1,4
0,2011,8,200,1.1488587856292725,1.1278524569102697,7,0,hamilton,mclaren,4,3,5
2,2011,8,200,1.1336519718170166,1.124579565865653,7,129,rosberg,mercedes,5,4,5
19,2011,8,200,1.0901703834533691,1.0730133354663849,8,8,vettel,red_bull,6,6,7
814,2011,8,200,1.0814722776412964,1.0609948635101318,4,14,perez,sauber,7,6,8
14,2011,8,200,1.0487521886825562,1.041753854070391,7,202,trulli,lotus_racing,8,6,9
17,2011,8,200,1.021648645401001,1.0041939914226532,8,0,button,mclaren,9,9,10
16,2011,8,200,1.0201119184494019,1.0028904154896736,8,8,webber,red_bull,10,8,10
813,2011,8,200,0.9822591543197632,0.9530741146632603,7,9,resta,force_india,11,10,11
1,2011,8,200,0.8652846217155457,0.8431570274489266,7,3,heidfeld,renault,12,12,12
3,2011,8,200,0.8209547996520996,0.7997428008488247,7,5,alonso,ferrari,13,12,13
152,2011,8,200,0.7712424397468567,0.7453259428342184,6,4,alguersuari,toro_rosso,14,14,14
154,2011,8,200,0.6542096138000488,0.644759578364236,7,14,kobayashi,sauber,15,15,15
4,2011,8,200,0.5921670794487,0.578215491771698,5,202,kovalainen,lotus_racing,16,16,16
808,2011,8,200,0.4572390913963318,0.4358445874282292,7,3,petrov,renault,17,17,17
66,2011,8,200,0.0499025359749794,0.03308358322829008,8,4,buemi,toro_rosso,18,18,18
9,2011,8,200,-1.0152910947799683,-1.028744626045227,5,164,glock,virgin,19,19,19
812,2011,8,200,-1.1399574279785156,-1.1076980590820313,5,2,maldonado,williams,20,20,20
15,2011,8,200,-1.188240885734558,-1.2087316513061523,7,9,sutil,force_india,21,21,22
38,2011,8,200,-1.2299652099609375,-1.2245643337567647,6,162,karthikeyan,hrt,22,21,23
815,2011,8,200,-1.2645093202590942,-1.2480450357709612,7,164,ambrosio,virgin,23,22,24
23,2011,8,200,-1.279297113418579,-1.2707883596420289,5,162,liuzzi,hrt,24,23,24
29,2011,9,201,1.1784889698028564,1.1749552488327026,7,129,michael_schumacher,mercedes,1,1,3
21,2011,9,201,1.1604341268539429,1.1715795993804932,7,2,barrichello,williams,2,1,3
12,2011,9,201,1.1766842603683472,1.1647155625479562,7,5,massa,ferrari,3,1,4
0,2011,9,201,1.139824390411377,1.129348948597908,8,0,hamilton,mclaren,4,3,5
2,2011,9,201,1.1241775751113892,1.12452931702137,8,129,rosberg,mercedes,5,4,5
19,2011,9,201,1.0809662342071533,1.0738969908820257,9,8,vettel,red_bull,6,6,7
814,2011,9,201,1.0726897716522217,1.06333384513855,5,14,perez,sauber,7,6,7
16,2011,9,201,1.010919451713562,1.0037825306256611,9,8,webber,red_bull,8,8,8
813,2011,9,201,0.9745830297470093,0.9557627290487289,8,9,resta,force_india,9,9,9
1,2011,9,201,0.8564979434013367,0.8448246419429779,8,3,heidfeld,renault,10,10,10
3,2011,9,201,0.8119657039642334,0.8012706637382507,8,5,alonso,ferrari,11,11,11
816,2011,9,201,0.7530159950256348,0.7530159950256348,1,162,ricciardo,hrt,12,12,13
152,2011,9,201,0.7623996138572693,0.7477650386946542,7,4,alguersuari,toro_rosso,13,12,13
808,2011,9,201,0.4481556713581085,0.4373834729194641,8,3,petrov,renault,14,14,14
9,2011,9,201,-1.024863600730896,-1.0280977884928386,6,164,glock,virgin,15,15,15
812,2011,9,201,-1.150944471359253,-1.1149057944615681,6,2,maldonado,williams,16,16,16
15,2011,9,201,-1.1973893642425537,-1.2073138654232025,8,9,sutil,force_india,17,17,17
815,2011,9,201,-1.273899793624878,-1.2512768805027008,8,164,ambrosio,virgin,18,18,18
23,2011,9,201,-1.2896754741668701,-1.2739362120628357,6,162,liuzzi,hrt,19,19,19
29,2011,10,202,1.1941969394683838,1.1773604601621628,8,129,michael_schumacher,mercedes,1,1,2
12,2011,10,202,1.1926534175872803,1.1682077944278717,8,5,massa,ferrari,2,1,2
0,2011,10,202,1.155823826789856,1.1322906017303467,9,0,hamilton,mclaren,3,3,4
2,2011,10,202,1.139796495437622,1.1262256701787312,9,129,rosberg,mercedes,4,3,4
19,2011,10,202,1.0968190431594849,1.0761891961097718,10,8,vettel,red_bull,5,5,6
814,2011,10,202,1.088907241821289,1.0675960779190063,6,14,perez,sauber,6,5,6
16,2011,10,202,1.0267820358276367,1.0060824811458589,10,8,webber,red_bull,7,7,7
813,2011,10,202,0.991757333278656,0.9597621295187209,9,9,resta,force_india,8,8,8
3,2011,10,202,0.8280045390129089,0.8042410943243239,9,5,alonso,ferrari,9,9,10
816,2011,10,202,0.8043115735054016,0.7786637842655182,2,162,ricciardo,hrt,10,9,11
152,2011,10,202,0.7785648107528687,0.751615010201931,8,4,alguersuari,toro_rosso,11,10,11
154,2011,10,202,0.6608864665031433,0.6467754393815994,8,14,kobayashi,sauber,12,12,12
4,2011,10,202,0.5991588234901428,0.5817060470581055,6,202,kovalainen,lotus_racing,13,13,13
808,2011,10,202,0.4641128182411194,0.4403534001774258,9,3,petrov,renault,14,14,14
66,2011,10,202,0.05670568346977234,0.03570826103289922,9,4,buemi,toro_rosso,15,15,15
9,2011,10,202,-1.0093295574188232,-1.025416612625122,7,164,glock,virgin,16,16,16
812,2011,10,202,-1.1366338729858398,-1.1180098056793213,7,2,maldonado,williams,17,17,18
811,2011,10,202,-1.120765209197998,-1.120765209197998,1,202,chandhok,lotus_racing,18,17,18
15,2011,10,202,-1.1814883947372437,-1.2044443686803181,9,9,sutil,force_india,19,19,19
815,2011,10,202,-1.258208155632019,-1.252047022183736,9,164,ambrosio,virgin,20,20,20
21,2011,11,203,1.171532154083252,1.171573668718338,8,2,barrichello,williams,1,1,2
12,2011,11,203,1.1888412237167358,1.17050039768219,9,5,massa,ferrari,2,1,2
0,2011,11,203,1.1520377397537231,1.1342653155326843,10,0,hamilton,mclaren,3,3,4
2,2011,11,203,1.1356812715530396,1.127171230316162,10,129,rosberg,mercedes,4,3,4
19,2011,11,203,1.0929059982299805,1.077708905393427,11,8,vettel,red_bull,5,5,6
814,2011,11,203,1.0853098630905151,1.0701266186577933,7,14,perez,sauber,6,5,6
16,2011,11,203,1.0228776931762695,1.007609318603169,11,8,webber,red_bull,7,7,8
17,2011,11,203,1.0241154432296753,1.0064074860678778,9,0,button,mclaren,8,7,8
813,2011,11,203,0.9889875054359436,0.9626846671104431,10,9,resta,force_india,9,9,9
3,2011,11,203,0.8242524862289429,0.8062422335147857,10,5,alonso,ferrari,10,10,11
816,2011,11,203,0.8011130690574646,0.786146879196167,3,162,ricciardo,hrt,11,10,12
152,2011,11,203,0.7749221920967102,0.7542046970791287,9,4,alguersuari,toro_rosso,12,11,12
154,2011,11,203,0.656782865524292,0.6478873756196764,9,14,kobayashi,sauber,13,13,13
808,2011,11,203,0.46029016375541687,0.4423470765352249,10,3,petrov,renault,14,14,14
66,2011,11,203,0.05271133780479431,0.03740856871008873,10,4,buemi,toro_rosso,15,15,15
9,2011,11,203,-1.0135180950164795,-1.0239292979240417,8,164,glock,virgin,16,16,16
812,2011,11,203,-1.141880750656128,-1.1209936738014221,8,2,maldonado,williams,17,17,17
15,2011,11,203,-1.1853597164154053,-1.202535903453827,10,9,sutil,force_india,18,18,18
815,2011,11,203,-1.2622606754302979,-1.2530683875083923,10,164,ambrosio,virgin,19,19,19
23,2011,11,203,-1.2792882919311523,-1.2747007949011666,7,162,liuzzi,hrt,20,20,20
29,2011,12,204,1.221480369567871,1.1822626723183527,9,129,michael_schumacher,mercedes,1,1,3
12,2011,12,204,1.2205144166946411,1.1755017995834351,10,5,massa,ferrari,2,1,3
21,2011,12,204,1.2029269933700562,1.1750573714574177,9,2,barrichello,williams,3,1,3
2,2011,12,204,1.1670925617218018,1.1308004422621294,11,129,rosberg,mercedes,4,4,4
19,2011,12,204,1.1244920492172241,1.081607500712077,12,8,vettel,red_bull,5,5,5
14,2011,12,204,1.082268476486206,1.0468181818723679,8,202,trulli,lotus_racing,6,6,6
16,2011,12,204,1.0544712543487549,1.011514479915301,12,8,webber,red_bull,7,7,8
17,2011,12,204,1.0557911396026611,1.0113458514213562,10,0,button,mclaren,8,7,8
813,2011,12,204,1.0215625762939453,0.9680372043089434,11,9,resta,force_india,9,8,9
3,2011,12,204,0.8559777140617371,0.8107636408372358,11,5,alonso,ferrari,10,10,10
154,2011,12,204,0.6882041096687317,0.6519190490245819,10,14,kobayashi,sauber,11,11,11
4,2011,12,204,0.6266494393348694,0.5881265316690717,7,202,kovalainen,lotus_racing,12,12,12
808,2011,12,204,0.49195438623428345,0.44685683196241205,11,3,petrov,renault,13,13,13
9,2011,12,204,-0.9821705222129822,-1.0192894339561462,9,164,glock,virgin,14,14,14
810,2011,12,204,-1.104403018951416,-1.104403018951416,1,3,bruno_senna,renault,15,15,16
812,2011,12,204,-1.1114485263824463,-1.1199331018659804,9,2,maldonado,williams,16,15,16
15,2011,12,204,-1.1537375450134277,-1.1980996890501543,11,9,sutil,force_india,17,17,17
815,2011,12,204,-1.2307950258255005,-1.2510435364463113,11,164,ambrosio,virgin,18,18,18
23,2011,12,204,-1.248508334159851,-1.2714267373085022,8,162,liuzzi,hrt,19,19,19
29,2011,13,205,1.1434006690979004,1.1783764719963075,10,129,michael_schumacher,mercedes,1,1,3
12,2011,13,205,1.142582654953003,1.1725091500715776,11,5,massa,ferrari,2,1,3
21,2011,13,205,1.124754548072815,1.1700270891189575,10,2,barrichello,williams,3,1,3
0,2011,13,205,1.1040884256362915,1.1315219619057395,11,0,hamilton,mclaren,4,4,4
19,2011,13,205,1.0464849472045898,1.0789057658268855,13,8,vettel,red_bull,5,5,5
14,2011,13,205,1.0041507482528687,1.0420773559146457,9,202,trulli,lotus_racing,6,6,6
17,2011,13,205,0.9778614044189453,1.0083018107847734,11,0,button,mclaren,7,7,7
813,2011,13,205,0.9444108009338379,0.9660683373610178,12,9,resta,force_india,8,8,8
3,2011,13,205,0.7780910730361938,0.8080409268538157,12,5,alonso,ferrari,9,9,9
152,2011,13,205,0.7270969152450562,0.7514939188957215,10,4,alguersuari,toro_rosso,10,10,10
4,2011,13,205,0.548748791217804,0.5832043141126633,8,202,kovalainen,lotus_racing,11,11,11
66,2011,13,205,0.004581868648529053,0.03442432324994694,11,4,buemi,toro_rosso,12,12,12
9,2011,13,205,-1.060383915901184,-1.0233988821506501,10,164,glock,virgin,13,13,13
812,2011,13,205,-1.1904537677764893,-1.1269851684570313,10,2,maldonado,williams,14,14,15
810,2011,13,205,-1.1831753253936768,-1.1437891721725464,2,3,bruno_senna,renault,15,14,15
12,2011,14,206,1.1872258186340332,1.173735539118449,12,5,massa,ferrari,1,1,2
21,2011,14,206,1.169189453125,1.1699509403922341,11,2,barrichello,williams,2,1,2
0,2011,14,206,1.1489825248718262,1.13297700881958,12,0,hamilton,mclaren,3,3,4
2,2011,14,206,1.1356791257858276,1.1312069992224376,12,129,rosberg,mercedes,4,3,4
19,2011,14,206,1.0910627841949463,1.079774124281747,14,8,vettel,red_bull,5,5,6
814,2011,14,206,1.0842686891555786,1.0718943774700165,8,14,perez,sauber,6,5,6
16,2011,14,206,1.0232155323028564,1.0124145608681898,13,8,webber,red_bull,7,7,8
17,2011,14,206,1.0225062370300293,1.009485512971878,12,0,button,mclaren,8,7,8
813,2011,14,206,0.989728569984436,0.967888355255127,13,9,resta,force_india,9,9,9
3,2011,14,206,0.8227730989456177,0.8091741708608774,13,5,alonso,ferrari,10,10,11
816,2011,14,206,0.8004169464111328,0.7897143959999084,4,162,ricciardo,hrt,11,10,11
152,2011,14,206,0.772098183631897,0.7533670338717374,11,4,alguersuari,toro_rosso,12,12,12
154,2011,14,206,0.65679931640625,0.6523627096956427,11,14,kobayashi,sauber,13,13,13
4,2011,14,206,0.5934187173843384,0.5843392478095161,9,202,kovalainen,lotus_racing,14,14,14
808,2011,14,206,0.4607597887516022,0.44801541169484455,12,3,petrov,renault,15,15,15
66,2011,14,206,0.04931996762752533,0.035665626948078476,12,4,buemi,toro_rosso,16,16,16
812,2011,14,206,-1.1467392444610596,-1.1287809935483066,11,2,maldonado,williams,17,17,18
810,2011,14,206,-1.1392593383789062,-1.1422792275746663,3,3,bruno_senna,renault,18,17,18
15,2011,14,206,-1.1849684715270996,-1.197005420923233,12,9,sutil,force_india,19,19,19
815,2011,14,206,-1.262161374092102,-1.2519700229167938,12,164,ambrosio,virgin,20,20,20
23,2011,14,206,-1.2804676294326782,-1.272431280877855,9,162,liuzzi,hrt,21,21,21
29,2011,15,207,1.1819396018981934,1.1787003928964788,11,129,michael_schumacher,mercedes,1,1,3
12,2011,15,207,1.181535005569458,1.1743354980762188,13,5,massa,ferrari,2,1,3
21,2011,15,207,1.1633186340332031,1.1693982481956482,12,2,barrichello,williams,3,1,3
0,2011,15,207,1.1435089111328125,1.1337871551513672,13,0,hamilton,mclaren,4,4,5
2,2011,15,207,1.1295084953308105,1.1310763450769277,13,129,rosberg,mercedes,5,4,5
19,2011,15,207,1.0853157043457031,1.0801435629526774,15,8,vettel,red_bull,6,6,7
814,2011,15,207,1.078686237335205,1.0726490285661485,9,14,perez,sauber,7,6,7
14,2011,15,207,1.0426570177078247,1.0421353220939635,10,202,trulli,lotus_racing,8,8,8
16,2011,15,207,1.0171815156936646,1.0127550576414381,14,8,webber,red_bull,9,9,10
17,2011,15,207,1.0168170928955078,1.0100494806583111,13,0,button,mclaren,10,9,10
813,2011,15,207,0.9846214652061462,0.9690835773944855,14,9,resta,force_india,11,11,11
3,2011,15,207,0.8171160221099854,0.8097414459500994,14,5,alonso,ferrari,12,12,13
816,2011,15,207,0.7951330542564392,0.7907981276512146,5,162,ricciardo,hrt,13,12,13
152,2011,15,207,0.7667173147201538,0.7544795572757721,12,4,alguersuari,toro_rosso,14,14,14
154,2011,15,207,0.6506361961364746,0.652218833565712,12,14,kobayashi,sauber,15,15,15
4,2011,15,207,0.5877512693405151,0.5846804499626159,10,202,kovalainen,lotus_racing,16,16,16
808,2011,15,207,0.45477861166000366,0.4485356578460106,13,3,petrov,renault,17,17,17
9,2011,15,207,-1.0219604969024658,-1.0232681198553606,11,164,glock,virgin,18,18,18
812,2011,15,207,-1.153233289718628,-1.1308186848958333,12,2,maldonado,williams,19,19,20
810,2011,15,207,-1.1455789804458618,-1.1431041657924652,4,3,bruno_senna,renault,20,19,20
15,2011,15,207,-1.190981149673462,-1.1965420154424815,13,9,sutil,force_india,21,21,21
815,2011,15,207,-1.2682912349700928,-1.2532255007670476,13,164,ambrosio,virgin,22,22,22
23,2011,15,207,-1.2871105670928955,-1.273899209499359,10,162,liuzzi,hrt,23,23,23
12,2011,16,208,1.176071047782898,1.1744594659124101,14,5,massa,ferrari,1,1,2
21,2011,16,208,1.1576987504959106,1.1684982868341298,13,2,barrichello,williams,2,1,2
0,2011,16,208,1.1382325887680054,1.1341046861239843,14,0,hamilton,mclaren,3,3,4
2,2011,16,208,1.1236294507980347,1.1305444240570068,14,129,rosberg,mercedes,4,3,4
19,2011,16,208,1.0798028707504272,1.0801222696900368,16,8,vettel,red_bull,5,5,6
814,2011,16,208,1.073315978050232,1.0727157235145568,10,14,perez,sauber,6,5,6
14,2011,16,208,1.0370924472808838,1.0416768789291382,11,202,trulli,lotus_racing,7,7,7
16,2011,16,208,1.011420488357544,1.0126660863558452,15,8,webber,red_bull,8,8,9
17,2011,16,208,1.0113544464111328,1.0101426924977983,14,0,button,mclaren,9,8,9
813,2011,16,208,0.9796623587608337,0.9697888294855753,15,9,resta,force_india,10,10,10
3,2011,16,208,0.8116812705993652,0.8098707675933838,15,5,alonso,ferrari,11,11,12
816,2011,16,208,0.7900208830833435,0.7906685868899027,6,162,ricciardo,hrt,12,11,12
152,2011,16,208,0.7615213394165039,0.7550212328250592,13,4,alguersuari,toro_rosso,13,13,13
154,2011,16,208,0.644763708114624,0.6516453623771667,13,14,kobayashi,sauber,14,14,14
4,2011,16,208,0.5823073387145996,0.5844647125764326,11,202,kovalainen,lotus_racing,15,15,15
66,2011,16,208,0.03826957941055298,0.035865930983653434,13,4,buemi,toro_rosso,16,16,16
9,2011,16,208,-1.0275967121124268,-1.0236288358767827,12,164,glock,virgin,17,17,17
810,2011,16,208,-1.1515871286392212,-1.1448007583618165,5,3,bruno_senna,renault,18,18,18
15,2011,16,208,-1.1967236995697021,-1.19655499288014,14,9,sutil,force_india,19,19,19
815,2011,16,208,-1.2741351127624512,-1.254719044481005,14,164,ambrosio,virgin,20,20,20
23,2011,16,208,-1.2933980226516724,-1.275671828876842,11,162,liuzzi,hrt,21,21,21
29,2011,17,209,1.1474907398223877,1.1760995884736378,12,129,michael_schumacher,mercedes,1,1,2
21,2011,17,209,1.128387451171875,1.1656332271439689,14,2,barrichello,williams,2,1,2
0,2011,17,209,1.1092184782028198,1.1324456055959067,15,0,hamilton,mclaren,3,3,4
2,2011,17,209,1.094093918800354,1.12811439037323,15,129,rosberg,mercedes,4,3,4
19,2011,17,209,1.0505841970443726,1.0783847360049976,17,8,vettel,red_bull,5,5,6
814,2011,17,209,1.0442204475402832,1.070125243880532,11,14,perez,sauber,6,5,6
14,2011,17,209,1.007828950881958,1.03885621825854,12,202,trulli,lotus_racing,7,7,7
16,2011,17,209,0.9819869995117188,1.0107486434280872,16,8,webber,red_bull,8,8,9
17,2011,17,209,0.9821790456771851,1.008278449376424,15,0,button,mclaren,9,8,9
813,2011,17,209,0.9509224891662598,0.9686096832156181,16,9,resta,force_india,10,10,10
3,2011,17,209,0.7825298309326172,0.8081619590520859,16,5,alonso,ferrari,11,11,11
816,2011,17,209,0.7611486911773682,0.7864514589309692,7,162,ricciardo,hrt,12,12,12
152,2011,17,209,0.7325766086578369,0.7534180453845433,14,4,alguersuari,toro_rosso,13,13,13
4,2011,17,209,0.5531481504440308,0.5818549990653992,12,202,kovalainen,lotus_racing,14,14,14
808,2011,17,209,0.4201507270336151,0.4465081627879824,14,3,petrov,renault,15,15,15
810,2011,17,209,-1.1812341213226318,-1.1508729855219524,6,3,bruno_senna,renault,16,16,16
15,2011,17,209,-1.226141095161438,-1.1985273996988932,15,9,sutil,force_india,17,17,17
38,2011,17,209,-1.2703607082366943,-1.2311066729681832,7,162,karthikeyan,hrt,18,18,18
815,2011,17,209,-1.3036402463912964,-1.257980457941691,15,164,ambrosio,virgin,19,19,19
29,2011,18,210,1.1713504791259766,1.1757342723699717,13,129,michael_schumacher,mercedes,1,1,3
12,2011,18,210,1.17238187789917,1.1743209600448608,15,5,massa,ferrari,2,1,3
21,2011,18,210,1.1522287130355835,1.1647395928700766,15,2,barrichello,williams,3,2,3
0,2011,18,210,1.133316993713379,1.1325000673532486,16,0,hamilton,mclaren,4,4,5
2,2011,18,210,1.1177412271499634,1.1274660676717758,16,129,rosberg,mercedes,5,4,5
814,2011,18,210,1.0682485103607178,1.0699688494205475,12,14,perez,sauber,6,6,6
14,2011,18,210,1.0317116975784302,1.0383066397446852,13,202,trulli,lotus_racing,7,7,7
16,2011,18,210,1.0057227611541748,1.0104530032943277,17,8,webber,red_bull,8,8,9
17,2011,18,210,1.0061380863189697,1.0081446766853333,16,0,button,mclaren,9,8,9
813,2011,18,210,0.9752581715583801,0.9690007707651924,17,9,resta,force_india,10,10,10
3,2011,18,210,0.8065096735954285,0.8080647657899296,17,5,alonso,ferrari,11,11,11
152,2011,18,210,0.7567351460456848,0.7536391854286194,15,4,alguersuari,toro_rosso,12,12,12
154,2011,18,210,0.6407210826873779,0.650865056685039,14,14,kobayashi,sauber,13,13,13
4,2011,18,210,0.5771210789680481,0.581490851365603,13,202,kovalainen,lotus_racing,14,14,14
808,2011,18,210,0.4438557028770447,0.44633133212725323,15,3,petrov,renault,15,15,15
9,2011,18,210,-1.0314347743988037,-1.024229292686169,13,164,glock,virgin,16,16,16
812,2011,18,210,-1.1628170013427734,-1.1332800938532903,13,2,maldonado,williams,17,17,18
810,2011,18,210,-1.157683253288269,-1.1518458809171404,7,3,bruno_senna,renault,18,17,18
15,2011,18,210,-1.2023916244506836,-1.1987689137458801,16,9,sutil,force_india,19,19,19
23,2011,18,210,-1.2977995872497559,-1.2775158087412517,12,162,liuzzi,hrt,20,20,20
29,2011,19,211,1.1216082572937012,1.1718681284359522,14,129,michael_schumacher,mercedes,1,1,3
12,2011,19,211,1.1225180625915527,1.171083278954029,16,5,massa,ferrari,2,1,3
21,2011,19,211,1.1024703979492188,1.1608477681875229,16,2,barrichello,williams,3,1,3
2,2011,19,211,1.0678153038024902,1.1239571992088766,17,129,rosberg,mercedes,4,4,4
19,2011,19,211,1.025024175643921,1.0754202604293823,18,8,vettel,red_bull,5,5,6
814,2011,19,211,1.0186516046524048,1.0660213690537672,13,14,perez,sauber,6,5,6
14,2011,19,211,0.9819892048835754,1.0342839658260345,14,202,trulli,lotus_racing,7,7,7
16,2011,19,211,0.9558730721473694,1.0074207848972745,18,8,webber,red_bull,8,8,9
17,2011,19,211,0.956481397151947,1.0051056602421928,17,0,button,mclaren,9,8,9
813,2011,19,211,0.925927460193634,0.9666078090667725,18,9,resta,force_india,10,10,10
3,2011,19,211,0.7568710446357727,0.8052206701702542,18,5,alonso,ferrari,11,11,11
816,2011,19,211,0.7358884811401367,0.7801310867071152,8,162,ricciardo,hrt,12,12,12
152,2011,19,211,0.7072510719299316,0.7507399283349514,16,4,alguersuari,toro_rosso,13,13,13
154,2011,19,211,0.590551495552063,0.6468441526095072,15,14,kobayashi,sauber,14,14,14
4,2011,19,211,0.5274767279624939,0.5776326996939523,14,202,kovalainen,lotus_racing,15,15,15
808,2011,19,211,0.39397943019866943,0.44305933825671673,16,3,petrov,renault,16,16,16
66,2011,19,211,-0.01483289897441864,0.03224458598664829,14,4,buemi,toro_rosso,17,17,17
810,2011,19,211,-1.2076928615570068,-1.1588267534971237,8,3,bruno_senna,renault,18,18,18
15,2011,19,211,-1.2522292137145996,-1.2019136372734518,17,9,sutil,force_india,19,19,19
815,2011,19,211,-1.3294479846954346,-1.2624471783638,16,164,ambrosio,virgin,20,20,20
7,2012,1,212,1.1669706106185913,1.1669706106185913,1,205,raikkonen,lotus_f1,1,1,1
0,2012,1,212,1.1179172992706299,1.1179172992706299,1,0,hamilton,mclaren,2,2,2
2,2012,1,212,1.0993402004241943,1.0993402004241943,1,129,rosberg,mercedes,3,3,3
19,2012,1,212,1.0567262172698975,1.0567262172698975,1,8,vettel,red_bull,4,4,4
814,2012,1,212,1.0504612922668457,1.0504612922668457,1,14,perez,sauber,5,5,5
817,2012,1,212,0.9985796809196472,0.9985796809196472,1,4,vergne,toro_rosso,6,6,6
17,2012,1,212,0.9882394075393677,0.9882394075393677,1,0,button,mclaren,7,7,7
16,2012,1,212,0.9874640703201294,0.9874640703201294,1,8,webber,red_bull,8,8,8
813,2012,1,212,0.9579674601554871,0.9579674601554871,1,9,resta,force_india,9,9,9
3,2012,1,212,0.7886447906494141,0.7886447906494141,1,5,alonso,ferrari,10,10,10
816,2012,1,212,0.7678498029708862,0.7678498029708862,1,4,ricciardo,toro_rosso,11,11,11
154,2012,1,212,0.6218657493591309,0.6218657493591309,1,14,kobayashi,sauber,12,12,12
9,2012,1,212,-1.0472912788391113,-1.0472912788391113,1,203,glock,marussia,13,13,13
818,2012,1,212,-1.1427335739135742,-1.1427335739135742,1,203,pic,marussia,14,14,14
810,2012,1,212,-1.1762402057647705,-1.1762402057647705,1,2,bruno_senna,williams,15,15,15
812,2012,1,212,-1.179181456565857,-1.179181456565857,1,2,maldonado,williams,16,16,16
7,2012,2,213,1.1863176822662354,1.1766441464424133,2,205,raikkonen,lotus_f1,1,1,3
12,2012,2,213,1.1744558811187744,1.1744558811187744,1,5,massa,ferrari,2,1,2
29,2012,2,213,1.1736514568328857,1.1736514568328857,1,129,michael_schumacher,mercedes,3,2,3
807,2012,2,213,1.1398353576660156,1.1398353576660156,1,9,hulkenberg,force_india,4,4,4
0,2012,2,213,1.1375386714935303,1.12772798538208,2,0,hamilton,mclaren,5,5,6
2,2012,2,213,1.1189767122268677,1.109158456325531,2,129,rosberg,mercedes,6,5,6
19,2012,2,213,1.076516032218933,1.0666211247444153,2,8,vettel,red_bull,7,7,9
814,2012,2,213,1.07034432888031,1.0604028105735779,2,14,perez,sauber,8,7,9
817,2012,2,213,1.0746934413909912,1.0366365611553192,2,4,vergne,toro_rosso,9,7,10
17,2012,2,213,1.0080777406692505,0.9981585741043091,2,0,button,mclaren,10,9,11
16,2012,2,213,1.007157802581787,0.9973109364509583,2,8,webber,red_bull,11,9,11
813,2012,2,213,0.9780495166778564,0.9680084884166718,2,9,resta,force_india,12,12,12
3,2012,2,213,0.8084964752197266,0.7985706329345703,2,5,alonso,ferrari,13,13,13
816,2012,2,213,0.7878638505935669,0.7778568267822266,2,4,ricciardo,toro_rosso,14,14,14
4,2012,2,213,0.5796045064926147,0.5796045064926147,1,204,kovalainen,caterham,15,15,15
808,2012,2,213,0.44590669870376587,0.44590669870376587,1,204,petrov,caterham,16,16,16
9,2012,2,213,-1.0280648469924927,-1.037678062915802,2,203,glock,marussia,17,17,17
36,2012,2,213,-1.0924031734466553,-1.0924031734466553,1,162,rosa,hrt,18,18,18
810,2012,2,213,-1.1566660404205322,-1.1664531230926514,2,2,bruno_senna,williams,19,19,21
812,2012,2,213,-1.1603941917419434,-1.1697878241539001,2,2,maldonado,williams,20,19,21
818,2012,2,213,-1.280751347541809,-1.2117424607276917,2,203,pic,marussia,21,19,22
38,2012,2,213,-1.2422163486480713,-1.2422163486480713,1,162,karthikeyan,hrt,22,21,22
7,2012,3,214,1.195942997932434,1.183077096939087,3,205,raikkonen,lotus_f1,1,1,2
12,2012,3,214,1.1842808723449707,1.1793683767318726,2,5,massa,ferrari,2,1,2
807,2012,3,214,1.1493279933929443,1.14458167552948,2,9,hulkenberg,force_india,3,3,4
0,2012,3,214,1.1474016904830933,1.1342858870824177,3,0,hamilton,mclaren,4,3,5
2,2012,3,214,1.1288527250289917,1.1157232125600178,3,129,rosberg,mercedes,5,4,5
19,2012,3,214,1.0865243673324585,1.0732555389404297,3,8,vettel,red_bull,6,6,8
814,2012,3,214,1.0804332494735718,1.0670796235402424,3,14,perez,sauber,7,6,8
817,2012,3,214,1.0860307216644287,1.0531012813250225,3,4,vergne,toro_rosso,8,6,9
17,2012,3,214,1.0181280374526978,1.0048150618871052,3,0,button,mclaren,9,9,10
16,2012,3,214,1.0170832872390747,1.003901720046997,3,8,webber,red_bull,10,9,10
813,2012,3,214,0.9883108735084534,0.9747759501139323,3,9,resta,force_india,11,11,11
3,2012,3,214,0.8185585141181946,0.8052332599957784,3,5,alonso,ferrari,12,12,12
816,2012,3,214,0.798066258430481,0.7845933039983114,3,4,ricciardo,toro_rosso,13,13,13
154,2012,3,214,0.6509050726890564,0.6363854110240936,2,14,kobayashi,sauber,14,14,14
4,2012,3,214,0.5895935893058777,0.5845990478992462,2,204,kovalainen,caterham,15,15,15
808,2012,3,214,0.4557223916053772,0.45081454515457153,2,204,petrov,caterham,16,16,16
153,2012,3,214,0.279291033744812,0.279291033744812,1,205,grosjean,lotus_f1,17,17,17
9,2012,3,214,-1.0185437202453613,-1.0312999486923218,3,203,glock,marussia,18,18,18
36,2012,3,214,-1.0854859352111816,-1.0889445543289185,2,162,rosa,hrt,19,19,19
810,2012,3,214,-1.1468440294265747,-1.1599167585372925,3,2,bruno_senna,williams,20,20,21
812,2012,3,214,-1.1512529850006104,-1.163609544436137,3,2,maldonado,williams,21,20,22
818,2012,3,214,-1.2726259231567383,-1.2320369482040405,3,203,pic,marussia,22,20,23
38,2012,3,214,-1.2332978248596191,-1.2377570867538452,2,162,karthikeyan,hrt,23,22,23
7,2012,4,215,1.1357964277267456,1.1712569296360016,4,205,raikkonen,lotus_f1,1,1,3
12,2012,4,215,1.1243070363998413,1.1610145966211955,3,5,massa,ferrari,2,1,4
29,2012,4,215,1.1229543685913086,1.1483029127120972,2,129,michael_schumacher,mercedes,3,1,5
807,2012,4,215,1.0890666246414185,1.1260766585667927,3,9,hulkenberg,force_india,4,3,6
0,2012,4,215,1.0874607563018799,1.1225796043872833,4,0,hamilton,mclaren,5,3,6
2,2012,4,215,1.068922996520996,1.1040231585502625,4,129,rosberg,mercedes,6,4,6
19,2012,4,215,1.0267091989517212,1.0616189539432526,4,8,vettel,red_bull,7,7,9
814,2012,4,215,1.0206878185272217,1.0554816722869873,4,14,perez,sauber,8,7,9
817,2012,4,215,1.02736496925354,1.0466672033071518,4,4,vergne,toro_rosso,9,7,9
17,2012,4,215,0.9583491683006287,0.9931985884904861,4,0,button,mclaren,10,10,11
16,2012,4,215,0.9571962356567383,0.9922253489494324,4,8,webber,red_bull,11,10,12
813,2012,4,215,0.9287143349647522,0.9632605463266373,4,9,resta,force_india,12,11,12
3,2012,4,215,0.7587896585464478,0.7936223596334457,4,5,alonso,ferrari,13,13,14
816,2012,4,215,0.7384189367294312,0.7730497121810913,4,4,ricciardo,toro_rosso,14,13,14
154,2012,4,215,0.5908569097518921,0.6212092439333597,3,14,kobayashi,sauber,15,15,15
4,2012,4,215,0.529761791229248,0.5663199623425802,3,204,kovalainen,caterham,16,16,16
808,2012,4,215,0.39574044942855835,0.43245651324590045,3,204,petrov,caterham,17,17,17
153,2012,4,215,0.21875622868537903,0.24902363121509552,2,205,grosjean,lotus_f1,18,18,18
9,2012,4,215,-1.0787804126739502,-1.0431700646877289,4,203,glock,marussia,19,19,19
36,2012,4,215,-1.147974967956543,-1.10862135887146,3,162,rosa,hrt,20,20,20
810,2012,4,215,-1.2068206071853638,-1.1716427206993103,4,2,bruno_senna,williams,21,21,21
38,2012,4,215,-1.294055700302124,-1.2565232912699382,3,162,karthikeyan,hrt,22,22,22
7,2012,5,216,1.122726321220398,1.161550807952881,5,205,raikkonen,lotus_f1,1,1,2
12,2012,5,216,1.1113861799240112,1.1486074924468994,4,5,massa,ferrari,2,1,3
807,2012,5,216,1.0758970975875854,1.113531768321991,4,9,hulkenberg,force_india,3,2,5
0,2012,5,216,1.074568271636963,1.1129773378372192,5,0,hamilton,mclaren,4,2,5
2,2012,5,216,1.0560402870178223,1.0944265842437744,5,129,rosberg,mercedes,5,3,5
19,2012,5,216,1.0139256715774536,1.0520802974700927,5,8,vettel,red_bull,6,6,7
817,2012,5,216,1.0155757665634155,1.0404489159584045,5,4,vergne,toro_rosso,7,6,7
17,2012,5,216,0.9455971717834473,0.9836783051490784,5,0,button,mclaren,8,8,9
16,2012,5,216,0.9443506002426147,0.9826503992080688,5,8,webber,red_bull,9,8,10
813,2012,5,216,0.9161200523376465,0.9538324475288391,5,9,resta,force_india,10,9,10
3,2012,5,216,0.746046245098114,0.7841071367263794,5,5,alonso,ferrari,11,11,12
816,2012,5,216,0.7257806062698364,0.7635958909988403,5,4,ricciardo,toro_rosso,12,11,12
154,2012,5,216,0.5778720378875732,0.6103749424219131,4,14,kobayashi,sauber,13,13,13
4,2012,5,216,0.5169638395309448,0.5539809316396713,4,204,kovalainen,caterham,14,14,14
808,2012,5,216,0.3828126788139343,0.42004555463790894,4,204,petrov,caterham,15,15,15
153,2012,5,216,0.20535027980804443,0.23446584741274515,3,205,grosjean,lotus_f1,16,16,16
9,2012,5,216,-1.091928482055664,-1.052921748161316,5,203,glock,marussia,17,17,17
36,2012,5,216,-1.1630713939666748,-1.1222338676452637,4,162,rosa,hrt,18,18,18
812,2012,5,216,-1.2225642204284668,-1.1783482134342194,4,2,maldonado,williams,19,19,19
7,2012,6,217,1.1094696521759033,1.1528706153233845,6,205,raikkonen,lotus_f1,1,1,2
12,2012,6,217,1.0982584953308105,1.1385376930236817,5,5,massa,ferrari,2,1,3
0,2012,6,217,1.0614653825759888,1.1043920119603474,6,0,hamilton,mclaren,3,2,5
807,2012,6,217,1.0625544786453247,1.1033363103866578,5,9,hulkenberg,force_india,4,2,5
2,2012,6,217,1.0429458618164062,1.0858464638392131,6,129,rosberg,mercedes,5,3,6
814,2012,6,217,0.9972020387649536,1.0438257455825806,5,14,perez,sauber,6,5,8
19,2012,6,217,1.0009169578552246,1.043553074200948,6,8,vettel,red_bull,7,6,8
817,2012,6,217,1.0034271478652954,1.0342786212762196,6,4,vergne,toro_rosso,8,6,8
17,2012,6,217,0.9326153993606567,0.9751678208510081,6,0,button,mclaren,9,9,11
16,2012,6,217,0.9312881827354431,0.9740900297959646,6,8,webber,red_bull,10,9,11
813,2012,6,217,0.9032748937606812,0.9454061885674795,6,9,resta,force_india,11,10,11
3,2012,6,217,0.7330722212791443,0.7756013174851736,6,5,alonso,ferrari,12,12,12
4,2012,6,217,0.5039425492286682,0.5439732551574707,5,204,kovalainen,caterham,13,13,13
9,2012,6,217,-1.1052525043487549,-1.0616435408592224,6,203,glock,marussia,14,14,14
810,2012,6,217,-1.2305063009262085,-1.1834154367446899,5,2,bruno_senna,williams,15,15,15
38,2012,6,217,-1.3184173107147217,-1.271996796131134,4,162,karthikeyan,hrt,16,16,16
7,2012,7,218,1.1417293548583984,1.1512790066855294,7,205,raikkonen,lotus_f1,1,1,2
12,2012,7,218,1.1306300163269043,1.137219746907552,6,5,massa,ferrari,2,1,2
0,2012,7,218,1.093858003616333,1.1028871536254883,7,0,hamilton,mclaren,3,3,5
807,2012,7,218,1.0947399139404297,1.1019035776456196,6,9,hulkenberg,force_india,4,2,5
2,2012,7,218,1.0753458738327026,1.0843463795525687,7,129,rosberg,mercedes,5,3,5
19,2012,7,218,1.033390998840332,1.0421013491494315,7,8,vettel,red_bull,6,6,8
814,2012,7,218,1.029425024986267,1.041425625483195,6,14,perez,sauber,7,6,8
817,2012,7,218,1.0366452932357788,1.0346167172704424,7,4,vergne,toro_rosso,8,6,8
17,2012,7,218,0.9651129841804504,0.973731415612357,7,0,button,mclaren,9,9,10
16,2012,7,218,0.9637158513069153,0.9726080042975289,7,8,webber,red_bull,10,9,11
813,2012,7,218,0.9358906149864197,0.9440468209130424,7,9,resta,force_india,11,10,11
3,2012,7,218,0.7655763030052185,0.7741691725594657,7,5,alonso,ferrari,12,12,13
816,2012,7,218,0.7477986216545105,0.7609630127747854,6,4,ricciardo,toro_rosso,13,12,13
154,2012,7,218,0.5995901226997375,0.608217978477478,5,14,kobayashi,sauber,14,14,14
4,2012,7,218,0.5364058613777161,0.542712022860845,6,204,kovalainen,caterham,15,15,15
808,2012,7,218,0.40458041429519653,0.41695252656936643,5,204,petrov,caterham,16,16,16
153,2012,7,218,0.22670434415340424,0.23252547159790993,4,205,grosjean,lotus_f1,17,17,17
9,2012,7,218,-1.0730513334274292,-1.0632732255118233,7,203,glock,marussia,18,18,18
812,2012,7,218,-1.2015957832336426,-1.182997727394104,5,2,maldonado,williams,19,19,20
810,2012,7,218,-1.198456048965454,-1.1859222054481506,6,2,bruno_senna,williams,20,19,20
818,2012,7,218,-1.3206772804260254,-1.2541970312595367,4,203,pic,marussia,21,19,21
29,2012,8,219,1.1726104021072388,1.1564054091771443,3,129,michael_schumacher,mercedes,1,1,3
7,2012,8,219,1.1792882680892944,1.154780164361,8,205,raikkonen,lotus_f1,2,1,3
12,2012,8,219,1.1682854890823364,1.1416577100753784,7,5,massa,ferrari,3,1,4
0,2012,8,219,1.1315319538116455,1.106467753648758,8,0,hamilton,mclaren,4,4,6
807,2012,8,219,1.1322344541549683,1.106236560004098,7,9,hulkenberg,force_india,5,3,6
2,2012,8,219,1.1130261421203613,1.0879313498735428,8,129,rosberg,mercedes,6,4,6
814,2012,8,219,1.0669523477554321,1.0450723000935145,7,14,perez,sauber,7,7,7
17,2012,8,219,1.0028777122497559,0.9773747026920319,8,0,button,mclaren,8,8,9
16,2012,8,219,1.0014199018478394,0.9762094914913177,8,8,webber,red_bull,9,8,9
813,2012,8,219,0.9737573862075806,0.9477606415748596,8,9,resta,force_india,10,9,10
3,2012,8,219,0.8033466339111328,0.7778163552284241,8,5,alonso,ferrari,11,11,12
816,2012,8,219,0.785323977470398,0.7644431505884443,7,4,ricciardo,toro_rosso,12,11,12
4,2012,8,219,0.5741409063339233,0.5472018633569989,7,204,kovalainen,caterham,13,13,13
808,2012,8,219,0.4418891966342926,0.42110863824685413,6,204,petrov,caterham,14,14,14
36,2012,8,219,-1.1049063205718994,-1.1187683582305907,5,162,rosa,hrt,15,15,15
812,2012,8,219,-1.164978265762329,-1.1799944837888081,6,2,maldonado,williams,16,16,17
810,2012,8,219,-1.1610784530639648,-1.1823730979646956,7,2,bruno_senna,williams,17,16,17
818,2012,8,219,-1.285247802734375,-1.2604071855545045,5,203,pic,marussia,18,18,19
38,2012,8,219,-1.248678207397461,-1.2673330783843995,5,162,karthikeyan,hrt,19,18,19
29,2012,9,220,1.1931509971618652,1.1655918061733246,4,129,michael_schumacher,mercedes,1,1,3
7,2012,9,220,1.2003467082977295,1.1598431136873033,9,205,raikkonen,lotus_f1,2,1,3
12,2012,9,220,1.1894276142120361,1.1476289480924606,8,5,massa,ferrari,3,1,4
807,2012,9,220,1.1532374620437622,1.112111672759056,8,9,hulkenberg,force_india,4,4,6
0,2012,9,220,1.152690052986145,1.1116035646862454,9,0,hamilton,mclaren,5,4,6
2,2012,9,220,1.1341896057128906,1.0930711560779147,9,129,rosberg,mercedes,6,4,6
19,2012,9,220,1.0910896062850952,1.0482248812913895,8,8,vettel,red_bull,7,7,8
817,2012,9,220,1.094987392425537,1.0421630516648293,8,4,vergne,toro_rosso,8,7,8
17,2012,9,220,1.0241142511367798,0.9825679858525594,9,0,button,mclaren,9,9,10
16,2012,9,220,1.0226041078567505,0.9813644488652548,9,8,webber,red_bull,10,9,10
3,2012,9,220,0.8245881795883179,0.7830132246017456,9,5,alonso,ferrari,11,11,12
816,2012,9,220,0.8063534498214722,0.7696819379925728,8,4,ricciardo,toro_rosso,12,11,12
154,2012,9,220,0.6568104028701782,0.6163167158762614,6,14,kobayashi,sauber,13,13,13
4,2012,9,220,0.5953518152236938,0.5532206073403358,8,204,kovalainen,caterham,14,14,14
153,2012,9,220,0.2836095690727234,0.24274229109287263,5,205,grosjean,lotus_f1,15,15,15
9,2012,9,220,-1.0155887603759766,-1.0573126673698425,8,203,glock,marussia,16,16,16
36,2012,9,220,-1.0858168601989746,-1.113276441891988,6,162,rosa,hrt,17,17,17
812,2012,9,220,-1.1447340250015259,-1.174957275390625,7,2,maldonado,williams,18,18,19
810,2012,9,220,-1.1401766538619995,-1.1770985424518585,8,2,bruno_senna,williams,19,18,19
38,2012,9,220,-1.228403091430664,-1.2608447472254436,6,162,karthikeyan,hrt,20,20,21
818,2012,9,220,-1.266031265258789,-1.2613445321718852,6,203,pic,marussia,21,20,21
29,2012,10,221,1.1842939853668213,1.169332242012024,5,129,michael_schumacher,mercedes,1,1,3
7,2012,10,221,1.191937804222107,1.1630525827407836,10,205,raikkonen,lotus_f1,2,1,3
12,2012,10,221,1.1810909509658813,1.1513469484117296,9,5,massa,ferrari,3,1,3
807,2012,10,221,1.1447802782058716,1.1157415178087022,9,9,hulkenberg,force_india,4,4,5
2,2012,10,221,1.1258714199066162,1.096351182460785,10,129,rosberg,mercedes,5,4,5
19,2012,10,221,1.082990288734436,1.052087704340617,9,8,vettel,red_bull,6,6,8
814,2012,10,221,1.077721357345581,1.0491534322500229,8,14,perez,sauber,7,6,8
817,2012,10,221,1.0874446630477905,1.0471943418184917,9,4,vergne,toro_rosso,8,6,8
17,2012,10,221,1.0158593654632568,0.9858971238136292,10,0,button,mclaren,9,9,10
16,2012,10,221,1.0143039226531982,0.984658396244049,10,8,webber,red_bull,10,9,10
813,2012,10,221,0.9848201274871826,0.9518783622317843,9,9,resta,force_india,11,11,11
3,2012,10,221,0.8163373470306396,0.786345636844635,10,5,alonso,ferrari,12,12,13
816,2012,10,221,0.7979194521903992,0.772819439570109,9,4,ricciardo,toro_rosso,13,12,13
154,2012,10,221,0.648297131061554,0.6208853466170174,7,14,kobayashi,sauber,14,14,14
4,2012,10,221,0.5870747566223145,0.556982179482778,9,204,kovalainen,caterham,15,15,15
808,2012,10,221,0.4524693489074707,0.4255887397697994,7,204,petrov,caterham,16,16,16
153,2012,10,221,0.2748239040374756,0.24808922658363977,6,205,grosjean,lotus_f1,17,17,17
9,2012,10,221,-1.0238921642303467,-1.0535992781321208,9,203,glock,marussia,18,18,18
36,2012,10,221,-1.0959291458129883,-1.1107982567378454,7,162,rosa,hrt,19,19,19
812,2012,10,221,-1.1538472175598145,-1.1723185181617737,8,2,maldonado,williams,20,20,21
810,2012,10,221,-1.1487209796905518,-1.1739454799228244,9,2,bruno_senna,williams,21,20,21
38,2012,10,221,-1.2374897003173828,-1.2575083119528634,7,162,karthikeyan,hrt,22,22,23
818,2012,10,221,-1.2760335206985474,-1.2634429591042655,7,203,pic,marussia,23,22,23
7,2012,11,222,1.1688423156738281,1.1635789220983332,11,205,raikkonen,lotus_f1,1,1,2
12,2012,11,222,1.1580580472946167,1.1520180583000184,10,5,massa,ferrari,2,1,2
807,2012,11,222,1.121643304824829,1.116331696510315,10,9,hulkenberg,force_india,3,3,5
0,2012,11,222,1.1201304197311401,1.112456250190735,10,0,hamilton,mclaren,4,3,5
2,2012,11,222,1.1028543710708618,1.0969423814253374,11,129,rosberg,mercedes,5,4,5
19,2012,11,222,1.0601624250411987,1.052895176410675,10,8,vettel,red_bull,6,6,8
814,2012,11,222,1.0548523664474487,1.049786647160848,9,14,perez,sauber,7,6,8
817,2012,11,222,1.0650984048843384,1.0489847481250762,10,4,vergne,toro_rosso,8,6,8
17,2012,11,222,0.9928969740867615,0.9865334738384594,11,0,button,mclaren,9,9,10
16,2012,11,222,0.991302490234375,0.9852624047886241,11,8,webber,red_bull,10,9,10
813,2012,11,222,0.9622052311897278,0.9529110491275787,10,9,resta,force_india,11,11,11
3,2012,11,222,0.7933787107467651,0.7869850071993741,11,5,alonso,ferrari,12,12,13
816,2012,11,222,0.7748021483421326,0.7730177104473114,10,4,ricciardo,toro_rosso,13,12,13
154,2012,11,222,0.6251114010810852,0.6214136034250259,8,14,kobayashi,sauber,14,14,14
4,2012,11,222,0.5640931725502014,0.5576932787895202,10,204,kovalainen,caterham,15,15,15
808,2012,11,222,0.4294368624687195,0.4260697551071644,8,204,petrov,caterham,16,16,16
153,2012,11,222,0.25140246748924255,0.24856254671301162,7,205,grosjean,lotus_f1,17,17,17
9,2012,11,222,-1.0468966960906982,-1.0529290199279786,10,203,glock,marussia,18,18,18
36,2012,11,222,-1.1204980611801147,-1.112010732293129,8,162,rosa,hrt,19,19,19
812,2012,11,222,-1.1775519847869873,-1.172900014453464,9,2,maldonado,williams,20,20,21
810,2012,11,222,-1.171933889389038,-1.1737443208694458,10,2,bruno_senna,williams,21,20,21
818,2012,11,222,-1.3005071878433228,-1.2680759876966476,8,203,pic,marussia,22,22,22
29,2012,12,223,1.1454682350158691,1.1653549075126648,6,129,michael_schumacher,mercedes,1,1,3
7,2012,12,223,1.1533960103988647,1.1627303461233776,12,205,raikkonen,lotus_f1,2,1,3
12,2012,12,223,1.1426658630371094,1.1511678587306629,11,5,massa,ferrari,3,1,3
807,2012,12,223,1.1061608791351318,1.1154070767489346,11,9,hulkenberg,force_india,4,4,5
2,2012,12,223,1.0874760150909424,1.0961535175641377,12,129,rosberg,mercedes,5,4,5
19,2012,12,223,1.0449477434158325,1.052172682502053,11,8,vettel,red_bull,6,6,7
817,2012,12,223,1.0503002405166626,1.0491043383424932,11,4,vergne,toro_rosso,7,6,7
17,2012,12,223,0.9775658845901489,0.9857861747344335,12,0,button,mclaren,8,8,9
16,2012,12,223,0.97593754529953,0.984485333164533,12,8,webber,red_bull,9,8,9
813,2012,12,223,0.9471746683120728,0.9523895599625327,11,9,resta,force_india,10,10,10
816,2012,12,223,0.7593370676040649,0.7717740156433799,11,4,ricciardo,toro_rosso,11,11,11
154,2012,12,223,0.6095871329307556,0.6200995511478848,9,14,kobayashi,sauber,12,12,12
4,2012,12,223,0.5487455129623413,0.556879845532504,11,204,kovalainen,caterham,13,13,13
808,2012,12,223,0.4140450954437256,0.4247336818112267,9,204,petrov,caterham,14,14,14
9,2012,12,223,-1.0622638463974,-1.0537776405161077,11,203,glock,marussia,15,15,15
36,2012,12,223,-1.137218952178955,-1.1148116456137762,9,162,rosa,hrt,16,16,16
810,2012,12,223,-1.1874816417694092,-1.174993168223988,11,2,bruno_senna,williams,17,17,17
818,2012,12,223,-1.317145586013794,-1.2735281652874417,9,203,pic,marussia,18,18,18
29,2012,13,224,1.2160313129425049,1.172594394002642,7,129,michael_schumacher,mercedes,1,1,3
7,2012,13,224,1.2243082523345947,1.167467108139625,13,205,raikkonen,lotus_f1,2,1,3
12,2012,13,224,1.2136249542236328,1.1563726166884105,12,5,massa,ferrari,3,1,3
807,2012,13,224,1.177042007446289,1.1205433209737141,12,9,hulkenberg,force_india,4,4,6
0,2012,13,224,1.176604986190796,1.1182879534634678,11,0,hamilton,mclaren,5,4,6
2,2012,13,224,1.1584471464157104,1.1009453351681049,13,129,rosberg,mercedes,6,4,6
19,2012,13,224,1.1160603761672974,1.0574966569741566,12,8,vettel,red_bull,7,7,8
814,2012,13,224,1.1112942695617676,1.05593740940094,10,14,perez,sauber,8,7,8
16,2012,13,224,1.0469201803207397,0.9892880137150104,13,8,webber,red_bull,9,9,9
813,2012,13,224,1.0184465646743774,0.9578943103551865,12,9,resta,force_india,10,10,10
3,2012,13,224,0.849743127822876,0.7922148505846659,12,5,alonso,ferrari,11,11,12
816,2012,13,224,0.830233097076416,0.7766456057627996,12,4,ricciardo,toro_rosso,12,11,12
154,2012,13,224,0.6804318428039551,0.6261327803134918,10,14,kobayashi,sauber,13,13,13
4,2012,13,224,0.6197430491447449,0.5621184458335241,12,204,kovalainen,caterham,14,14,14
808,2012,13,224,0.4850045442581177,0.43076076805591584,10,204,petrov,caterham,15,15,15
9,2012,13,224,-0.9912834167480469,-1.048569788535436,12,203,glock,marussia,16,16,16
36,2012,13,224,-1.0674090385437012,-1.1100713849067687,10,162,rosa,hrt,17,17,17
812,2012,13,224,-1.1218332052230835,-1.167793333530426,10,2,maldonado,williams,18,18,19
810,2012,13,224,-1.1166571378707886,-1.1701318323612213,12,2,bruno_senna,williams,19,18,19
815,2012,13,224,-1.2351582050323486,-1.2351582050323486,1,205,ambrosio,lotus_f1,20,20,21
38,2012,13,224,-1.2048218250274658,-1.2509225010871887,8,162,karthikeyan,hrt,21,20,22
818,2012,13,224,-1.2472646236419678,-1.2709018111228942,10,203,pic,marussia,22,21,22
7,2012,14,225,1.1652169227600098,1.1673063806125097,14,205,raikkonen,lotus_f1,1,1,2
12,2012,14,225,1.1545740365982056,1.1562342643737793,13,5,massa,ferrari,2,1,2
807,2012,14,225,1.1179237365722656,1.120341814481295,13,9,hulkenberg,force_india,3,3,4
2,2012,14,225,1.0994064807891846,1.100835416998182,14,129,rosberg,mercedes,4,3,4
19,2012,14,225,1.0571422576904297,1.057469395490793,13,8,vettel,red_bull,5,5,6
814,2012,14,225,1.052267074584961,1.0556037425994873,11,14,perez,sauber,6,5,6
16,2012,14,225,0.9878895282745361,0.9891881218978337,14,8,webber,red_bull,7,7,8
17,2012,14,225,0.986935019493103,0.9858745474081773,13,0,button,mclaren,8,7,8
813,2012,14,225,0.9596662521362305,0.9580306135691129,13,9,resta,force_india,9,9,9
3,2012,14,225,0.7906487584114075,0.7920943819559537,13,5,alonso,ferrari,10,10,11
816,2012,14,225,0.7711276412010193,0.7762211469503549,13,4,ricciardo,toro_rosso,11,10,11
154,2012,14,225,0.6212821006774902,0.6256918094374917,11,14,kobayashi,sauber,12,12,12
4,2012,14,225,0.5607254505157471,0.5620112923475412,13,204,kovalainen,caterham,13,13,13
808,2012,14,225,0.4259539842605591,0.4303237877108834,11,204,petrov,caterham,14,14,14
153,2012,14,225,0.24572362005710602,0.2482076808810234,8,205,grosjean,lotus_f1,15,15,15
9,2012,14,225,-1.0503158569335938,-1.0487041014891405,13,203,glock,marussia,16,16,16
36,2012,14,225,-1.1274540424346924,-1.1116516265002163,11,162,rosa,hrt,17,17,17
810,2012,14,225,-1.1758244037628174,-1.1705697224690363,13,2,bruno_senna,williams,18,18,18
818,2012,14,225,-1.3072478771209717,-1.2742059989409014,11,203,pic,marussia,19,19,19
29,2012,15,226,1.1477007865905762,1.1694826930761337,8,129,michael_schumacher,mercedes,1,1,3
7,2012,15,226,1.1557128429412842,1.1665334781010945,15,205,raikkonen,lotus_f1,2,1,3
12,2012,15,226,1.1451048851013184,1.1554393087114607,14,5,massa,ferrari,3,1,3
807,2012,15,226,1.1083964109420776,1.119488571371351,14,9,hulkenberg,force_india,4,4,5
0,2012,15,226,1.1086686849594116,1.1174863477547963,12,0,hamilton,mclaren,5,4,5
19,2012,15,226,1.047788143157959,1.0567778774670191,14,8,vettel,red_bull,6,6,7
817,2012,15,226,1.051193118095398,1.049278403321902,12,4,vergne,toro_rosso,7,6,7
16,2012,15,226,0.9784382581710815,0.9884714643160503,15,8,webber,red_bull,8,8,9
17,2012,15,226,0.9778616428375244,0.9853021970817021,14,0,button,mclaren,9,8,9
813,2012,15,226,0.950431227684021,0.9574878002916064,14,9,resta,force_india,10,10,10
816,2012,15,226,0.7616114020347595,0.7751775937420982,14,4,ricciardo,toro_rosso,11,11,11
154,2012,15,226,0.6117275357246399,0.6245281199614207,12,14,kobayashi,sauber,12,12,12
4,2012,15,226,0.5512852668762207,0.5612451476710183,14,204,kovalainen,caterham,13,13,13
808,2012,15,226,0.4164852499961853,0.42917057623465854,12,204,petrov,caterham,14,14,14
153,2012,15,226,0.23621486127376556,0.24687514536910588,9,205,grosjean,lotus_f1,15,15,15
9,2012,15,226,-1.059768795967102,-1.049494436808995,14,203,glock,marussia,16,16,16
36,2012,15,226,-1.1377829313278198,-1.11382923523585,12,162,rosa,hrt,17,17,17
812,2012,15,226,-1.1904228925704956,-1.1698505661704324,11,2,maldonado,williams,18,18,19
810,2012,15,226,-1.185394048690796,-1.1716286029134477,14,2,bruno_senna,williams,19,18,19
29,2012,16,227,1.1746267080307007,1.1700542502933078,9,129,michael_schumacher,mercedes,1,1,3
7,2012,16,227,1.1829766035079956,1.1675611734390259,16,205,raikkonen,lotus_f1,2,1,3
12,2012,16,227,1.1723990440368652,1.1565699577331543,15,5,massa,ferrari,3,1,3
807,2012,16,227,1.1356401443481445,1.1205653429031373,15,9,hulkenberg,force_india,4,4,5
0,2012,16,227,1.1359360218048096,1.118905553450951,13,0,hamilton,mclaren,5,4,5
19,2012,16,227,1.0751816034317017,1.0580047925313314,15,8,vettel,red_bull,6,6,8
814,2012,16,227,1.0709749460220337,1.0568846762180328,12,14,perez,sauber,7,6,8
817,2012,16,227,1.079209804534912,1.051580818799826,13,4,vergne,toro_rosso,8,6,8
16,2012,16,227,1.0057475566864014,0.9895512200891972,16,8,webber,red_bull,9,9,9
813,2012,16,227,0.9779278039932251,0.9588504672050476,15,9,resta,force_india,10,10,10
3,2012,16,227,0.8092986345291138,0.7933232571397509,14,5,alonso,ferrari,11,11,12
816,2012,16,227,0.7888648509979248,0.7760900775591533,15,4,ricciardo,toro_rosso,12,11,12
4,2012,16,227,0.5786043405532837,0.5624024271965027,15,204,kovalainen,caterham,13,13,13
808,2012,16,227,0.44377967715263367,0.43029435322834897,13,204,petrov,caterham,14,14,14
153,2012,16,227,0.263474702835083,0.2485351011157036,10,205,grosjean,lotus_f1,15,15,15
9,2012,16,227,-1.0324608087539673,-1.0483588616053263,15,203,glock,marussia,16,16,16
812,2012,16,227,-1.163720965385437,-1.169339766105016,12,2,maldonado,williams,17,17,18
810,2012,16,227,-1.1581870317459106,-1.1707324981689453,15,2,bruno_senna,williams,18,17,18
38,2012,16,227,-1.2453203201293945,-1.2503000365363226,9,162,karthikeyan,hrt,19,19,20
818,2012,16,227,-1.2893671989440918,-1.2754694322745006,12,203,pic,marussia,20,19,20
29,2012,17,228,1.1612074375152588,1.1691695690155028,10,129,michael_schumacher,mercedes,1,1,3
7,2012,17,228,1.1698496341705322,1.1676957887761734,17,205,raikkonen,lotus_f1,2,1,3
12,2012,17,228,1.1592981815338135,1.1567404717206955,16,5,massa,ferrari,3,1,3
807,2012,17,228,1.1224956512451172,1.120685987174511,16,9,hulkenberg,force_india,4,4,6
0,2012,17,228,1.1228117942810059,1.119184570653098,14,0,hamilton,mclaren,5,4,6
2,2012,17,228,1.1044807434082031,1.1010784387588501,15,129,rosberg,mercedes,6,5,6
19,2012,17,228,1.062166690826416,1.0582649111747742,16,8,vettel,red_bull,7,7,8
817,2012,17,228,1.066733956336975,1.052663185766765,14,4,vergne,toro_rosso,8,7,8
16,2012,17,228,0.9926599264144897,0.9897340851671556,17,8,webber,red_bull,9,9,10
17,2012,17,228,0.9918760061264038,0.9857404510180156,15,0,button,mclaren,10,9,10
813,2012,17,228,0.9650020599365234,0.9592349417507648,16,9,resta,force_india,11,11,11
3,2012,17,228,0.7960487604141235,0.7935049573580424,15,5,alonso,ferrari,12,12,13
816,2012,17,228,0.7757285833358765,0.7760674841701984,16,4,ricciardo,toro_rosso,13,12,13
154,2012,17,228,0.6253256797790527,0.6245894707166232,13,14,kobayashi,sauber,14,14,14
4,2012,17,228,0.5655249357223511,0.5625975839793682,16,204,kovalainen,caterham,15,15,15
808,2012,17,228,0.4306789040565491,0.43032182114464895,14,204,petrov,caterham,16,16,16
153,2012,17,228,0.25034406781196594,0.24869955263354562,11,205,grosjean,lotus_f1,17,17,17
9,2012,17,228,-1.0455496311187744,-1.0481832846999168,16,203,glock,marussia,18,18,18
812,2012,17,228,-1.1773340702056885,-1.1699547125742986,13,2,maldonado,williams,19,19,20
810,2012,17,228,-1.1713632345199585,-1.1707719191908836,16,2,bruno_senna,williams,20,19,20
38,2012,17,228,-1.259186029434204,-1.2511886358261108,10,162,karthikeyan,hrt,21,21,22
818,2012,17,228,-1.3032821416854858,-1.277608871459961,13,203,pic,marussia,22,21,22
29,2012,18,229,1.1600251197814941,1.168338255448775,11,129,michael_schumacher,mercedes,1,1,3
7,2012,18,229,1.1689200401306152,1.167763802740309,18,205,raikkonen,lotus_f1,2,1,3
12,2012,18,229,1.1583912372589111,1.1568375755758846,17,5,massa,ferrari,3,2,3
19,2012,18,229,1.0613340139389038,1.0584454466314877,17,8,vettel,red_bull,4,4,6
814,2012,18,229,1.057030439376831,1.0568958887687097,13,14,perez,sauber,5,4,6
817,2012,18,229,1.0663676261901855,1.0535768151283265,15,4,vergne,toro_rosso,6,4,6
17,2012,18,229,0.991335391998291,0.9860901348292828,16,0,button,mclaren,7,7,7
813,2012,18,229,0.9642465114593506,0.959529739968917,17,9,resta,force_india,8,8,8
3,2012,18,229,0.7950131893157959,0.793599221855402,16,5,alonso,ferrari,9,9,10
816,2012,18,229,0.7747911214828491,0.7759924040121191,17,4,ricciardo,toro_rosso,10,9,10
154,2012,18,229,0.6244250535964966,0.6245777266366142,14,14,kobayashi,sauber,11,11,11
4,2012,18,229,0.5646367073059082,0.5627175324103412,17,204,kovalainen,caterham,12,12,12
808,2012,18,229,0.42977219820022583,0.4302851796150208,15,204,petrov,caterham,13,13,13
9,2012,18,229,-1.0464463233947754,-1.0480811105054968,17,203,glock,marussia,14,14,14
36,2012,18,229,-1.1255993843078613,-1.1147346313183124,13,162,rosa,hrt,15,15,15
812,2012,18,229,-1.1786842346191406,-1.1705782498632158,14,2,maldonado,williams,16,16,17
810,2012,18,229,-1.1723353862762451,-1.1708638878429638,17,2,bruno_senna,williams,17,16,17
29,2012,19,230,1.1927111148834229,1.1703693270683289,12,129,michael_schumacher,mercedes,1,1,3
7,2012,19,230,1.20182466506958,1.1695564797050075,19,205,raikkonen,lotus_f1,2,1,3
12,2012,19,230,1.1913155317306519,1.158753017584483,18,5,massa,ferrari,3,1,3
807,2012,19,230,1.154649019241333,1.1226838125902063,17,9,hulkenberg,force_india,4,4,5
0,2012,19,230,1.1549828052520752,1.1215711196263631,15,0,hamilton,mclaren,5,4,6
2,2012,19,230,1.1366336345672607,1.1033006384968758,16,129,rosberg,mercedes,6,5,6
19,2012,19,230,1.094322681427002,1.0604386263423495,18,8,vettel,red_bull,7,7,8
814,2012,19,230,1.0898475646972656,1.0592495799064636,14,14,perez,sauber,8,7,8
17,2012,19,230,1.0245766639709473,0.9883540483082042,17,0,button,mclaren,9,9,9
813,2012,19,230,0.9973018765449524,0.9616281920009189,18,9,resta,force_india,10,10,10
3,2012,19,230,0.8278261423110962,0.7956125701175016,17,5,alonso,ferrari,11,11,11
816,2012,19,230,0.8076890110969543,0.7777533266279433,18,4,ricciardo,toro_rosso,12,12,12
154,2012,19,230,0.6573548316955566,0.626762866973877,15,14,kobayashi,sauber,13,13,13
4,2012,19,230,0.5975770950317383,0.5646541747781966,18,204,kovalainen,caterham,14,14,14
808,2012,19,230,0.4626966118812561,0.43231089413166046,16,204,petrov,caterham,15,15,15
153,2012,19,230,0.2825095057487488,0.25151704872647923,12,205,grosjean,lotus_f1,16,16,16
9,2012,19,230,-1.0135130882263184,-1.0461606648233202,18,203,glock,marussia,17,17,17
36,2012,19,230,-1.0932700634002686,-1.113201447895595,14,162,rosa,hrt,18,18,18
812,2012,19,230,-1.1461431980133057,-1.1689492464065552,15,2,maldonado,williams,19,19,20
810,2012,19,230,-1.139467477798462,-1.1691196428404913,18,2,bruno_senna,williams,20,19,20
38,2012,19,230,-1.227656602859497,-1.2490493601018733,11,162,karthikeyan,hrt,21,21,22
818,2012,19,230,-1.2717952728271484,-1.27719361441476,14,203,pic,marussia,22,21,22
7,2012,20,231,1.150648832321167,1.1686110973358155,20,205,raikkonen,lotus_f1,1,1,3
29,2012,20,231,1.1413463354110718,1.16813678924854,13,129,michael_schumacher,mercedes,2,1,3
12,2012,20,231,1.1401567459106445,1.1577742664437545,19,5,massa,ferrari,3,1,3
807,2012,20,231,1.1034340858459473,1.1216143833266363,18,9,hulkenberg,force_india,4,4,4
2,2012,20,231,1.0854182243347168,1.1022487317814547,17,129,rosberg,mercedes,5,4,5
19,2012,20,231,1.0432194471359253,1.0595323537525378,19,8,vettel,red_bull,6,6,7
817,2012,20,231,1.0472617149353027,1.0531821213662624,16,4,vergne,toro_rosso,7,6,7
16,2012,20,231,0.972364604473114,0.9887691140174866,18,8,webber,red_bull,8,8,9
17,2012,20,231,0.9736919403076172,0.987539486752616,18,0,button,mclaren,9,8,9
813,2012,20,231,0.9462563991546631,0.9608191502721686,19,9,resta,force_india,10,10,10
3,2012,20,231,0.7765708565711975,0.794554697142707,18,5,alonso,ferrari,11,11,11
816,2012,20,231,0.756507396697998,0.776635119789525,19,4,ricciardo,toro_rosso,12,12,12
154,2012,20,231,0.6062008738517761,0.6254777424037457,16,14,kobayashi,sauber,13,13,13
4,2012,20,231,0.5464323163032532,0.5636951295953048,19,204,kovalainen,caterham,14,14,14
808,2012,20,231,0.4115380048751831,0.43108895946951475,17,204,petrov,caterham,15,15,15
9,2012,20,231,-1.0646641254425049,-1.0471345311716984,19,203,glock,marussia,16,16,16
36,2012,20,231,-1.1449434757232666,-1.1153175830841064,15,162,rosa,hrt,17,17,17
38,2012,20,231,-1.2794111967086792,-1.2515795131524403,12,162,karthikeyan,hrt,18,18,19
818,2012,20,231,-1.3235864639282227,-1.280286471048991,15,203,pic,marussia,19,18,19
821,2013,1,232,1.3934094905853271,1.3934094905853271,1,2,bottas,williams,1,1,1
7,2013,1,232,1.2148771286010742,1.2148771286010742,1,205,raikkonen,lotus_f1,2,2,2
12,2013,1,232,1.204399585723877,1.204399585723877,1,5,massa,ferrari,3,3,3
0,2013,1,232,1.1692301034927368,1.1692301034927368,1,129,hamilton,mercedes,4,4,4
817,2013,1,232,1.1120898723602295,1.1120898723602295,1,4,vergne,toro_rosso,5,5,5
19,2013,1,232,1.1075105667114258,1.1075105667114258,1,8,vettel,red_bull,6,6,6
814,2013,1,232,1.1040430068969727,1.1040430068969727,1,0,perez,mclaren,7,7,7
17,2013,1,232,1.0381718873977661,1.0381718873977661,1,0,button,mclaren,8,8,8
16,2013,1,232,1.0367746353149414,1.0367746353149414,1,8,webber,red_bull,9,9,9
813,2013,1,232,1.0105972290039062,1.0105972290039062,1,9,resta,force_india,10,10,10
3,2013,1,232,0.8407304883003235,0.8407304883003235,1,5,alonso,ferrari,11,11,11
153,2013,1,232,0.2967519760131836,0.2967519760131836,1,205,grosjean,lotus_f1,12,12,12
820,2013,1,232,-0.7538726329803467,-0.7538726329803467,1,14,gutierrez,sauber,13,13,13
822,2013,1,232,-1.0280019044876099,-1.0280019044876099,1,204,garde,caterham,14,14,14
823,2013,1,232,-1.0565922260284424,-1.0565922260284424,1,203,jules_bianchi,marussia,15,15,15
15,2013,1,232,-1.1685690879821777,-1.1685690879821777,1,9,sutil,force_india,16,16,16
819,2013,1,232,-1.197120189666748,-1.197120189666748,1,203,chilton,marussia,17,17,17
818,2013,1,232,-1.2598907947540283,-1.2598907947540283,1,204,pic,caterham,18,18,18
821,2013,2,233,1.4612559080123901,1.4273326992988586,2,2,bottas,williams,1,1,1
7,2013,2,233,1.1789653301239014,1.1969212293624878,2,205,raikkonen,lotus_f1,2,2,3
12,2013,2,233,1.168500542640686,1.1864500641822815,2,5,massa,ferrari,3,2,4
0,2013,2,233,1.1331331729888916,1.1511816382408142,2,129,hamilton,mercedes,4,3,4
807,2013,2,233,1.1298258304595947,1.1298258304595947,1,14,hulkenberg,sauber,5,5,5
2,2013,2,233,1.1118096113204956,1.1118096113204956,1,129,rosberg,mercedes,6,6,7
817,2013,2,233,1.0766971111297607,1.0943934917449951,2,4,vergne,toro_rosso,7,6,9
19,2013,2,233,1.071653127670288,1.089581847190857,2,8,vettel,red_bull,8,7,9
814,2013,2,233,1.0679011344909668,1.0859720706939697,2,0,perez,mclaren,9,7,9
17,2013,2,233,1.002478003501892,1.020324945449829,2,0,button,mclaren,10,10,11
16,2013,2,233,1.0010201930999756,1.0188974142074585,2,8,webber,red_bull,11,10,11
816,2013,2,233,0.782927930355072,0.782927930355072,1,4,ricciardo,toro_rosso,12,12,12
153,2013,2,233,0.2606508731842041,0.27870142459869385,2,205,grosjean,lotus_f1,13,13,13
820,2013,2,233,-0.9007543325424194,-0.8273134827613831,2,14,gutierrez,sauber,14,14,14
822,2013,2,233,-1.202296495437622,-1.115149199962616,2,204,garde,caterham,15,15,17
823,2013,2,233,-1.23374605178833,-1.1451691389083862,2,203,jules_bianchi,marussia,16,15,17
818,2013,2,233,-1.2962632179260254,-1.2780770063400269,2,204,pic,caterham,17,17,18
819,2013,2,233,-1.388326644897461,-1.2927234172821045,2,203,chilton,marussia,18,16,18
821,2013,3,234,1.4725220203399658,1.442395806312561,3,2,bottas,williams,1,1,1
7,2013,3,234,1.1902822256088257,1.194708228111267,3,205,raikkonen,lotus_f1,2,2,3
12,2013,3,234,1.179828405380249,1.184242844581604,3,5,massa,ferrari,3,2,3
0,2013,3,234,1.1442897319793701,1.1488843361536663,3,129,hamilton,mercedes,4,4,5
807,2013,3,234,1.1413686275482178,1.1355972290039062,2,14,hulkenberg,sauber,5,4,5
817,2013,3,234,1.0884630680084229,1.0924166838328044,3,4,vergne,toro_rosso,6,6,8
19,2013,3,234,1.0830168724060059,1.0873935222625732,3,8,vettel,red_bull,7,6,8
814,2013,3,234,1.0790189504623413,1.0836543639500935,3,0,perez,mclaren,8,6,8
17,2013,3,234,1.0139833688735962,1.0182110865910847,3,0,button,mclaren,9,9,10
813,2013,3,234,0.9861655235290527,0.9983813762664795,2,9,resta,force_india,10,9,10
3,2013,3,234,0.8161417245864868,0.8284361064434052,2,5,alonso,ferrari,11,11,11
816,2013,3,234,0.794495701789856,0.788711816072464,2,4,ricciardo,toro_rosso,12,12,12
153,2013,3,234,0.27180397510528564,0.2764022747675578,3,205,grosjean,lotus_f1,13,13,13
822,2013,3,234,-1.1946628093719482,-1.1416537364323933,3,204,garde,caterham,14,14,16
812,2013,3,234,-1.158606767654419,-1.158606767654419,1,2,maldonado,williams,15,14,16
823,2013,3,234,-1.2261550426483154,-1.1721644401550293,3,203,jules_bianchi,marussia,16,14,16
818,2013,3,234,-1.2853448390960693,-1.2804996172587078,3,204,pic,caterham,17,17,18
819,2013,3,234,-1.3809465169906616,-1.3221311171849568,3,203,chilton,marussia,18,17,18
821,2013,4,235,1.5080190896987915,1.4588016271591187,4,2,bottas,williams,1,1,1
7,2013,4,235,1.2258234024047852,1.2024870216846466,4,205,raikkonen,lotus_f1,2,2,3
12,2013,4,235,1.215378999710083,1.1920268833637238,4,5,massa,ferrari,3,2,3
0,2013,4,235,1.179692268371582,1.1565863192081451,4,129,hamilton,mercedes,4,4,6
807,2013,4,235,1.177105188369751,1.1494332154591878,3,14,hulkenberg,sauber,5,4,6
2,2013,4,235,1.1584376096725464,1.135123610496521,2,129,rosberg,mercedes,6,4,6
19,2013,4,235,1.1185985803604126,1.095194786787033,4,8,vettel,red_bull,7,7,8
814,2013,4,235,1.1143878698349,1.0913377404212952,4,0,perez,mclaren,8,7,8
16,2013,4,235,1.0475586652755737,1.0284511645634968,3,8,webber,red_bull,9,9,11
17,2013,4,235,1.049687385559082,1.026080161333084,4,0,button,mclaren,10,9,11
813,2013,4,235,1.0217820405960083,1.0061815977096558,3,9,resta,force_india,11,10,11
3,2013,4,235,0.8516225814819336,0.8361649314562479,3,5,alonso,ferrari,12,12,12
816,2013,4,235,0.8302537202835083,0.8025591174761454,3,4,ricciardo,toro_rosso,13,13,13
153,2013,4,235,0.30720338225364685,0.28410255163908005,4,205,grosjean,lotus_f1,14,14,14
820,2013,4,235,-0.8576236963272095,-0.8374168872833252,3,14,gutierrez,sauber,15,15,15
812,2013,4,235,-1.1232560873031616,-1.1409314274787903,2,2,maldonado,williams,16,16,18
822,2013,4,235,-1.1623073816299438,-1.146817147731781,4,204,garde,caterham,17,16,19
15,2013,4,235,-1.1582176685333252,-1.1633933782577515,2,9,sutil,force_india,18,17,19
823,2013,4,235,-1.1938368082046509,-1.1775825321674347,4,203,jules_bianchi,marussia,19,16,19
818,2013,4,235,-1.2501482963562012,-1.272911787033081,4,204,pic,caterham,20,20,21
819,2013,4,235,-1.3488106727600098,-1.32880100607872,4,203,chilton,marussia,21,20,21
821,2013,5,236,1.4973032474517822,1.4665019512176514,5,2,bottas,williams,1,1,1
7,2013,5,236,1.215145468711853,1.2050187110900878,5,205,raikkonen,lotus_f1,2,2,3
12,2013,5,236,1.2047092914581299,1.194563364982605,5,5,massa,ferrari,3,2,3
0,2013,5,236,1.168894648551941,1.1590479850769042,5,129,hamilton,mercedes,4,4,6
807,2013,5,236,1.1665964126586914,1.1537240147590637,4,14,hulkenberg,sauber,5,4,6
2,2013,5,236,1.1480164527893066,1.1394212245941162,3,129,rosberg,mercedes,6,4,6
19,2013,5,236,1.1079559326171875,1.097747015953064,5,8,vettel,red_bull,7,7,9
817,2013,5,236,1.111741542816162,1.0972478985786438,4,4,vergne,toro_rosso,8,7,9
814,2013,5,236,1.1035611629486084,1.0937824249267578,5,0,perez,mclaren,9,7,9
16,2013,5,236,1.037060022354126,1.0306033790111542,4,8,webber,red_bull,10,10,11
17,2013,5,236,1.0391504764556885,1.028694224357605,5,0,button,mclaren,11,10,11
813,2013,5,236,1.01116943359375,1.0074285566806793,4,9,resta,force_india,12,11,12
3,2013,5,236,0.8408925533294678,0.8373468369245529,4,5,alonso,ferrari,13,13,13
816,2013,5,236,0.8197635412216187,0.8068602234125137,4,4,ricciardo,toro_rosso,14,14,14
153,2013,5,236,0.29640287160873413,0.2865626156330109,5,205,grosjean,lotus_f1,15,15,15
820,2013,5,236,-0.871070146560669,-0.8458302021026611,4,14,gutierrez,sauber,16,16,16
812,2013,5,236,-1.1340984106063843,-1.1386537551879883,3,2,maldonado,williams,17,17,19
822,2013,5,236,-1.1757409572601318,-1.1526019096374511,5,204,garde,caterham,18,17,20
15,2013,5,236,-1.1690199375152588,-1.165268898010254,3,9,sutil,force_india,19,18,20
823,2013,5,236,-1.2073023319244385,-1.1835264921188355,5,203,jules_bianchi,marussia,20,17,20
818,2013,5,236,-1.2611243724822998,-1.2705543041229248,5,204,pic,caterham,21,21,22
819,2013,5,236,-1.3624340295791626,-1.3355276107788085,5,203,chilton,marussia,22,21,22
821,2013,6,237,1.4283496141433716,1.460143228371938,6,2,bottas,williams,1,1,1
7,2013,6,237,1.146225094795227,1.1952197750409443,6,205,raikkonen,lotus_f1,2,2,2
0,2013,6,237,1.0998703241348267,1.149185041586558,6,129,hamilton,mercedes,3,3,5
807,2013,6,237,1.0978221893310547,1.142543649673462,5,14,hulkenberg,sauber,4,3,5
2,2013,6,237,1.0793179273605347,1.1243954002857208,4,129,rosberg,mercedes,5,3,6
19,2013,6,237,1.0390658378601074,1.0879668196042378,6,8,vettel,red_bull,6,5,8
817,2013,6,237,1.0434232950210571,1.0864829778671266,5,4,vergne,toro_rosso,7,6,8
814,2013,6,237,1.0345118045806885,1.0839039882024128,6,0,perez,mclaren,8,6,8
17,2013,6,237,0.9703519344329834,1.018970509370168,6,0,button,mclaren,9,9,11
16,2013,6,237,0.9682945609092712,1.0181416153907776,5,8,webber,red_bull,10,9,11
813,2013,6,237,0.9423054456710815,0.9944039344787597,5,9,resta,force_india,11,10,11
3,2013,6,237,0.7719271183013916,0.8242628931999206,5,5,alonso,ferrari,12,12,12
820,2013,6,237,-0.9423855543136597,-0.8651412725448608,5,14,gutierrez,sauber,13,13,13
822,2013,6,237,-1.2470452785491943,-1.1683424711227417,6,204,garde,caterham,14,14,15
15,2013,6,237,-1.2380480766296387,-1.1834636926651,4,9,sutil,force_india,15,14,15
819,2013,6,237,-1.4339022636413574,-1.3519233862559001,6,203,chilton,marussia,16,16,16
821,2013,7,238,1.4848638772964478,1.463674749646868,7,2,bottas,williams,1,1,1
7,2013,7,238,1.2027676105499268,1.1962980372565133,7,205,raikkonen,lotus_f1,2,2,3
12,2013,7,238,1.194507360458374,1.1945540308952332,6,5,massa,ferrari,3,2,3
0,2013,7,238,1.1563233137130737,1.150204794747489,7,129,hamilton,mercedes,4,4,5
2,2013,7,238,1.1360526084899902,1.1267268419265748,5,129,rosberg,mercedes,5,4,5
19,2013,7,238,1.0956348180770874,1.089062247957502,7,8,vettel,red_bull,6,6,8
817,2013,7,238,1.1004868745803833,1.0888169606526692,6,4,vergne,toro_rosso,7,6,8
814,2013,7,238,1.0909430980682373,1.0849095753261022,7,0,perez,mclaren,8,6,8
17,2013,7,238,1.027000069618225,1.0201175894056047,7,0,button,mclaren,9,9,11
16,2013,7,238,1.0249712467193604,1.0192798872788746,6,8,webber,red_bull,10,9,11
813,2013,7,238,0.9988969564437866,0.9951527714729309,6,9,resta,force_india,11,10,11
3,2013,7,238,0.8284307718276978,0.8249575396378835,6,5,alonso,ferrari,12,12,13
816,2013,7,238,0.8097169399261475,0.8074315667152405,5,4,ricciardo,toro_rosso,13,12,13
153,2013,7,238,0.28608787059783936,0.2864834914604823,6,205,grosjean,lotus_f1,14,14,14
820,2013,7,238,-0.8879144191741943,-0.8689367969830831,6,14,gutierrez,sauber,15,15,15
812,2013,7,238,-1.1444497108459473,-1.140102744102478,4,2,maldonado,williams,16,16,17
15,2013,7,238,-1.1815986633300781,-1.1830906867980957,5,9,sutil,force_india,17,17,18
823,2013,7,238,-1.2199229001998901,-1.1895925601323445,6,203,jules_bianchi,marussia,18,16,18
818,2013,7,238,-1.2715911865234375,-1.2707271178563435,6,204,pic,caterham,19,19,19
819,2013,7,238,-1.379563570022583,-1.3558719839368547,7,203,chilton,marussia,20,20,20
821,2013,8,239,1.5227407217025757,1.4710579961538315,8,2,bottas,williams,1,1,1
7,2013,8,239,1.2406692504882812,1.2018444389104843,8,205,raikkonen,lotus_f1,2,2,3
12,2013,8,239,1.2321224212646484,1.1999209438051497,7,5,massa,ferrari,3,2,3
0,2013,8,239,1.1941472291946411,1.1556975990533829,8,129,hamilton,mercedes,4,4,6
807,2013,8,239,1.191627025604248,1.150724212328593,6,14,hulkenberg,sauber,5,4,6
2,2013,8,239,1.1741201877593994,1.1346257328987122,6,129,rosberg,mercedes,6,4,6
814,2013,8,239,1.1287481784820557,1.0903894007205963,8,0,perez,mclaren,7,7,7
17,2013,8,239,1.064992904663086,1.02572700381279,8,0,button,mclaren,8,8,9
16,2013,8,239,1.0629887580871582,1.0255240116800581,7,8,webber,red_bull,9,8,10
813,2013,8,239,1.0368409156799316,1.0011082206453596,7,9,resta,force_india,10,8,10
3,2013,8,239,0.8662986755371094,0.8308634161949158,7,5,alonso,ferrari,11,11,12
816,2013,8,239,0.8474661707878113,0.8141040007273356,6,4,ricciardo,toro_rosso,12,11,12
153,2013,8,239,0.3236050009727478,0.2917865642479488,7,205,grosjean,lotus_f1,13,13,13
820,2013,8,239,-0.8518047332763672,-0.8664893593106952,7,14,gutierrez,sauber,14,14,14
812,2013,8,239,-1.106964111328125,-1.1334750175476074,5,2,maldonado,williams,15,15,16
822,2013,8,239,-1.1554288864135742,-1.1664976733071464,7,204,garde,caterham,16,15,18
15,2013,8,239,-1.14377760887146,-1.1765385071436565,6,9,sutil,force_india,17,16,18
823,2013,8,239,-1.184399962425232,-1.1888507604599,7,203,jules_bianchi,marussia,18,16,18
818,2013,8,239,-1.2342054843902588,-1.265509741646903,7,204,pic,caterham,19,19,19
819,2013,8,239,-1.3435683250427246,-1.3543340265750885,8,203,chilton,marussia,20,20,20
821,2013,9,240,1.500223159790039,1.474298569891188,9,2,bottas,williams,1,1,1
7,2013,9,240,1.2181730270385742,1.203658726480272,9,205,raikkonen,lotus_f1,2,2,2
0,2013,9,240,1.171583890914917,1.1574627425935533,9,129,hamilton,mercedes,3,3,5
807,2013,9,240,1.1693435907363892,1.1533841235297067,7,14,hulkenberg,sauber,4,3,5
2,2013,9,240,1.1517677307128906,1.137074589729309,7,129,rosberg,mercedes,5,4,5
814,2013,9,240,1.106168508529663,1.0921426349216037,9,0,perez,mclaren,6,6,7
19,2013,9,240,1.1087292432785034,1.0915206223726273,8,8,vettel,red_bull,7,6,7
17,2013,9,240,1.042575478553772,1.0275990565617878,9,0,button,mclaren,8,8,10
16,2013,9,240,1.040592908859253,1.0274076238274574,8,8,webber,red_bull,9,8,10
813,2013,9,240,1.0143810510635376,1.0027673244476318,8,9,resta,force_india,10,9,10
3,2013,9,240,0.8437731862068176,0.8324771374464035,8,5,alonso,ferrari,11,11,12
816,2013,9,240,0.8248381614685059,0.8156374522617885,7,4,ricciardo,toro_rosso,12,11,12
153,2013,9,240,0.3007761240005493,0.29291025921702385,8,205,grosjean,lotus_f1,13,13,13
820,2013,9,240,-0.875851035118103,-0.8676595687866211,8,14,gutierrez,sauber,14,14,14
812,2013,9,240,-1.1298201084136963,-1.1328658660252888,6,2,maldonado,williams,15,15,16
822,2013,9,240,-1.17960524559021,-1.1681361198425293,8,204,garde,caterham,16,15,17
15,2013,9,240,-1.1663435697555542,-1.1750820875167847,7,9,sutil,force_india,17,16,17
818,2013,9,240,-1.2571479082107544,-1.2644645124673843,8,204,pic,caterham,18,18,18
819,2013,9,240,-1.3677136898040771,-1.355820655822754,9,203,chilton,marussia,19,19,19
7,2013,10,241,1.1898194551467896,1.2022747993469238,10,205,raikkonen,lotus_f1,1,1,2
12,2013,10,241,1.1801233291625977,1.1974462419748306,8,5,massa,ferrari,2,1,2
0,2013,10,241,1.1431723833084106,1.156033706665039,10,129,hamilton,mercedes,3,3,5
807,2013,10,241,1.1411741971969604,1.1518578827381134,8,14,hulkenberg,sauber,4,3,5
2,2013,10,241,1.1235384941101074,1.1353825777769089,8,129,rosberg,mercedes,5,3,5
814,2013,10,241,1.0777428150177002,1.0907026529312134,10,0,perez,mclaren,6,6,8
19,2013,10,241,1.0807104110717773,1.090319487783644,9,8,vettel,red_bull,7,6,8
817,2013,10,241,1.0847543478012085,1.088236587388175,7,4,vergne,toro_rosso,8,6,8
17,2013,10,241,1.0142903327941895,1.026268184185028,10,0,button,mclaren,9,9,10
16,2013,10,241,1.0123261213302612,1.025731901327769,9,8,webber,red_bull,10,9,10
813,2013,10,241,0.9860591888427734,1.0009108649359808,9,9,resta,force_india,11,10,11
3,2013,10,241,0.8153945207595825,0.8305790689256456,9,5,alonso,ferrari,12,12,13
816,2013,10,241,0.7963706851005554,0.8132291063666344,8,4,ricciardo,toro_rosso,13,12,13
153,2013,10,241,0.2721349000930786,0.29060188598102993,9,205,grosjean,lotus_f1,14,14,14
812,2013,10,241,-1.158484697341919,-1.1365256990705217,7,2,maldonado,williams,15,15,16
822,2013,10,241,-1.2094120979309082,-1.172722339630127,9,204,garde,caterham,16,15,17
823,2013,10,241,-1.238208532333374,-1.1950204819440842,8,203,jules_bianchi,marussia,17,16,17
818,2013,10,241,-1.2858874797821045,-1.26684484216902,9,204,pic,caterham,18,18,18
819,2013,10,241,-1.397493600845337,-1.3599879503250123,10,203,chilton,marussia,19,19,19
821,2013,11,242,1.4987025260925293,1.476738965511322,10,2,bottas,williams,1,1,1
12,2013,11,242,1.206344723701477,1.1984349621666803,9,5,massa,ferrari,2,2,2
0,2013,11,242,1.1694363355636597,1.1572521274740046,11,129,hamilton,mercedes,3,3,4
807,2013,11,242,1.1676476001739502,1.1536122957865398,9,14,hulkenberg,sauber,4,3,5
2,2013,11,242,1.1499600410461426,1.137002295917935,9,129,rosberg,mercedes,5,4,5
19,2013,11,242,1.107314109802246,1.0920189499855042,10,8,vettel,red_bull,6,6,8
814,2013,11,242,1.103994607925415,1.0919110124761409,11,0,perez,mclaren,7,6,8
817,2013,11,242,1.1118950843811035,1.091193899512291,8,4,vergne,toro_rosso,8,6,8
17,2013,11,242,1.040663480758667,1.0275768475099043,11,0,button,mclaren,9,9,10
16,2013,11,242,1.0387153625488281,1.027030247449875,10,8,webber,red_bull,10,9,10
3,2013,11,242,0.8416867852210999,0.831689840555191,10,5,alonso,ferrari,11,11,12
816,2013,11,242,0.8225861191749573,0.8142687744564481,9,4,ricciardo,toro_rosso,12,11,12
153,2013,11,242,0.29820024967193604,0.29136172235012053,10,205,grosjean,lotus_f1,13,13,13
820,2013,11,242,-0.8786941766738892,-0.8688856363296509,9,14,gutierrez,sauber,14,14,14
812,2013,11,242,-1.1324398517608643,-1.1360149681568146,8,2,maldonado,williams,15,15,16
822,2013,11,242,-1.1843550205230713,-1.1738856077194213,10,204,garde,caterham,16,15,18
15,2013,11,242,-1.1679060459136963,-1.1741850823163986,8,9,sutil,force_india,17,16,18
823,2013,11,242,-1.2135525941848755,-1.1970796055263944,9,203,jules_bianchi,marussia,18,16,18
819,2013,11,242,-1.3724132776260376,-1.3611175255341963,11,203,chilton,marussia,19,19,19
821,2013,12,243,1.524278163909912,1.4810607108202847,11,2,bottas,williams,1,1,1
7,2013,12,243,1.2410540580749512,1.2058001865040173,11,205,raikkonen,lotus_f1,2,2,3
12,2013,12,243,1.231928825378418,1.201784348487854,10,5,massa,ferrari,3,2,3
0,2013,12,243,1.1950571537017822,1.1604025463263195,12,129,hamilton,mercedes,4,4,6
807,2013,12,243,1.19344961643219,1.1575960278511048,10,14,hulkenberg,sauber,5,4,6
2,2013,12,243,1.1757173538208008,1.1408738017082214,10,129,rosberg,mercedes,6,4,6
19,2013,12,243,1.1332288980484009,1.095765308900313,11,8,vettel,red_bull,7,7,8
814,2013,12,243,1.1296050548553467,1.095052182674408,12,0,perez,mclaren,8,7,8
17,2013,12,243,1.0663789510726929,1.0308103561401367,12,0,button,mclaren,9,9,10
16,2013,12,243,1.0644445419311523,1.0304315469481728,11,8,webber,red_bull,10,9,10
3,2013,12,243,0.8673322200775146,0.8349300568754022,11,5,alonso,ferrari,11,11,12
816,2013,12,243,0.8481651544570923,0.8176584124565125,10,4,ricciardo,toro_rosso,12,11,12
153,2013,12,243,0.32364916801452637,0.29429694468324835,11,205,grosjean,lotus_f1,13,13,13
820,2013,12,243,-0.8542620539665222,-0.867423278093338,10,14,gutierrez,sauber,14,14,14
812,2013,12,243,-1.107008457183838,-1.1327920224931505,9,2,maldonado,williams,15,15,15
15,2013,12,243,-1.1423665285110474,-1.1706496874491374,9,9,sutil,force_india,16,16,18
822,2013,12,243,-1.159778118133545,-1.17260310866616,11,204,garde,caterham,17,16,18
823,2013,12,243,-1.1893224716186523,-1.1963038921356202,10,203,jules_bianchi,marussia,18,16,18
818,2013,12,243,-1.2349867820739746,-1.2636590361595155,10,204,pic,caterham,19,19,19
819,2013,12,243,-1.3478162288665771,-1.3600090841452281,12,203,chilton,marussia,20,20,20
821,2013,13,244,1.5087792873382568,1.4833705921967824,12,2,bottas,williams,1,1,1
7,2013,13,244,1.2257318496704102,1.20746115843455,12,205,raikkonen,lotus_f1,2,2,3
12,2013,13,244,1.2164366245269775,1.2031163735823198,11,5,massa,ferrari,3,2,3
0,2013,13,244,1.1795969009399414,1.161879035142752,13,129,hamilton,mercedes,4,4,6
807,2013,13,244,1.1781461238861084,1.1594642183997415,11,14,hulkenberg,sauber,5,4,6
2,2013,13,244,1.1603753566741943,1.1426466703414917,11,129,rosberg,mercedes,6,5,6
19,2013,13,244,1.1180229187011719,1.0976201097170513,12,8,vettel,red_bull,7,7,9
814,2013,13,244,1.1141357421875,1.0965201487907996,13,0,perez,mclaren,8,7,9
817,2013,13,244,1.1210867166519165,1.094515323638916,9,4,vergne,toro_rosso,9,7,9
17,2013,13,244,1.0510004758834839,1.0323634422742403,13,0,button,mclaren,10,10,11
16,2013,13,244,1.049078106880188,1.0319854269425075,12,8,webber,red_bull,11,10,11
813,2013,13,244,1.0201336145401,1.0028331398963928,10,9,resta,force_india,12,12,12
3,2013,13,244,0.8518932461738586,0.8363436559836069,12,5,alonso,ferrari,13,13,13
820,2013,13,244,-0.8707505464553833,-0.8677257570353422,11,14,gutierrez,sauber,14,14,14
812,2013,13,244,-1.1226322650909424,-1.1317760467529296,10,2,maldonado,williams,15,15,15
15,2013,13,244,-1.1578969955444336,-1.169374418258667,10,9,sutil,force_india,16,16,18
822,2013,13,244,-1.1761412620544434,-1.17289795478185,12,204,garde,caterham,17,16,18
823,2013,13,244,-1.2059859037399292,-1.197184075008739,11,203,jules_bianchi,marussia,18,16,18
818,2013,13,244,-1.2505977153778076,-1.2624716433611782,11,204,pic,caterham,19,19,19
819,2013,13,244,-1.3641619682312012,-1.360328536767226,13,203,chilton,marussia,20,20,20
821,2013,14,245,1.524763822555542,1.4865546868397639,13,2,bottas,williams,1,1,1
7,2013,14,245,1.2418694496154785,1.210107950063852,13,205,raikkonen,lotus_f1,2,2,3
12,2013,14,245,1.2324274778366089,1.2055589656035106,12,5,massa,ferrari,3,2,3
0,2013,14,245,1.195615291595459,1.1642887677465166,14,129,hamilton,mercedes,4,4,5
807,2013,14,245,1.1942999362945557,1.162367194890976,12,14,hulkenberg,sauber,5,4,6
2,2013,14,245,1.1764955520629883,1.1454674104849498,12,129,rosberg,mercedes,6,5,6
19,2013,14,245,1.134261131286621,1.1004386498377874,13,8,vettel,red_bull,7,7,9
814,2013,14,245,1.1301460266113281,1.0989219972065516,14,0,perez,mclaren,8,7,9
817,2013,14,245,1.1379940509796143,1.0988631963729858,10,4,vergne,toro_rosso,9,7,9
17,2013,14,245,1.067089557647705,1.0348438790866308,14,0,button,mclaren,10,10,10
3,2013,14,245,0.8679299354553223,0.8387733697891235,13,5,alonso,ferrari,11,11,12
816,2013,14,245,0.8479662537574768,0.8204136707566001,11,4,ricciardo,toro_rosso,12,11,12
153,2013,14,245,0.32333797216415405,0.29671703030665714,12,205,grosjean,lotus_f1,13,13,13
820,2013,14,245,-0.8556218147277832,-0.8667170951763788,12,14,gutierrez,sauber,14,14,14
812,2013,14,245,-1.1067559719085693,-1.1295014944943516,11,2,maldonado,williams,15,15,15
15,2013,14,245,-1.141939401626587,-1.1668803258375688,11,9,sutil,force_india,16,16,17
822,2013,14,245,-1.1609042882919312,-1.1719753650518565,13,204,garde,caterham,17,16,18
823,2013,14,245,-1.1910083293914795,-1.1966694295406342,12,203,jules_bianchi,marussia,18,16,18
818,2013,14,245,-1.2347099781036377,-1.2601581712563832,12,204,pic,caterham,19,19,19
819,2013,14,245,-1.348909854888916,-1.359512916633061,14,203,chilton,marussia,20,20,20
821,2013,15,246,1.4632105827331543,1.484887250832149,14,2,bottas,williams,1,1,1
7,2013,15,246,1.1804487705230713,1.2079894372395106,14,205,raikkonen,lotus_f1,2,2,3
12,2013,15,246,1.170879602432251,1.2028913222826445,13,5,massa,ferrari,3,2,3
807,2013,15,246,1.1328932046890259,1.1600999648754413,13,14,hulkenberg,sauber,4,4,5
2,2013,15,246,1.1150598526000977,1.1431283675707304,13,129,rosberg,mercedes,5,4,5
19,2013,15,246,1.0729272365570068,1.0984735488891602,14,8,vettel,red_bull,6,6,8
814,2013,15,246,1.0686153173446655,1.0969015518824259,15,0,perez,mclaren,7,6,8
817,2013,15,246,1.0772392749786377,1.096897385337136,11,4,vergne,toro_rosso,8,6,8
17,2013,15,246,1.0056266784667969,1.032896065711975,15,0,button,mclaren,9,9,10
16,2013,15,246,1.0023417472839355,1.029705143891848,13,8,webber,red_bull,10,9,10
813,2013,15,246,0.9737110137939453,1.0001856738870794,11,9,resta,force_india,11,11,11
3,2013,15,246,0.8064218759536743,0.8364625488008771,14,5,alonso,ferrari,12,12,12
816,2013,15,246,0.7865082621574402,0.8175882200400034,12,4,ricciardo,toro_rosso,13,13,13
153,2013,15,246,0.261782705783844,0.29402977457413304,13,205,grosjean,lotus_f1,14,14,14
820,2013,15,246,-0.9179152250289917,-0.8706554128573492,13,14,gutierrez,sauber,15,15,15
812,2013,15,246,-1.1684024333953857,-1.132743239402771,12,2,maldonado,williams,16,16,16
15,2013,15,246,-1.2035157680511475,-1.169933279355367,12,9,sutil,force_india,17,17,17
818,2013,15,246,-1.29634690284729,-1.2629419198402991,13,204,pic,caterham,18,18,18
819,2013,15,246,-1.4110965728759766,-1.3629518270492553,15,203,chilton,marussia,19,19,19
821,2013,16,247,1.4589284658432007,1.4831566651662191,15,2,bottas,williams,1,1,1
7,2013,16,247,1.1762810945510864,1.2058755477269492,15,205,raikkonen,lotus_f1,2,2,3
12,2013,16,247,1.1666020154953003,1.2002992289406913,14,5,massa,ferrari,3,2,3
0,2013,16,247,1.1315271854400635,1.1621046622594198,15,129,hamilton,mercedes,4,4,5
807,2013,16,247,1.1287376880645752,1.1578598022460938,14,14,hulkenberg,sauber,5,4,6
2,2013,16,247,1.1108793020248413,1.140824862888881,14,129,rosberg,mercedes,6,5,6
19,2013,16,247,1.0688347816467285,1.0964976310729981,15,8,vettel,red_bull,7,7,9
817,2013,16,247,1.0736476182937622,1.0949599047501881,12,4,vergne,toro_rosso,8,7,9
814,2013,16,247,1.0643525123596191,1.0948672369122505,16,0,perez,mclaren,9,7,9
17,2013,16,247,1.0014225244522095,1.0309289693832397,16,0,button,mclaren,10,10,10
813,2013,16,247,0.9699724912643433,0.9976679086685181,12,9,resta,force_india,11,11,11
3,2013,16,247,0.8021785020828247,0.8341769456863404,15,5,alonso,ferrari,12,12,12
816,2013,16,247,0.7823083400726318,0.8148743831194364,13,4,ricciardo,toro_rosso,13,13,13
153,2013,16,247,0.25749868154525757,0.2914204107863562,14,205,grosjean,lotus_f1,14,14,14
820,2013,16,247,-0.9228377342224121,-0.8743827215262822,14,14,gutierrez,sauber,15,15,15
812,2013,16,247,-1.1727654933929443,-1.135821874325092,13,2,maldonado,williams,16,16,16
15,2013,16,247,-1.2078183889389038,-1.1728475185541005,13,9,sutil,force_india,17,17,18
823,2013,16,247,-1.2559964656829834,-1.2012330477054303,13,203,jules_bianchi,marussia,18,17,18
819,2013,16,247,-1.4159266948699951,-1.3662627562880516,16,203,chilton,marussia,19,19,19
821,2013,17,248,1.5144517421722412,1.4851126074790955,16,2,bottas,williams,1,1,1
12,2013,17,248,1.222129225730896,1.2017545620600383,15,5,massa,ferrari,2,2,2
0,2013,17,248,1.1868436336517334,1.1636508479714394,16,129,hamilton,mercedes,3,3,4
807,2013,17,248,1.184370517730713,1.1596271832784018,15,14,hulkenberg,sauber,4,3,5
2,2013,17,248,1.1664905548095703,1.1425359090169271,15,129,rosberg,mercedes,5,4,5
19,2013,17,248,1.1245222091674805,1.0982491672039032,16,8,vettel,red_bull,6,6,8
817,2013,17,248,1.1297680139541626,1.0976374516120324,13,4,vergne,toro_rosso,7,6,8
814,2013,17,248,1.1198924779891968,1.0963393099167769,17,0,perez,mclaren,8,6,8
17,2013,17,248,1.0570133924484253,1.0324633472106035,17,0,button,mclaren,9,9,10
16,2013,17,248,1.0554568767547607,1.0315445533820562,14,8,webber,red_bull,10,9,10
813,2013,17,248,1.0259664058685303,0.9998447161454421,13,9,resta,force_india,11,11,11
3,2013,17,248,0.8577355146408081,0.8356493562459946,16,5,alonso,ferrari,12,12,13
816,2013,17,248,0.8379027843475342,0.8165192689214434,14,4,ricciardo,toro_rosso,13,12,13
153,2013,17,248,0.31302037835121155,0.29286040862401325,15,205,grosjean,lotus_f1,14,14,14
820,2013,17,248,-0.8678683042526245,-0.8739484270413717,15,14,gutierrez,sauber,15,15,15
812,2013,17,248,-1.1173120737075806,-1.1344997457095556,14,2,maldonado,williams,16,16,16
15,2013,17,248,-1.1523126363754272,-1.1713807412556239,14,9,sutil,force_india,17,17,18
822,2013,17,248,-1.1685429811477661,-1.1717301947729928,14,204,garde,caterham,18,17,19
823,2013,17,248,-1.2014585733413696,-1.201249156679426,14,203,jules_bianchi,marussia,19,18,19
818,2013,17,248,-1.2435765266418457,-1.261558677468981,14,204,pic,caterham,20,20,20
819,2013,17,248,-1.3608773946762085,-1.3659459703108843,17,203,chilton,marussia,21,21,21
821,2013,18,249,1.487157940864563,1.4852329212076523,17,2,bottas,williams,1,1,1
12,2013,18,249,1.1948387622833252,1.2013223245739937,16,5,massa,ferrari,2,2,2
0,2013,18,249,1.159371018409729,1.1633990932913387,17,129,hamilton,mercedes,3,3,4
807,2013,18,249,1.1571714878082275,1.1594737023115158,16,14,hulkenberg,sauber,4,3,5
2,2013,18,249,1.1392725706100464,1.142331950366497,16,129,rosberg,mercedes,5,4,5
19,2013,18,249,1.0973702669143677,1.0981974671868717,17,8,vettel,red_bull,6,6,8
817,2013,18,249,1.1029908657073975,1.0980198383331299,14,4,vergne,toro_rosso,7,6,8
814,2013,18,249,1.0926129817962646,1.0961322916878595,18,0,perez,mclaren,8,6,8
17,2013,18,249,1.029778003692627,1.032314161459605,18,0,button,mclaren,9,9,10
16,2013,18,249,1.0281825065612793,1.0313204169273376,15,8,webber,red_bull,10,9,10
813,2013,18,249,0.9990793466567993,0.9997900468962533,14,9,resta,force_india,11,11,11
3,2013,18,249,0.8304709196090698,0.8353447423261755,17,5,alonso,ferrari,12,12,12
816,2013,18,249,0.8106704950332642,0.8161293506622315,15,4,ricciardo,toro_rosso,13,13,13
4,2013,18,249,0.5915337800979614,0.5915337800979614,1,205,kovalainen,lotus_f1,14,14,14
153,2013,18,249,0.28572511672973633,0.29241445288062096,16,205,grosjean,lotus_f1,15,15,15
820,2013,18,249,-0.8956412672996521,-0.8753042295575142,16,14,gutierrez,sauber,16,16,16
812,2013,18,249,-1.1446664333343506,-1.135177524884542,15,2,maldonado,williams,17,17,17
822,2013,18,249,-1.1968443393707275,-1.1734044710795084,15,204,garde,caterham,18,18,18
823,2013,18,249,-1.229604959487915,-1.2031395435333252,15,203,jules_bianchi,marussia,19,18,19
818,2013,18,249,-1.2711492776870728,-1.2621980508168538,15,204,pic,caterham,20,20,20
819,2013,18,249,-1.3885812759399414,-1.3672034872902765,18,203,chilton,marussia,21,21,21
12,2013,19,250,1.210998773574829,1.2018915274563957,17,5,massa,ferrari,1,1,1
0,2013,19,250,1.1753733158111572,1.1640643278757732,18,129,hamilton,mercedes,2,2,3
807,2013,19,250,1.1734105348587036,1.1602935159907621,17,14,hulkenberg,sauber,3,2,4
2,2013,19,250,1.155495524406433,1.1431062782511991,17,129,rosberg,mercedes,4,3,4
817,2013,19,250,1.1195948123931885,1.0994581699371337,15,4,vergne,toro_rosso,5,5,7
19,2013,19,250,1.1136502027511597,1.0990559524959989,18,8,vettel,red_bull,6,5,7
814,2013,19,250,1.1087825298309326,1.0967980936953896,19,0,perez,mclaren,7,5,7
17,2013,19,250,1.0459856986999512,1.033033716051202,19,0,button,mclaren,8,8,9
16,2013,19,250,1.044356346130371,1.0321351625025272,16,8,webber,red_bull,9,8,9
813,2013,19,250,1.0155885219573975,1.0008432785669963,15,9,resta,force_india,10,10,10
3,2013,19,250,0.8466532230377197,0.8359729912545946,18,5,alonso,ferrari,11,11,11
816,2013,19,250,0.826880931854248,0.8168013244867325,16,4,ricciardo,toro_rosso,12,12,12
4,2013,19,250,0.6089991927146912,0.6002664864063263,2,205,kovalainen,lotus_f1,13,13,13
820,2013,19,250,-0.8798986077308655,-0.875574487097123,17,14,gutierrez,sauber,14,14,14
812,2013,19,250,-1.1285617351531982,-1.1347640380263329,16,2,maldonado,williams,15,15,15
15,2013,19,250,-1.163208246231079,-1.1708359082539876,15,9,sutil,force_india,16,16,17
822,2013,19,250,-1.181558609008789,-1.1739141047000885,16,204,garde,caterham,17,16,18
823,2013,19,250,-1.2141849994659424,-1.2038298845291138,16,203,jules_bianchi,marussia,18,17,18
819,2013,19,250,-1.3727788925170898,-1.367496929670635,19,203,chilton,marussia,19,19,19
821,2014,1,251,1.4685401916503906,1.4685401916503906,1,2,bottas,williams,1,1,1
7,2014,1,251,1.1850626468658447,1.1850626468658447,1,5,raikkonen,ferrari,2,2,2
807,2014,1,251,1.139223337173462,1.139223337173462,1,9,hulkenberg,force_india,3,3,3
2,2014,1,251,1.1212942600250244,1.1212942600250244,1,129,rosberg,mercedes,4,4,4
817,2014,1,251,1.0857235193252563,1.0857235193252563,1,4,vergne,toro_rosso,5,5,5
814,2014,1,251,1.0745353698730469,1.0745353698730469,1,9,perez,force_india,6,6,6
17,2014,1,251,1.0117714405059814,1.0117714405059814,1,0,button,mclaren,7,7,7
3,2014,1,251,0.8124169111251831,0.8124169111251831,1,5,alonso,ferrari,8,8,8
825,2014,1,251,0.5785840749740601,0.5785840749740601,1,4,kvyat,toro_rosso,9,9,9
824,2014,1,251,-0.6024457216262817,-0.6024457216262817,1,0,kevin_magnussen,mclaren,10,10,10
820,2014,1,251,-0.9145151376724243,-0.9145151376724243,1,14,gutierrez,sauber,11,11,11
15,2014,1,251,-1.1975139379501343,-1.1975139379501343,1,14,sutil,sauber,12,12,12
819,2014,1,251,-1.4073436260223389,-1.4073436260223389,1,203,chilton,marussia,13,13,13
821,2014,2,252,1.4188940525054932,1.443717122077942,2,2,bottas,williams,1,1,1
7,2014,2,252,1.1356277465820312,1.160345196723938,2,5,raikkonen,ferrari,2,2,3
12,2014,2,252,1.1281452178955078,1.1281452178955078,1,2,massa,williams,3,3,4
807,2014,2,252,1.089568853378296,1.114396095275879,2,9,hulkenberg,force_india,4,2,6
2,2014,2,252,1.0716277360916138,1.096460998058319,2,129,rosberg,mercedes,5,4,6
0,2014,2,252,1.092383623123169,1.092383623123169,1,129,hamilton,mercedes,6,4,6
19,2014,2,252,1.0309003591537476,1.0309003591537476,1,8,vettel,red_bull,7,7,7
17,2014,2,252,0.9620932936668396,0.9869323670864105,2,0,button,mclaren,8,8,8
3,2014,2,252,0.7627200484275818,0.7875684797763824,2,5,alonso,ferrari,9,9,9
154,2014,2,252,0.5843348503112793,0.5843348503112793,1,204,kobayashi,caterham,10,10,10
825,2014,2,252,0.5466495752334595,0.5626168251037598,2,4,kvyat,toro_rosso,11,11,11
153,2014,2,252,0.2185080200433731,0.2185080200433731,1,205,grosjean,lotus_f1,12,12,12
824,2014,2,252,-0.7524832487106323,-0.677464485168457,2,0,kevin_magnussen,mclaren,13,13,13
827,2014,2,252,-1.1944732666015625,-1.1944732666015625,1,204,ericsson,caterham,14,14,14
819,2014,2,252,-1.4573248624801636,-1.4323342442512512,2,203,chilton,marussia,15,15,15
821,2014,3,253,1.4128695726394653,1.4334346055984497,3,2,bottas,williams,1,1,1
7,2014,3,253,1.1297857761383057,1.1501587231953938,3,5,raikkonen,ferrari,2,2,2
12,2014,3,253,1.121911644935608,1.1250284314155579,2,2,massa,williams,3,3,4
807,2014,3,253,1.0835371017456055,1.104109764099121,3,9,hulkenberg,force_india,4,3,6
0,2014,3,253,1.0860319137573242,1.0892077684402466,2,129,hamilton,mercedes,5,4,6
2,2014,3,253,1.0655852556228638,1.0861690839131672,3,129,rosberg,mercedes,6,4,7
814,2014,3,253,1.021897792816162,1.0482165813446045,2,9,perez,force_india,7,6,8
19,2014,3,253,1.0247563123703003,1.027828335762024,2,8,vettel,red_bull,8,7,8
17,2014,3,253,0.9560410976409912,0.9766352772712708,3,0,button,mclaren,9,9,9
3,2014,3,253,0.7566514015197754,0.7772627870241801,3,5,alonso,ferrari,10,10,10
816,2014,3,253,0.7411396503448486,0.7411396503448486,1,8,ricciardo,red_bull,11,11,11
154,2014,3,253,0.5794355869293213,0.5818852186203003,2,204,kobayashi,caterham,12,12,12
825,2014,3,253,0.5417814254760742,0.5556716918945312,3,4,kvyat,toro_rosso,13,13,13
153,2014,3,253,0.21234093606472015,0.21542447805404663,2,205,grosjean,lotus_f1,14,14,14
812,2014,3,253,-1.214394211769104,-1.214394211769104,1,205,maldonado,lotus_f1,15,15,15
823,2014,3,253,-1.300610065460205,-1.300610065460205,1,203,jules_bianchi,marussia,16,16,16
819,2014,3,253,-1.463639259338379,-1.4427692492802937,3,203,chilton,marussia,17,17,17
821,2014,4,254,1.4744770526885986,1.443695217370987,4,2,bottas,williams,1,1,1
7,2014,4,254,1.1915513277053833,1.1605068743228912,4,5,raikkonen,ferrari,2,2,3
12,2014,4,254,1.1833384037017822,1.1444650888442993,3,2,massa,williams,3,2,4
807,2014,4,254,1.145138144493103,1.1143668591976166,4,9,hulkenberg,force_india,4,3,7
0,2014,4,254,1.1473567485809326,1.1085907618204753,3,129,hamilton,mercedes,5,3,7
2,2014,4,254,1.1271774768829346,1.0964211821556091,4,129,rosberg,mercedes,6,4,8
817,2014,4,254,1.0978261232376099,1.091774821281433,2,4,vergne,toro_rosso,7,5,7
814,2014,4,254,1.0830354690551758,1.0598228772481282,3,9,perez,force_india,8,7,9
19,2014,4,254,1.0862605571746826,1.047305742899577,3,8,vettel,red_bull,9,7,9
17,2014,4,254,1.017624855041504,0.986882671713829,4,0,button,mclaren,10,10,10
3,2014,4,254,0.818220853805542,0.7875023037195206,4,5,alonso,ferrari,11,11,12
816,2014,4,254,0.8021581768989563,0.7716489136219025,2,8,ricciardo,red_bull,12,11,12
154,2014,4,254,0.6420167088508606,0.6019290486971537,3,204,kobayashi,caterham,13,13,14
825,2014,4,254,0.6043893098831177,0.5678510963916779,4,4,kvyat,toro_rosso,14,13,14
824,2014,4,254,-0.6947076916694641,-0.6832122206687927,3,0,kevin_magnussen,mclaren,15,15,15
820,2014,4,254,-0.9030569195747375,-0.9087860286235809,2,14,gutierrez,sauber,16,16,16
812,2014,4,254,-1.1534547805786133,-1.1839244961738586,2,205,maldonado,lotus_f1,17,17,18
827,2014,4,254,-1.3033510446548462,-1.2489121556282043,2,204,ericsson,caterham,18,17,19
823,2014,4,254,-1.2401831150054932,-1.2703965902328491,2,203,jules_bianchi,marussia,19,18,19
819,2014,4,254,-1.402282476425171,-1.432647556066513,4,203,chilton,marussia,20,20,20
821,2014,5,255,1.5190792083740234,1.4587720155715942,5,2,bottas,williams,1,1,1
7,2014,5,255,1.2362902164459229,1.1756635427474975,5,5,raikkonen,ferrari,2,2,4
12,2014,5,255,1.2277841567993164,1.1652948558330536,4,2,massa,williams,3,2,5
807,2014,5,255,1.189734935760498,1.129440474510193,5,9,hulkenberg,force_india,4,3,6
0,2014,5,255,1.1917141675949097,1.1293716132640839,4,129,hamilton,mercedes,5,3,7
2,2014,5,255,1.1717662811279297,1.1114902019500732,5,129,rosberg,mercedes,6,4,7
814,2014,5,255,1.1272311210632324,1.0766749382019043,4,9,perez,force_india,7,6,8
19,2014,5,255,1.130773663520813,1.0681727230548859,4,8,vettel,red_bull,8,6,8
17,2014,5,255,1.0622062683105469,1.0019473910331727,5,0,button,mclaren,9,9,9
3,2014,5,255,0.862790048122406,0.8025598526000977,5,5,alonso,ferrari,10,10,11
816,2014,5,255,0.8462508916854858,0.7965162396430969,3,8,ricciardo,red_bull,11,10,11
825,2014,5,255,0.6498568058013916,0.5842522382736206,5,4,kvyat,toro_rosso,12,12,12
153,2014,5,255,0.31795740127563477,0.24960211912790933,3,205,grosjean,lotus_f1,13,13,13
824,2014,5,255,-0.6510165929794312,-0.6751633137464523,4,0,kevin_magnussen,mclaren,14,14,14
820,2014,5,255,-0.8595799207687378,-0.8923839926719666,3,14,gutierrez,sauber,15,15,15
812,2014,5,255,-1.1094303131103516,-1.1590931018193562,3,205,maldonado,lotus_f1,16,16,17
15,2014,5,255,-1.1416547298431396,-1.169584333896637,2,14,sutil,sauber,17,16,17
823,2014,5,255,-1.1966019868850708,-1.245798389116923,3,203,jules_bianchi,marussia,18,18,19
827,2014,5,255,-1.259007453918457,-1.2522772550582886,3,204,ericsson,caterham,19,18,19
819,2014,5,255,-1.357897162437439,-1.4176974773406983,5,203,chilton,marussia,20,20,20
7,2014,6,256,1.2105412483215332,1.1814764936765034,6,5,raikkonen,ferrari,1,1,3
12,2014,6,256,1.2017818689346313,1.1725922584533692,5,2,massa,williams,2,1,3
0,2014,6,256,1.165635347366333,1.1366243600845336,5,129,hamilton,mercedes,3,2,5
807,2014,6,256,1.163863182067871,1.1351775924364726,6,9,hulkenberg,force_india,4,2,5
2,2014,6,256,1.1458877325057983,1.1172231237093608,6,129,rosberg,mercedes,5,3,5
17,2014,6,256,1.0363214015960693,1.0076763927936554,6,0,button,mclaren,6,6,6
3,2014,6,256,0.8368944525718689,0.8082822859287262,6,5,alonso,ferrari,7,7,8
816,2014,6,256,0.8199430704116821,0.8023729473352432,4,8,ricciardo,red_bull,8,7,8
154,2014,6,256,0.6592013835906982,0.6162471324205399,4,204,kobayashi,caterham,9,9,9
153,2014,6,256,0.2920471429824829,0.26021337509155273,4,205,grosjean,lotus_f1,10,10,10
824,2014,6,256,-0.6776717901229858,-0.6756650090217591,5,0,kevin_magnussen,mclaren,11,11,11
823,2014,6,256,-1.2233524322509766,-1.2401868999004364,4,203,jules_bianchi,marussia,12,12,13
827,2014,6,256,-1.2850983142852783,-1.260482519865036,4,204,ericsson,caterham,13,12,13
819,2014,6,256,-1.3839519023895264,-1.4120732148488362,6,203,chilton,marussia,14,14,14
821,2014,7,257,1.3851490020751953,1.4465015133221943,6,2,bottas,williams,1,1,1
7,2014,7,257,1.103378176689148,1.1703195912497384,7,5,raikkonen,ferrari,2,2,4
12,2014,7,257,1.0943994522094727,1.1595601240793865,6,2,massa,williams,3,2,4
807,2014,7,257,1.056593656539917,1.1239513158798218,7,9,hulkenberg,force_india,4,3,5
2,2014,7,257,1.0386123657226562,1.1059930154255457,7,129,rosberg,mercedes,5,4,6
817,2014,7,257,1.005537748336792,1.063029130299886,3,4,vergne,toro_rosso,6,5,8
814,2014,7,257,0.9929492473602295,1.0599298000335693,5,9,perez,force_india,7,5,8
19,2014,7,257,0.9967659711837769,1.053891372680664,5,8,vettel,red_bull,8,6,8
17,2014,7,257,0.9290405511856079,0.9964427011353629,7,0,button,mclaren,9,8,9
3,2014,7,257,0.7296045422554016,0.7970426082611084,7,5,alonso,ferrari,10,10,11
816,2014,7,257,0.7122964859008789,0.7843576550483704,5,8,ricciardo,red_bull,11,10,11
824,2014,7,257,-0.785618782043457,-0.6939906378587087,6,0,kevin_magnussen,mclaren,12,12,12
820,2014,7,257,-0.994483470916748,-0.9179088622331619,4,14,gutierrez,sauber,13,13,13
15,2014,7,257,-1.276414155960083,-1.2051942745844524,3,14,sutil,sauber,14,14,14
821,2014,8,258,1.531449794769287,1.4586369821003504,7,2,bottas,williams,1,1,1
7,2014,8,258,1.2496592998504639,1.180237054824829,8,5,raikkonen,ferrari,2,2,4
12,2014,8,258,1.2404911518096924,1.17112169946943,7,2,massa,williams,3,2,5
0,2014,8,258,1.208552598953247,1.1486123998959858,6,129,hamilton,mercedes,4,2,6
807,2014,8,258,1.2027829885482788,1.133805274963379,8,9,hulkenberg,force_india,5,3,6
2,2014,8,258,1.1847965717315674,1.1158434599637985,8,129,rosberg,mercedes,6,4,7
814,2014,8,258,1.1389458179473877,1.073099136352539,6,9,perez,force_india,7,6,7
17,2014,8,258,1.075219988822937,1.0062898620963097,8,0,button,mclaren,8,8,8
3,2014,8,258,0.8757760524749756,0.8068842887878418,8,5,alonso,ferrari,9,9,10
816,2014,8,258,0.8581596612930298,0.7966579894224802,6,8,ricciardo,red_bull,10,9,10
154,2014,8,258,0.7033531069755554,0.633668327331543,5,204,kobayashi,caterham,11,11,11
153,2014,8,258,0.33511000871658325,0.27519270181655886,5,205,grosjean,lotus_f1,12,12,12
824,2014,8,258,-0.6400156021118164,-0.6862799184662955,7,0,kevin_magnussen,mclaren,13,13,13
820,2014,8,258,-0.8490248918533325,-0.904132068157196,5,14,gutierrez,sauber,14,14,14
812,2014,8,258,-1.0934948921203613,-1.1426935493946075,4,205,maldonado,lotus_f1,15,15,16
15,2014,8,258,-1.130831003189087,-1.186603456735611,4,14,sutil,sauber,16,15,17
823,2014,8,258,-1.181016206741333,-1.2283527612686158,5,203,jules_bianchi,marussia,17,16,18
827,2014,8,258,-1.2421915531158447,-1.2568243265151977,5,204,ericsson,caterham,18,17,18
819,2014,8,258,-1.3410139083862305,-1.4019218853541784,7,203,chilton,marussia,19,19,19
821,2014,9,259,1.4963349103927612,1.4633492231369019,8,2,bottas,williams,1,1,1
0,2014,9,259,1.1726230382919312,1.1520424910954066,7,129,hamilton,mercedes,2,2,3
807,2014,9,259,1.167572021484375,1.137557135687934,9,9,hulkenberg,force_india,3,2,3
814,2014,9,259,1.1035679578781128,1.0774518251419067,7,9,perez,force_india,4,4,6
817,2014,9,259,1.1133052110671997,1.0755981504917145,4,4,vergne,toro_rosso,5,4,6
19,2014,9,259,1.1046347618103027,1.0623486042022705,6,8,vettel,red_bull,6,4,6
17,2014,9,259,1.040000557899475,1.0100354949633281,9,0,button,mclaren,7,6,7
3,2014,9,259,0.8405497074127197,0.8106248908572726,9,5,alonso,ferrari,8,8,9
816,2014,9,259,0.8226664066314697,0.8003734775951931,7,8,ricciardo,red_bull,9,8,9
154,2014,9,259,0.6684912443161011,0.6394721468289694,6,204,kobayashi,caterham,10,10,10
825,2014,9,259,0.6286756992340088,0.5916561484336853,6,4,kvyat,toro_rosso,11,11,11
153,2014,9,259,0.2993065118789673,0.2792116701602936,6,205,grosjean,lotus_f1,12,12,12
824,2014,9,259,-0.6757335662841797,-0.684961624443531,8,0,kevin_magnussen,mclaren,13,13,13
812,2014,9,259,-1.129590630531311,-1.1400729656219482,5,205,maldonado,lotus_f1,14,14,15
15,2014,9,259,-1.1665661334991455,-1.1825959920883178,5,14,sutil,sauber,15,14,16
823,2014,9,259,-1.217448353767395,-1.2265353600184123,6,203,jules_bianchi,marussia,16,15,16
819,2014,9,259,-1.3769255876541138,-1.3987973481416702,8,203,chilton,marussia,17,17,17
821,2014,10,260,1.4954848289489746,1.46691984600491,9,2,bottas,williams,1,1,1
7,2014,10,260,1.2125930786132812,1.1838321685791016,9,5,raikkonen,ferrari,2,2,3
0,2014,10,260,1.1710681915283203,1.1544207036495209,8,129,hamilton,mercedes,3,2,4
807,2014,10,260,1.1666388511657715,1.1404653072357178,10,9,hulkenberg,force_india,4,3,5
2,2014,10,260,1.147646188735962,1.1193770964940388,9,129,rosberg,mercedes,5,4,6
817,2014,10,260,1.112748622894287,1.083028244972229,5,4,vergne,toro_rosso,6,5,8
814,2014,10,260,1.1024904251098633,1.0805816501379013,8,9,perez,force_india,7,6,8
19,2014,10,260,1.10416579246521,1.0683224882398332,7,8,vettel,red_bull,8,6,8
17,2014,10,260,1.0390598773956299,1.0129379332065582,10,0,button,mclaren,9,9,9
3,2014,10,260,0.839603066444397,0.8135227084159851,10,5,alonso,ferrari,10,10,11
816,2014,10,260,0.8214890956878662,0.8030129298567772,8,8,ricciardo,red_bull,11,10,11
154,2014,10,260,0.6678601503372192,0.6435275759015765,7,204,kobayashi,caterham,12,12,12
824,2014,10,260,-0.6771054267883301,-0.6840887135929532,9,0,kevin_magnussen,mclaren,13,13,13
820,2014,10,260,-0.8868029117584229,-0.9012438754240671,6,14,gutierrez,sauber,14,14,14
812,2014,10,260,-1.1312892436981201,-1.1386090119679768,6,205,maldonado,lotus_f1,15,15,15
823,2014,10,260,-1.219437837600708,-1.2255214282444544,7,203,jules_bianchi,marussia,16,16,17
827,2014,10,260,-1.2800652980804443,-1.2606978217760723,6,204,ericsson,caterham,17,16,17
819,2014,10,260,-1.378464937210083,-1.3965381913714938,9,203,chilton,marussia,18,18,18
821,2014,11,261,1.48378586769104,1.468606448173523,10,2,bottas,williams,1,1,1
7,2014,11,261,1.2010259628295898,1.1855515480041503,10,5,raikkonen,ferrari,2,2,4
12,2014,11,261,1.1907100677490234,1.1735702455043793,8,2,massa,williams,3,2,4
0,2014,11,261,1.158759593963623,1.15490280257331,9,129,hamilton,mercedes,4,3,5
2,2014,11,261,1.1360067129135132,1.1210400581359863,10,129,rosberg,mercedes,5,4,6
817,2014,11,261,1.101303219795227,1.0860740741093953,6,4,vergne,toro_rosso,6,5,7
19,2014,11,261,1.0927963256835938,1.0713817179203033,8,8,vettel,red_bull,7,6,7
17,2014,11,261,1.027282476425171,1.0142419825900684,11,0,button,mclaren,8,8,8
3,2014,11,261,0.8278205394744873,0.8148225112394853,11,5,alonso,ferrari,9,9,10
816,2014,11,261,0.8095069527626038,0.8037344879574246,9,8,ricciardo,red_bull,10,9,10
825,2014,11,261,0.6158125400543213,0.5951070615223476,7,4,kvyat,toro_rosso,11,11,11
824,2014,11,261,-0.6892558336257935,-0.6846054255962372,10,0,kevin_magnussen,mclaren,12,12,12
812,2014,11,261,-1.1437225341796875,-1.1393395151410783,7,205,maldonado,lotus_f1,13,13,13
15,2014,11,261,-1.1805033683776855,-1.1822472214698792,6,14,sutil,sauber,14,14,15
823,2014,11,261,-1.2321226596832275,-1.2263465821743011,8,203,jules_bianchi,marussia,15,14,15
819,2014,11,261,-1.3907601833343506,-1.3959603905677795,10,203,chilton,marussia,16,16,16
821,2014,12,262,1.4971182346343994,1.4711984287608753,11,2,bottas,williams,1,1,1
7,2014,12,262,1.214472770690918,1.1881807500665837,11,5,raikkonen,ferrari,2,2,3
12,2014,12,262,1.2041475772857666,1.1769677268134222,9,2,massa,williams,3,2,4
807,2014,12,262,1.1680283546447754,1.1429710388183594,11,9,hulkenberg,force_india,4,3,5
2,2014,12,262,1.149390459060669,1.1236173673109575,11,129,rosberg,mercedes,5,4,6
817,2014,12,262,1.114855170249939,1.0901856592723302,7,4,vergne,toro_rosso,6,5,8
814,2014,12,262,1.1037553548812866,1.0831565062204997,9,9,perez,force_india,7,6,8
19,2014,12,262,1.106413722038269,1.0752741628222995,9,8,vettel,red_bull,8,6,8
17,2014,12,262,1.040547251701355,1.0164340883493423,12,0,button,mclaren,9,9,9
3,2014,12,262,0.8410806655883789,0.8170106907685598,12,5,alonso,ferrari,10,10,11
816,2014,12,262,0.8225945234298706,0.8056204915046692,10,8,ricciardo,red_bull,11,10,11
825,2014,12,262,0.6297248601913452,0.5994342863559723,8,4,kvyat,toro_rosso,12,12,12
824,2014,12,262,-0.6763137578964233,-0.6838516376235269,11,0,kevin_magnussen,mclaren,13,13,13
820,2014,12,262,-0.8858246803283691,-0.8990411332675389,7,14,gutierrez,sauber,14,14,14
15,2014,12,262,-1.16752028465271,-1.1801433733531408,7,14,sutil,sauber,15,15,15
823,2014,12,262,-1.2196427583694458,-1.2256017128626506,9,203,jules_bianchi,marussia,16,16,16
827,2014,12,262,-1.2791697978973389,-1.2633366755076818,7,204,ericsson,caterham,17,17,17
819,2014,12,262,-1.377943515777588,-1.3943224928595803,11,203,chilton,marussia,18,18,18
821,2014,13,263,1.4835708141326904,1.4722294608751934,12,2,bottas,williams,1,1,1
7,2014,13,263,1.201024055480957,1.1892510255177815,12,5,raikkonen,ferrari,2,2,4
12,2014,13,263,1.1906909942626953,1.1783400535583497,10,2,massa,williams,3,2,5
0,2014,13,263,1.1572762727737427,1.1551401495933533,10,129,hamilton,mercedes,4,3,6
807,2014,13,263,1.1544418334960938,1.1439269383748372,12,9,hulkenberg,force_india,5,3,6
2,2014,13,263,1.1358873844146729,1.124639868736267,12,129,rosberg,mercedes,6,5,6
817,2014,13,263,1.1014975309371948,1.0915996432304382,8,4,vergne,toro_rosso,7,7,9
814,2014,13,263,1.0900607109069824,1.083846926689148,10,9,perez,force_india,8,7,9
19,2014,13,263,1.093112826347351,1.0770580291748046,10,8,vettel,red_bull,9,7,9
17,2014,13,263,1.0269410610198975,1.017242317016308,13,0,button,mclaren,10,10,10
816,2014,13,263,0.8088351488113403,0.8059127330780029,11,8,ricciardo,red_bull,11,11,11
154,2014,13,263,0.6552227139472961,0.6449894681572914,8,204,kobayashi,caterham,12,12,12
825,2014,13,263,0.6166788339614868,0.6013503472010294,9,4,kvyat,toro_rosso,13,13,13
153,2014,13,263,0.2841825485229492,0.27992179564067293,7,205,grosjean,lotus_f1,14,14,14
824,2014,13,263,-0.6901990175247192,-0.6843805859486262,12,0,kevin_magnussen,mclaren,15,15,15
820,2014,13,263,-0.8997672200202942,-0.8991318941116333,8,14,gutierrez,sauber,16,16,16
812,2014,13,263,-1.1453132629394531,-1.1400862336158752,8,205,maldonado,lotus_f1,17,17,17
15,2014,13,263,-1.1813700199127197,-1.180296704173088,8,14,sutil,sauber,18,18,18
823,2014,13,263,-1.2339277267456055,-1.226434314250946,10,203,jules_bianchi,marussia,19,19,19
827,2014,13,263,-1.2931840419769287,-1.2670675963163376,8,204,ericsson,caterham,20,20,20
821,2014,14,264,1.4868987798690796,1.4733578700285692,13,2,bottas,williams,1,1,1
7,2014,14,264,1.2044376134872437,1.1904192245923555,13,5,raikkonen,ferrari,2,2,3
12,2014,14,264,1.1940977573394775,1.1797725720839067,11,2,massa,williams,3,2,4
0,2014,14,264,1.1602482795715332,1.155604525045915,11,129,hamilton,mercedes,4,3,5
807,2014,14,264,1.1577361822128296,1.1449891879008367,13,9,hulkenberg,force_india,5,4,5
817,2014,14,264,1.104990005493164,1.09308746125963,9,4,vergne,toro_rosso,6,6,8
814,2014,14,264,1.09326171875,1.084702816876498,11,9,perez,force_india,7,6,8
19,2014,14,264,1.0966542959213257,1.0788395079699429,11,8,vettel,red_bull,8,6,8
3,2014,14,264,0.8308011293411255,0.8180714937356802,13,5,alonso,ferrari,9,9,10
816,2014,14,264,0.811980128288269,0.8064183493455251,12,8,ricciardo,red_bull,10,9,10
825,2014,14,264,0.6204408407211304,0.6032593965530395,10,4,kvyat,toro_rosso,11,11,11
153,2014,14,264,0.28723353147506714,0.28083576261997223,8,205,grosjean,lotus_f1,12,12,12
824,2014,14,264,-0.6871629357337952,-0.6845946128551776,13,0,kevin_magnussen,mclaren,13,13,13
812,2014,14,264,-1.1424343585968018,-1.1403471363915338,9,205,maldonado,lotus_f1,14,14,14
823,2014,14,264,-1.2312376499176025,-1.226870981129733,11,203,jules_bianchi,marussia,15,15,15
827,2014,14,264,-1.2902593612670898,-1.2696444590886433,9,204,ericsson,caterham,16,16,16
819,2014,14,264,-1.3886067867279053,-1.393846184015274,12,203,chilton,marussia,17,17,17
821,2014,15,265,1.5118346214294434,1.4761062094143458,14,2,bottas,williams,1,1,1
7,2014,15,265,1.2294472455978394,1.1932069403784615,14,5,raikkonen,ferrari,2,2,3
12,2014,15,265,1.2191014289855957,1.1830499768257141,12,2,massa,williams,3,2,4
0,2014,15,265,1.184875726699829,1.1580437918504078,12,129,hamilton,mercedes,4,3,5
807,2014,15,265,1.1826426982879639,1.14767872435706,14,9,hulkenberg,force_india,5,4,6
2,2014,15,265,1.1640417575836182,1.1276707832629864,13,129,rosberg,mercedes,6,5,6
817,2014,15,265,1.1300677061080933,1.0967854857444763,10,4,vergne,toro_rosso,7,7,9
814,2014,15,265,1.1180872917175293,1.087484856446584,12,9,perez,force_india,8,7,9
19,2014,15,265,1.121774435043335,1.0824174185593922,12,8,vettel,red_bull,9,7,9
17,2014,15,265,1.0550061464309692,1.0199397334030695,14,0,button,mclaren,10,10,10
816,2014,15,265,0.836757242679596,0.8087521103712229,13,8,ricciardo,red_bull,11,11,11
154,2014,15,265,0.6836256384849548,0.6492823759714762,9,204,kobayashi,caterham,12,12,12
825,2014,15,265,0.6457517743110657,0.6071223399855874,11,4,kvyat,toro_rosso,13,13,13
153,2014,15,265,0.3119294047355652,0.284290611743927,9,205,grosjean,lotus_f1,14,14,14
824,2014,15,265,-0.6624799966812134,-0.6830149974141803,14,0,kevin_magnussen,mclaren,15,15,15
820,2014,15,265,-0.8719930648803711,-0.8961164686414931,9,14,gutierrez,sauber,16,16,16
812,2014,15,265,-1.1178873777389526,-1.1381011605262756,10,205,maldonado,lotus_f1,17,17,17
15,2014,15,265,-1.153515338897705,-1.1773209969202678,9,14,sutil,sauber,18,18,18
823,2014,15,265,-1.2068537473678589,-1.2252028783162434,12,203,jules_bianchi,marussia,19,19,19
827,2014,15,265,-1.2656728029251099,-1.26924729347229,10,204,ericsson,caterham,20,20,20
819,2014,15,265,-1.3640573024749756,-1.3915547315890973,13,203,chilton,marussia,21,21,21
821,2014,16,266,1.4533038139343262,1.474586049715678,15,2,bottas,williams,1,1,1
7,2014,16,266,1.170980453491211,1.1917251745859783,15,5,raikkonen,ferrari,2,2,3
12,2014,16,266,1.1606295108795166,1.1813253255990834,13,2,massa,williams,3,2,4
0,2014,16,266,1.126078486442566,1.155584922203651,13,129,hamilton,mercedes,4,3,5
807,2014,16,266,1.1240864992141724,1.146105909347534,15,9,hulkenberg,force_india,5,4,5
2,2014,16,266,1.1055642366409302,1.1260917442185538,14,129,rosberg,mercedes,6,5,6
817,2014,16,266,1.071659803390503,1.094501332803206,11,4,vergne,toro_rosso,7,7,9
814,2014,16,266,1.0594613552093506,1.0853292025052583,13,9,perez,force_india,8,7,9
19,2014,16,266,1.0634032487869263,1.0809547901153564,13,8,vettel,red_bull,9,7,9
17,2014,16,266,0.9964514970779419,1.0183738509813944,15,0,button,mclaren,10,10,10
3,2014,16,266,0.7959082126617432,0.816488402230399,14,5,alonso,ferrari,11,11,12
816,2014,16,266,0.7780893445014954,0.8065619128090995,14,8,ricciardo,red_bull,12,11,12
825,2014,16,266,0.58754563331604,0.6054909477631251,12,4,kvyat,toro_rosso,13,13,13
153,2014,16,266,0.2531912326812744,0.28118067383766177,10,205,grosjean,lotus_f1,14,14,14
824,2014,16,266,-0.7212293148040771,-0.6855626185735066,15,0,kevin_magnussen,mclaren,15,15,15
820,2014,16,266,-0.9307994842529297,-0.8995847702026367,10,14,gutierrez,sauber,16,16,16
812,2014,16,266,-1.1767542362213135,-1.1416150764985518,11,205,maldonado,lotus_f1,17,17,17
15,2014,16,266,-1.2122522592544556,-1.1808141231536866,10,14,sutil,sauber,18,18,18
827,2014,16,266,-1.3245055675506592,-1.27427077293396,11,204,ericsson,caterham,19,19,19
821,2014,17,267,1.4051803350448608,1.4702481925487518,16,2,bottas,williams,1,1,1
7,2014,17,267,1.1229124069213867,1.1874243766069412,16,5,raikkonen,ferrari,2,2,3
12,2014,17,267,1.112557053565979,1.1764133061681474,14,2,massa,williams,3,2,4
0,2014,17,267,1.0777246952056885,1.1500234774180822,14,129,hamilton,mercedes,4,3,5
2,2014,17,267,1.0574870109558105,1.1215180953343709,15,129,rosberg,mercedes,5,4,5
817,2014,17,267,1.023642659187317,1.0885964433352153,12,4,vergne,toro_rosso,6,6,7
19,2014,17,267,1.0154179334640503,1.0762735860688346,14,8,vettel,red_bull,7,6,7
17,2014,17,267,0.948307454586029,1.0139947012066841,16,0,button,mclaren,8,8,8
3,2014,17,267,0.7479057312011719,0.8119162241617839,15,5,alonso,ferrari,9,9,10
816,2014,17,267,0.7298473119735718,0.8014476060867309,15,8,ricciardo,red_bull,10,9,10
825,2014,17,267,0.5397030115127563,0.6004303372823275,13,4,kvyat,toro_rosso,11,11,11
153,2014,17,267,0.20488838851451874,0.27424501153555786,11,205,grosjean,lotus_f1,12,12,12
824,2014,17,267,-0.7695417404174805,-0.690811313688755,16,0,kevin_magnussen,mclaren,13,13,13
820,2014,17,267,-0.9791611433029175,-0.9068189859390259,11,14,gutierrez,sauber,14,14,14
812,2014,17,267,-1.2251684665679932,-1.1485778590043385,12,205,maldonado,lotus_f1,15,15,15
821,2014,18,268,1.4217026233673096,1.4673925708321964,17,2,bottas,williams,1,1,1
7,2014,18,268,1.1394823789596558,1.1846042590982773,17,5,raikkonen,ferrari,2,2,3
12,2014,18,268,1.129123330116272,1.1732606410980224,15,2,massa,williams,3,2,4
0,2014,18,268,1.0940475463867188,1.1462917486826578,15,129,hamilton,mercedes,4,3,6
807,2014,18,268,1.0959528684616089,1.1429713442921638,16,9,hulkenberg,force_india,5,3,6
2,2014,18,268,1.0740489959716797,1.1185512766242027,16,129,rosberg,mercedes,6,5,6
817,2014,18,268,1.0402569770812988,1.0848780228541448,13,4,vergne,toro_rosso,7,7,9
814,2014,18,268,1.0312670469284058,1.0814676199640547,14,9,perez,force_india,8,7,9
19,2014,18,268,1.0320595502853394,1.0733259836832683,15,8,vettel,red_bull,9,7,9
17,2014,18,268,0.9648117423057556,1.0111015859772177,17,0,button,mclaren,10,10,10
3,2014,18,268,0.7645324468612671,0.8089547380805016,16,5,alonso,ferrari,11,11,11
825,2014,18,268,0.55646812915802,0.5972901795591626,14,4,kvyat,toro_rosso,12,12,12
153,2014,18,268,0.22125545144081116,0.2698292148609956,12,205,grosjean,lotus_f1,13,13,13
824,2014,18,268,-0.753183126449585,-0.6944802438511568,17,0,kevin_magnussen,mclaren,14,14,14
820,2014,18,268,-0.9628452062606812,-0.9114878376324972,12,14,gutierrez,sauber,15,15,15
812,2014,18,268,-1.2088977098464966,-1.1532178475306585,13,205,maldonado,lotus_f1,16,16,17
15,2014,18,268,-1.2405424118041992,-1.1862439675764604,11,14,sutil,sauber,17,16,17
821,2014,19,269,1.4120075702667236,1.4643156263563368,18,2,bottas,williams,1,1,1
7,2014,19,269,1.129828691482544,1.1815611720085144,18,5,raikkonen,ferrari,2,2,3
12,2014,19,269,1.1194663047790527,1.1698984950780869,16,2,massa,williams,3,2,4
0,2014,19,269,1.0841798782348633,1.1424097567796707,16,129,hamilton,mercedes,4,3,5
807,2014,19,269,1.0857675075531006,1.1396064127192778,17,9,hulkenberg,force_india,5,4,6
2,2014,19,269,1.064388394355774,1.11536522472606,17,129,rosberg,mercedes,6,5,6
817,2014,19,269,1.0306413173675537,1.0810039724622453,14,4,vergne,toro_rosso,7,7,9
814,2014,19,269,1.0210297107696533,1.0774384260177612,15,9,perez,force_india,8,7,9
19,2014,19,269,1.022467851638794,1.0701473504304886,16,8,vettel,red_bull,9,7,9
17,2014,19,269,0.9551010727882385,1.0079904463556077,18,0,button,mclaren,10,10,10
3,2014,19,269,0.7549278140068054,0.8057766837232253,17,5,alonso,ferrari,11,11,12
816,2014,19,269,0.7386895418167114,0.7975252270698547,16,8,ricciardo,red_bull,12,11,12
153,2014,19,269,0.21142607927322388,0.26533666596962857,13,205,grosjean,lotus_f1,13,13,13
824,2014,19,269,-0.7630196809768677,-0.6982879903581407,18,0,kevin_magnussen,mclaren,14,14,14
820,2014,19,269,-0.9727185964584351,-0.9161978960037231,13,14,gutierrez,sauber,15,15,15
828,2014,19,269,-0.9861465692520142,-0.9861465692520142,1,204,stevens,caterham,16,16,16
15,2014,19,269,-1.2508628368377686,-1.191628873348236,12,14,sutil,sauber,17,17,17
831,2015,1,270,1.0871007442474365,1.0871007442474365,1,4,sainz,toro_rosso,1,1,1
12,2015,1,270,1.0738240480422974,1.0738240480422974,1,2,massa,williams,2,2,2
807,2015,1,270,1.0396685600280762,1.0396685600280762,1,9,hulkenberg,force_india,3,3,3
0,2015,1,270,1.0383554697036743,1.0383554697036743,1,129,hamilton,mercedes,4,4,4
2,2015,1,270,1.0187430381774902,1.0187430381774902,1,129,rosberg,mercedes,5,5,5
19,2015,1,270,0.9768819212913513,0.9768819212913513,1,5,vettel,ferrari,6,6,6
814,2015,1,270,0.9748853445053101,0.9748853445053101,1,9,perez,force_india,7,7,7
17,2015,1,270,0.9094126224517822,0.9094126224517822,1,0,button,mclaren,8,8,8
816,2015,1,270,0.6926397085189819,0.6926397085189819,1,8,ricciardo,red_bull,9,9,9
830,2015,1,270,-0.8488001227378845,-0.8488001227378845,1,14,nasr,sauber,10,10,10
827,2015,1,270,-1.4039584398269653,-1.4039584398269653,1,14,ericsson,sauber,11,11,11
821,2015,2,271,1.3422706127166748,1.3422706127166748,1,2,bottas,williams,1,1,1
831,2015,2,271,1.1121240854263306,1.0996124148368835,2,4,sainz,toro_rosso,2,2,2
7,2015,2,271,1.06012761592865,1.06012761592865,1,5,raikkonen,ferrari,3,3,4
12,2015,2,271,1.0459537506103516,1.0598888993263245,2,2,massa,williams,4,3,5
829,2015,2,271,1.05568265914917,1.05568265914917,1,4,max_verstappen,toro_rosso,5,4,5
807,2015,2,271,1.011403203010559,1.0255358815193176,2,9,hulkenberg,force_india,6,6,8
0,2015,2,271,1.0103275775909424,1.0243415236473083,2,129,hamilton,mercedes,7,6,8
2,2015,2,271,0.9908698797225952,1.0048064589500427,2,129,rosberg,mercedes,8,6,8
19,2015,2,271,0.949060320854187,0.9629711210727692,2,5,vettel,ferrari,9,9,10
814,2015,2,271,0.9465808868408203,0.9607331156730652,2,9,perez,force_india,10,9,10
816,2015,2,271,0.6644169092178345,0.6785283088684082,2,8,ricciardo,red_bull,11,11,11
825,2015,2,271,0.47941896319389343,0.47941896319389343,1,8,kvyat,red_bull,12,12,12
153,2015,2,271,0.1415730118751526,0.1415730118751526,1,205,grosjean,lotus_f1,13,13,13
830,2015,2,271,-1.017366886138916,-0.9330835044384003,2,14,nasr,sauber,14,14,14
832,2015,2,271,-1.1268354654312134,-1.1268354654312134,1,206,merhi,manor,15,15,15
821,2015,3,272,1.4163830280303955,1.3793268203735352,2,2,bottas,williams,1,1,1
831,2015,3,272,1.1908096075057983,1.1300114790598552,3,4,sainz,toro_rosso,2,2,5
829,2015,3,272,1.175845742225647,1.1157642006874084,2,4,max_verstappen,toro_rosso,3,2,6
7,2015,3,272,1.1342707872390747,1.0971992015838623,2,5,raikkonen,ferrari,4,2,6
12,2015,3,272,1.1206086874008179,1.080128828684489,3,2,massa,williams,5,3,6
0,2015,3,272,1.0848462581634521,1.044509768486023,3,129,hamilton,mercedes,6,4,7
2,2015,3,272,1.06552255153656,1.0250451564788818,3,129,rosberg,mercedes,7,5,8
19,2015,3,272,1.0237574577331543,0.9832332332928976,3,5,vettel,ferrari,8,7,9
814,2015,3,272,1.020860195159912,0.9807754755020142,3,9,perez,force_india,9,7,10
17,2015,3,272,0.9605343341827393,0.9349734783172607,2,0,button,mclaren,10,9,10
3,2015,3,272,0.7643011212348938,0.7643011212348938,1,0,alonso,mclaren,11,11,11
816,2015,3,272,0.7387668490409851,0.6986078222592672,3,8,ricciardo,red_bull,12,12,12
153,2015,3,272,0.21558482944965363,0.1785789206624031,2,205,grosjean,lotus_f1,13,13,13
830,2015,3,272,-0.9415852427482605,-0.9359174172083536,3,14,nasr,sauber,14,14,14
828,2015,3,272,-1.1242179870605469,-1.1242179870605469,1,206,stevens,manor,15,15,15
832,2015,3,272,-1.2249243259429932,-1.1758798956871033,2,206,merhi,manor,16,16,16
827,2015,3,272,-1.3541014194488525,-1.379029929637909,2,14,ericsson,sauber,17,17,17
821,2015,4,273,1.4726039171218872,1.410419185956319,3,2,bottas,williams,1,1,1
7,2015,4,273,1.1905186176300049,1.1283056735992432,3,5,raikkonen,ferrari,2,2,5
12,2015,4,273,1.17729914188385,1.1044214069843292,4,2,massa,williams,3,2,5
0,2015,4,273,1.1414189338684082,1.0687370598316193,4,129,hamilton,mercedes,4,3,7
807,2015,4,273,1.1426365375518799,1.0645694335301716,3,9,hulkenberg,force_india,5,2,7
2,2015,4,273,1.12221097946167,1.0493366122245789,4,129,rosberg,mercedes,6,3,8
19,2015,4,273,1.080484390258789,1.0075460225343704,4,5,vettel,ferrari,7,5,8
814,2015,4,273,1.077225685119629,1.0048880279064178,4,9,perez,force_india,8,5,8
3,2015,4,273,0.8199257254600525,0.7921134233474731,2,0,alonso,mclaren,9,9,9
816,2015,4,273,0.795193612575531,0.7227542698383331,4,8,ricciardo,red_bull,10,10,10
825,2015,4,273,0.610339879989624,0.5448794215917587,2,8,kvyat,red_bull,11,11,11
153,2015,4,273,0.27171897888183594,0.2096256067355474,3,205,grosjean,lotus_f1,12,12,12
830,2015,4,273,-0.8839200139045715,-0.9229180663824081,4,14,nasr,sauber,13,13,13
828,2015,4,273,-1.0690245628356934,-1.0966212749481201,2,206,stevens,manor,14,14,14
812,2015,4,273,-1.1504220962524414,-1.1504220962524414,1,205,maldonado,lotus_f1,15,15,16
832,2015,4,273,-1.1671044826507568,-1.172954758008321,3,206,merhi,manor,16,15,16
827,2015,4,273,-1.2991304397583008,-1.3523967663447063,3,14,ericsson,sauber,17,17,17
821,2015,5,274,1.4098520278930664,1.410277396440506,4,2,bottas,williams,1,1,1
831,2015,5,274,1.1862781047821045,1.1440781354904175,4,4,sainz,toro_rosso,2,2,5
829,2015,5,274,1.1722309589385986,1.1345864534378052,3,4,max_verstappen,toro_rosso,3,2,7
7,2015,5,274,1.1277899742126465,1.128176748752594,4,5,raikkonen,ferrari,4,2,6
12,2015,5,274,1.1149532794952393,1.1065277814865113,5,2,massa,williams,5,3,7
0,2015,5,274,1.078971028327942,1.0707838535308838,5,129,hamilton,mercedes,6,4,8
807,2015,5,274,1.0799641609191895,1.0684181153774261,4,9,hulkenberg,force_india,7,4,9
2,2015,5,274,1.0598634481430054,1.0514419794082641,5,129,rosberg,mercedes,8,5,9
19,2015,5,274,1.0181701183319092,1.0096708416938782,5,5,vettel,ferrari,9,7,10
814,2015,5,274,1.0145988464355469,1.0068301916122437,5,9,perez,force_india,10,8,10
17,2015,5,274,0.9518908262252808,0.9406125942866007,3,0,button,mclaren,11,11,11
816,2015,5,274,0.7326196432113647,0.7247273445129394,5,8,ricciardo,red_bull,12,12,12
825,2015,5,274,0.547397255897522,0.5457186996936798,3,8,kvyat,red_bull,13,13,13
153,2015,5,274,0.20889201760292053,0.20944220945239067,4,205,grosjean,lotus_f1,14,14,14
830,2015,5,274,-0.9454226493835449,-0.9274189829826355,5,14,nasr,sauber,15,15,15
828,2015,5,274,-1.1326655149459839,-1.1086360216140747,3,206,stevens,manor,16,16,16
832,2015,5,274,-1.2284733057022095,-1.1868343949317932,4,206,merhi,manor,17,17,17
827,2015,5,274,-1.3629635572433472,-1.3550384640693665,4,14,ericsson,sauber,18,18,18
821,2015,6,275,1.422068476676941,1.412635612487793,5,2,bottas,williams,1,1,1
831,2015,6,275,1.2021805047988892,1.1556986093521118,5,4,sainz,toro_rosso,2,2,4
7,2015,6,275,1.140026330947876,1.1305466651916505,5,5,raikkonen,ferrari,3,2,4
12,2015,6,275,1.1275207996368408,1.1100266178448994,6,2,massa,williams,4,2,5
0,2015,6,275,1.0914504528045654,1.074228286743164,6,129,hamilton,mercedes,5,4,7
807,2015,6,275,1.0922490358352661,1.0731842994689942,5,9,hulkenberg,force_india,6,4,7
2,2015,6,275,1.0724295377731323,1.054939905802409,6,129,rosberg,mercedes,7,5,8
19,2015,6,275,1.0307650566101074,1.0131865441799164,6,5,vettel,ferrari,8,7,9
814,2015,6,275,1.0269232988357544,1.010179042816162,6,9,perez,force_india,9,7,9
17,2015,6,275,0.9642361402511597,0.9465184807777405,4,0,button,mclaren,10,10,10
816,2015,6,275,0.7449896931648254,0.7281044026215872,6,8,ricciardo,red_bull,11,11,11
825,2015,6,275,0.5594483613967896,0.5491511151194572,4,8,kvyat,red_bull,12,12,12
153,2015,6,275,0.22104328870773315,0.21176242530345918,5,205,grosjean,lotus_f1,13,13,13
830,2015,6,275,-0.9321258664131165,-0.9282034635543823,6,14,nasr,sauber,14,14,14
828,2015,6,275,-1.121218204498291,-1.1117815673351288,4,206,stevens,manor,15,15,15
832,2015,6,275,-1.2150607109069824,-1.192479658126831,5,206,merhi,manor,16,16,16
827,2015,6,275,-1.3516825437545776,-1.3543672800064086,5,14,ericsson,sauber,17,17,17
821,2015,7,276,1.4169921875,1.4133617083231609,6,2,bottas,williams,1,1,1
831,2015,7,276,1.2002925872802734,1.1631309390068054,6,4,sainz,toro_rosso,2,2,4
829,2015,7,276,1.1843000650405884,1.147014856338501,4,4,max_verstappen,toro_rosso,3,2,5
7,2015,7,276,1.13496732711792,1.131283442179362,6,5,raikkonen,ferrari,4,2,5
12,2015,7,276,1.1227483749389648,1.1118440117154802,7,2,massa,williams,5,3,6
0,2015,7,276,1.0866014957427979,1.075995888028826,7,129,hamilton,mercedes,6,6,8
807,2015,7,276,1.087232232093811,1.0755256215731304,6,9,hulkenberg,force_india,7,5,8
2,2015,7,276,1.0676555633544922,1.0567564283098494,7,129,rosberg,mercedes,8,6,9
19,2015,7,276,1.026016116142273,1.0150193401745387,7,5,vettel,ferrari,9,8,10
814,2015,7,276,1.0219404697418213,1.0118592466626848,7,9,perez,force_india,10,9,10
816,2015,7,276,0.7400464415550232,0.7298104081835065,7,8,ricciardo,red_bull,11,11,11
825,2015,7,276,0.554229199886322,0.5501667320728302,5,8,kvyat,red_bull,12,12,12
153,2015,7,276,0.21591076254844666,0.2124538148442904,6,205,grosjean,lotus_f1,13,13,13
830,2015,7,276,-0.9362675547599792,-0.9293554765837533,7,14,nasr,sauber,14,14,14
828,2015,7,276,-1.1269598007202148,-1.114817214012146,5,206,stevens,manor,15,15,15
812,2015,7,276,-1.2056044340133667,-1.178013265132904,2,205,maldonado,lotus_f1,16,16,16
827,2015,7,276,-1.3575680255889893,-1.3549007376035054,6,14,ericsson,sauber,17,17,17
821,2015,8,277,1.4448356628417969,1.4178579875401087,7,2,bottas,williams,1,1,1
829,2015,8,277,1.2159572839736938,1.1608033418655395,5,4,max_verstappen,toro_rosso,2,2,3
12,2015,8,277,1.1508547067642212,1.1167203485965729,8,2,massa,williams,3,2,4
807,2015,8,277,1.1151270866394043,1.0811829737254552,7,9,hulkenberg,force_india,4,3,6
0,2015,8,277,1.1146420240402222,1.0808266550302505,8,129,hamilton,mercedes,5,3,6
2,2015,8,277,1.0957608222961426,1.061631977558136,8,129,rosberg,mercedes,6,4,6
19,2015,8,277,1.054142951965332,1.019909791648388,8,5,vettel,ferrari,7,7,8
814,2015,8,277,1.0498650074005127,1.0166099667549133,8,9,perez,force_india,8,7,8
816,2015,8,277,0.7680051326751709,0.7345847487449646,8,8,ricciardo,red_bull,9,9,9
825,2015,8,277,0.5819492340087891,0.5554638157288233,6,8,kvyat,red_bull,10,10,10
830,2015,8,277,-0.9076155424118042,-0.9266379848122597,8,14,nasr,sauber,11,11,11
812,2015,8,277,-1.1790590286254883,-1.1783618529637654,3,205,maldonado,lotus_f1,12,12,13
832,2015,8,277,-1.1906609535217285,-1.1921765406926472,6,206,merhi,manor,13,12,13
827,2015,8,277,-1.3304243087768555,-1.351404104913984,7,14,ericsson,sauber,14,14,14
821,2015,9,278,1.4098074436187744,1.416851669549942,8,2,bottas,williams,1,1,1
7,2015,9,278,1.1270347833633423,1.1306764909199305,7,5,raikkonen,ferrari,2,2,3
12,2015,9,278,1.1160537004470825,1.1166462765799627,9,2,massa,williams,3,2,4
807,2015,9,278,1.0801433324813843,1.0810530185699463,8,9,hulkenberg,force_india,4,3,6
0,2015,9,278,1.0797840356826782,1.080710808436076,9,129,hamilton,mercedes,5,4,6
2,2015,9,278,1.060958981513977,1.061557200219896,9,129,rosberg,mercedes,6,4,6
19,2015,9,278,1.0193597078323364,1.0198486712243822,9,5,vettel,ferrari,7,7,8
814,2015,9,278,1.014906883239746,1.0164207352532282,9,9,perez,force_india,8,7,8
3,2015,9,278,0.7581174969673157,0.7807814478874207,3,0,alonso,mclaren,9,9,9
825,2015,9,278,0.5468141436576843,0.5542281482900892,7,8,kvyat,red_bull,10,10,10
828,2015,9,278,-1.1354827880859375,-1.1182614763577778,6,206,stevens,manor,11,11,11
832,2015,9,278,-1.2248748540878296,-1.1968477283205305,7,206,merhi,manor,12,12,12
827,2015,9,278,-1.3660578727722168,-1.3532358258962631,8,14,ericsson,sauber,13,13,13
821,2015,10,279,1.4882049560546875,1.4247798124949138,9,2,bottas,williams,1,1,1
829,2015,10,279,1.263575792312622,1.17793208360672,6,4,max_verstappen,toro_rosso,2,2,3
12,2015,10,279,1.1946479082107544,1.124446439743042,10,2,massa,williams,3,2,3
0,2015,10,279,1.158328652381897,1.088472592830658,10,129,hamilton,mercedes,4,3,5
2,2015,10,279,1.139552116394043,1.0693566918373107,10,129,rosberg,mercedes,5,4,5
19,2015,10,279,1.0979690551757812,1.027660709619522,10,5,vettel,ferrari,6,6,6
17,2015,10,279,1.0312695503234863,0.9634686946868897,5,0,button,mclaren,7,7,7
3,2015,10,279,0.8358656167984009,0.7945524901151657,4,0,alonso,mclaren,8,8,8
816,2015,10,279,0.8124246597290039,0.7432336277431912,9,8,ricciardo,red_bull,9,9,9
825,2015,10,279,0.625119149684906,0.5630895234644413,8,8,kvyat,red_bull,10,10,10
153,2015,10,279,0.2872626483440399,0.22314079105854034,7,205,grosjean,lotus_f1,11,11,11
830,2015,10,279,-0.8625962734222412,-0.9195222391022576,9,14,nasr,sauber,12,12,12
828,2015,10,279,-1.057479977607727,-1.1095784051077706,7,206,stevens,manor,13,13,13
812,2015,10,279,-1.135861873626709,-1.1677368581295013,4,205,maldonado,lotus_f1,14,14,15
832,2015,10,279,-1.145772933959961,-1.1904633790254593,8,206,merhi,manor,15,14,15
827,2015,10,279,-1.2881840467453003,-1.346007850435045,9,14,ericsson,sauber,16,16,16
821,2015,11,280,1.4354579448699951,1.425847625732422,10,2,bottas,williams,1,1,1
829,2015,11,280,1.2135539054870605,1.1830209153039115,7,4,max_verstappen,toro_rosso,2,2,3
7,2015,11,280,1.1500529050827026,1.133098542690277,8,5,raikkonen,ferrari,3,2,4
12,2015,11,280,1.142071008682251,1.12604867328297,11,2,massa,williams,4,3,5
0,2015,11,280,1.1057090759277344,1.0900395458394831,11,129,hamilton,mercedes,5,4,6
2,2015,11,280,1.0869746208190918,1.0709583217447454,11,129,rosberg,mercedes,6,5,6
19,2015,11,280,1.045405387878418,1.0292738621885127,11,5,vettel,ferrari,7,7,8
814,2015,11,280,1.0378694534301758,1.0185656070709228,10,9,perez,force_india,8,7,8
17,2015,11,280,0.9785131812095642,0.9659761091073354,6,0,button,mclaren,9,9,9
3,2015,11,280,0.7825568914413452,0.7921533703804016,5,0,alonso,mclaren,10,10,10
825,2015,11,280,0.5722922086715698,0.5641120440430112,9,8,kvyat,red_bull,11,11,11
153,2015,11,280,0.23444829881191254,0.22455422952771187,8,205,grosjean,lotus_f1,12,12,12
830,2015,11,280,-0.9148666262626648,-0.9190566778182984,10,14,nasr,sauber,13,13,13
828,2015,11,280,-1.1105685234069824,-1.1097021698951721,8,206,stevens,manor,14,14,14
832,2015,11,280,-1.1979105472564697,-1.1912908421622381,9,206,merhi,manor,15,15,15
827,2015,11,280,-1.341383934020996,-1.3455454587936402,10,14,ericsson,sauber,16,16,16
821,2015,12,281,1.3992934226989746,1.4234336072748357,11,2,bottas,williams,1,1,1
829,2015,12,281,1.1797465085983276,1.1826116144657135,8,4,max_verstappen,toro_rosso,2,2,3
831,2015,12,281,1.1829112768173218,1.165956701551165,7,4,sainz,toro_rosso,3,2,4
7,2015,12,281,1.1143596172332764,1.1310164398617215,9,5,raikkonen,ferrari,4,3,5
12,2015,12,281,1.1060534715652466,1.1243824064731598,12,2,massa,williams,5,3,5
0,2015,12,281,1.0696547031402588,1.088340808947881,12,129,hamilton,mercedes,6,6,8
807,2015,12,281,1.0670392513275146,1.0794959333207872,9,9,hulkenberg,force_india,7,6,8
2,2015,12,281,1.0509564876556396,1.06929150223732,12,129,rosberg,mercedes,8,6,8
19,2015,12,281,1.0093994140625,1.0276176581780117,12,5,vettel,ferrari,9,9,10
814,2015,12,281,1.0021283626556396,1.0170713121240789,11,9,perez,force_india,10,9,10
17,2015,12,281,0.9423403739929199,0.9625995755195618,7,0,button,mclaren,11,11,11
3,2015,12,281,0.7459063529968262,0.7844455341498057,6,0,alonso,mclaren,12,12,12
816,2015,12,281,0.7235908508300781,0.7412693500518799,10,8,ricciardo,red_bull,13,13,13
825,2015,12,281,0.5360584259033203,0.561306682229042,10,8,kvyat,red_bull,14,14,14
830,2015,12,281,-0.9506189823150635,-0.9219259782270952,11,14,nasr,sauber,15,15,15
828,2015,12,281,-1.1470284461975098,-1.1138495339287653,9,206,stevens,manor,16,16,16
832,2015,12,281,-1.2335479259490967,-1.195516550540924,10,206,merhi,manor,17,17,17
827,2015,12,281,-1.3779404163360596,-1.34849045493386,11,14,ericsson,sauber,18,18,18
821,2015,13,282,1.4908647537231445,1.4290528694788616,12,2,bottas,williams,1,1,1
829,2015,13,282,1.2733566761016846,1.1926943990919325,9,4,max_verstappen,toro_rosso,2,2,3
831,2015,13,282,1.2771975994110107,1.1798618137836456,8,4,sainz,toro_rosso,3,2,4
7,2015,13,282,1.2063385248184204,1.1385486483573914,10,5,raikkonen,ferrari,4,3,4
2,2015,13,282,1.1426544189453125,1.07493480352255,13,129,rosberg,mercedes,5,5,5
19,2015,13,282,1.1011077165603638,1.0332707395920386,13,5,vettel,ferrari,6,6,7
814,2015,13,282,1.0940656661987305,1.0234875082969666,12,9,perez,force_india,7,6,7
816,2015,13,282,0.8151093125343323,0.747982073913921,11,8,ricciardo,red_bull,8,8,8
825,2015,13,282,0.6275697946548462,0.5673306015404788,11,8,kvyat,red_bull,9,9,9
153,2015,13,282,0.29152238368988037,0.2319951355457306,9,205,grosjean,lotus_f1,10,10,10
830,2015,13,282,-0.8586910963058472,-0.9166564047336578,12,14,nasr,sauber,11,11,12
833,2015,13,282,-0.9348773956298828,-0.9348773956298828,1,206,rossi,manor,12,11,12
828,2015,13,282,-1.0557125806808472,-1.1080358386039735,10,206,stevens,manor,13,13,13
812,2015,13,282,-1.1324560642242432,-1.1606806993484498,5,205,maldonado,lotus_f1,14,14,14
827,2015,13,282,-1.286708116531372,-1.3433419267336528,12,14,ericsson,sauber,15,15,15
821,2015,14,283,1.4091557264328003,1.4275223200137799,13,2,bottas,williams,1,1,1
829,2015,14,283,1.1934114694595337,1.1927661061286927,10,4,max_verstappen,toro_rosso,2,2,3
831,2015,14,283,1.1978373527526855,1.1818590958913167,9,4,sainz,toro_rosso,3,2,3
7,2015,14,283,1.124982476234436,1.1373153599825772,11,5,raikkonen,ferrari,4,4,5
12,2015,14,283,1.113337516784668,1.123532799574045,13,2,massa,williams,5,4,5
0,2015,14,283,1.076906681060791,1.087461260648874,13,129,hamilton,mercedes,6,6,8
807,2015,14,283,1.0745842456817627,1.0790047645568848,10,9,hulkenberg,force_india,7,6,8
2,2015,14,283,1.0610551834106445,1.0739434020859855,14,129,rosberg,mercedes,8,6,8
19,2015,14,283,1.0195176601409912,1.0322883767741067,14,5,vettel,ferrari,9,9,10
814,2015,14,283,1.0126734972000122,1.0226556612895086,13,9,perez,force_india,10,9,10
17,2015,14,283,0.9494901895523071,0.9609609022736549,8,0,button,mclaren,11,11,11
3,2015,14,283,0.7526429295539856,0.7799023049218314,7,0,alonso,mclaren,12,12,12
816,2015,14,283,0.733354926109314,0.7467631449302038,12,8,ricciardo,red_bull,13,13,13
825,2015,14,283,0.5458091497421265,0.5655371472239494,12,8,kvyat,red_bull,14,14,14
153,2015,14,283,0.2095300704240799,0.22974862903356552,10,205,grosjean,lotus_f1,15,15,15
833,2015,14,283,-1.14645516872406,-1.0406662821769714,2,206,rossi,manor,16,16,17
828,2015,14,283,-1.1376423835754395,-1.1107273426922886,11,206,stevens,manor,17,16,17
812,2015,14,283,-1.2153652906417847,-1.1697947978973389,6,205,maldonado,lotus_f1,18,18,18
827,2015,14,283,-1.3687100410461426,-1.3452933201423058,13,14,ericsson,sauber,19,19,19
821,2015,15,284,1.4341042041778564,1.4279924545969283,14,2,bottas,williams,1,1,1
829,2015,15,284,1.2198855876922607,1.1952315135435625,11,4,max_verstappen,toro_rosso,2,2,2
7,2015,15,284,1.150235891342163,1.1383920709292095,12,5,raikkonen,ferrari,3,3,4
12,2015,15,284,1.1387614011764526,1.1246205568313599,14,2,massa,williams,4,3,4
0,2015,15,284,1.1023030281066895,1.088521386895861,14,129,hamilton,mercedes,5,5,5
19,2015,15,284,1.044568657875061,1.033107062180837,15,5,vettel,ferrari,6,6,7
814,2015,15,284,1.0378960371017456,1.0237442595618111,14,9,perez,force_india,7,6,7
17,2015,15,284,0.9747977256774902,0.9624983270963033,9,0,button,mclaren,8,8,8
3,2015,15,284,0.7775930762290955,0.7796136513352394,8,0,alonso,mclaren,9,9,9
816,2015,15,284,0.7582640051841736,0.7476478264882014,13,8,ricciardo,red_bull,10,10,10
825,2015,15,284,0.5707128643989563,0.5659352793143346,13,8,kvyat,red_bull,11,11,11
830,2015,15,284,-0.9136847257614136,-0.9164278140434852,13,14,nasr,sauber,12,12,12
828,2015,15,284,-1.1128849983215332,-1.110907147328059,12,206,stevens,manor,13,13,13
812,2015,15,284,-1.1914550065994263,-1.1728891134262085,7,205,maldonado,lotus_f1,14,14,15
832,2015,15,284,-1.1995282173156738,-1.1958812475204468,11,206,merhi,manor,15,14,15
829,2015,16,285,1.205496072769165,1.1960868934790294,12,4,max_verstappen,toro_rosso,1,1,2
831,2015,16,285,1.2091814279556274,1.184591329097748,10,4,sainz,toro_rosso,2,1,2
0,2015,16,285,1.0869810581207275,1.0884186983108521,15,129,hamilton,mercedes,3,3,4
2,2015,16,285,1.0704623460769653,1.0737113316853841,15,129,rosberg,mercedes,4,3,4
19,2015,16,285,1.0289483070373535,1.0328471399843693,16,5,vettel,ferrari,5,5,6
814,2015,16,285,1.0224239826202393,1.0236562410990397,15,9,perez,force_india,6,5,6
17,2015,16,285,0.9593991637229919,0.9621884107589722,10,0,button,mclaren,7,7,7
3,2015,16,285,0.7618852853775024,0.7776438328954909,9,0,alonso,mclaren,8,8,9
816,2015,16,285,0.7425206303596497,0.7472815981933049,14,8,ricciardo,red_bull,9,8,9
830,2015,16,285,-0.9293240308761597,-0.9173489723886762,14,14,nasr,sauber,10,10,10
833,2015,16,285,-1.1413905620574951,-1.074241042137146,3,206,rossi,manor,11,11,11
812,2015,16,285,-1.2080624103546143,-1.1772857755422592,8,205,maldonado,lotus_f1,12,12,12
821,2015,17,286,1.437013864517212,1.428593881924947,15,2,bottas,williams,1,1,1
829,2015,17,286,1.224489450454712,1.198271705554082,13,4,max_verstappen,toro_rosso,2,2,3
831,2015,17,286,1.2287805080413818,1.1886085271835327,11,4,sainz,toro_rosso,3,2,3
12,2015,17,286,1.1420820951461792,1.125784659385681,15,2,massa,williams,4,4,4
0,2015,17,286,1.1051677465438843,1.0894655138254166,16,129,hamilton,mercedes,5,5,7
807,2015,17,286,1.1032164096832275,1.0812058232047341,11,9,hulkenberg,force_india,6,5,7
2,2015,17,286,1.0883864164352417,1.0746285244822502,16,129,rosberg,mercedes,7,5,7
814,2015,17,286,1.0404807329177856,1.0247077718377113,16,9,perez,force_india,8,8,8
17,2015,17,286,0.9775197505950928,0.9635821689258922,11,0,button,mclaren,9,9,9
816,2015,17,286,0.7603429555892944,0.7481523553530375,15,8,ricciardo,red_bull,10,10,10
825,2015,17,286,0.573583722114563,0.566481596657208,14,8,kvyat,red_bull,11,11,11
153,2015,17,286,0.23721608519554138,0.23042748868465424,11,205,grosjean,lotus_f1,12,12,12
833,2015,17,286,-1.127223014831543,-1.0874865353107452,4,206,rossi,manor,13,13,14
828,2015,17,286,-1.1101409196853638,-1.1108482067401593,13,206,stevens,manor,14,13,14
812,2015,17,286,-1.1909873485565186,-1.1788081725438435,9,205,maldonado,lotus_f1,15,15,15
827,2015,17,286,-1.3410325050354004,-1.3449889762060983,14,14,ericsson,sauber,16,16,16
821,2015,18,287,1.4592366218566895,1.430509053170681,16,2,bottas,williams,1,1,1
829,2015,18,287,1.2478030920028687,1.2018096617289953,14,4,max_verstappen,toro_rosso,2,2,2
7,2015,18,287,1.1755613088607788,1.1412512430777917,13,5,raikkonen,ferrari,3,3,3
0,2015,18,287,1.1277838945388794,1.0917195362203262,17,129,hamilton,mercedes,4,4,6
807,2015,18,287,1.1260356903076172,1.0849416454633076,12,9,hulkenberg,force_india,5,4,6
2,2015,18,287,1.1107752323150635,1.0767548014135921,17,129,rosberg,mercedes,6,4,6
19,2015,18,287,1.0690288543701172,1.0349754761247074,17,5,vettel,ferrari,7,7,8
814,2015,18,287,1.062984585762024,1.0269593491273767,17,9,perez,force_india,8,7,8
17,2015,18,287,1.000078558921814,0.9666235347588857,12,0,button,mclaren,9,9,9
3,2015,18,287,0.8018904328346252,0.7800684928894043,10,0,alonso,mclaren,10,10,10
816,2015,18,287,0.7826439142227173,0.7503080777823925,16,8,ricciardo,red_bull,11,11,11
825,2015,18,287,0.5957731008529663,0.5684343636035919,15,8,kvyat,red_bull,12,12,12
153,2015,18,287,0.2592170536518097,0.23282661909858385,12,205,grosjean,lotus_f1,13,13,13
830,2015,18,287,-0.8892598152160645,-0.9154763619105021,15,14,nasr,sauber,14,14,14
833,2015,18,287,-1.1080833673477173,-1.0916059017181396,5,206,rossi,manor,15,15,16
828,2015,18,287,-1.088060975074768,-1.1092205473354884,14,206,stevens,manor,16,15,16
812,2015,18,287,-1.1693329811096191,-1.1778606534004212,10,205,maldonado,lotus_f1,17,17,17
827,2015,18,287,-1.3190388679504395,-1.3432589689890544,15,14,ericsson,sauber,18,18,18
821,2015,19,288,1.4052436351776123,1.4290228521122652,17,2,bottas,williams,1,1,1
829,2015,19,288,1.194753646850586,1.2013392607371012,15,4,max_verstappen,toro_rosso,2,2,3
831,2015,19,288,1.197567343711853,1.1893550952275593,12,4,sainz,toro_rosso,3,2,3
7,2015,19,288,1.1218061447143555,1.1398623074804033,14,5,raikkonen,ferrari,4,4,5
12,2015,19,288,1.1096093654632568,1.1247737035155296,16,2,massa,williams,5,4,5
0,2015,19,288,1.0741311311721802,1.0907424026065402,18,129,hamilton,mercedes,6,6,8
807,2015,19,288,1.0725585222244263,1.0839890975218553,13,9,hulkenberg,force_india,7,6,8
2,2015,19,288,1.0569257736206055,1.0756531887584262,18,129,rosberg,mercedes,8,6,8
19,2015,19,288,1.0152153968811035,1.0338776939445071,18,5,vettel,ferrari,9,9,10
814,2015,19,288,1.0092345476150513,1.0259746379322476,18,9,perez,force_india,10,9,10
17,2015,19,288,0.9463761448860168,0.9650660432302035,13,0,button,mclaren,11,11,11
3,2015,19,288,0.748011589050293,0.7771542289040305,11,0,alonso,mclaren,12,12,12
816,2015,19,288,0.7287182807922363,0.749038089724148,17,8,ricciardo,red_bull,13,13,13
825,2015,19,288,0.5417511463165283,0.5667666625231504,16,8,kvyat,red_bull,14,14,14
153,2015,19,288,0.205032080411911,0.23068857766114748,13,205,grosjean,lotus_f1,15,15,15
830,2015,19,288,-0.9430873394012451,-0.9172020480036736,16,14,nasr,sauber,16,16,16
828,2015,19,288,-1.1421778202056885,-1.1114176988601685,15,206,stevens,manor,17,17,17
832,2015,19,288,-1.2289552688598633,-1.198637415965398,12,206,merhi,manor,18,18,18
827,2015,19,288,-1.37322998046875,-1.3451321572065353,16,14,ericsson,sauber,19,19,19
821,2016,1,289,1.4113281965255737,1.4113281965255737,1,2,bottas,williams,1,1,1
831,2016,1,289,1.205191731452942,1.205191731452942,1,4,sainz,toro_rosso,2,2,2
829,2016,1,289,1.2016545534133911,1.2016545534133911,1,4,max_verstappen,toro_rosso,3,3,3
12,2016,1,289,1.1161445379257202,1.1161445379257202,1,2,massa,williams,4,4,4
0,2016,1,289,1.080509901046753,1.080509901046753,1,129,hamilton,mercedes,5,5,5
807,2016,1,289,1.0790894031524658,1.0790894031524658,1,9,hulkenberg,force_india,6,6,6
2,2016,1,289,1.0631344318389893,1.0631344318389893,1,129,rosberg,mercedes,7,7,7
19,2016,1,289,1.02145516872406,1.02145516872406,1,5,vettel,ferrari,8,8,8
814,2016,1,289,1.0155292749404907,1.0155292749404907,1,9,perez,force_india,9,9,9
17,2016,1,289,0.9527121782302856,0.9527121782302856,1,0,button,mclaren,10,10,10
816,2016,1,289,0.7348613739013672,0.7348613739013672,1,8,ricciardo,red_bull,11,11,11
153,2016,1,289,0.2109505981206894,0.2109505981206894,1,207,grosjean,haas,12,12,12
824,2016,1,289,-0.759347677230835,-0.759347677230835,1,3,kevin_magnussen,renault,13,13,13
830,2016,1,289,-0.936859667301178,-0.936859667301178,1,14,nasr,sauber,14,14,14
834,2016,1,289,-1.1987624168395996,-1.1987624168395996,1,3,jolyon_palmer,renault,15,15,15
835,2016,1,289,-1.2406084537506104,-1.2406084537506104,1,206,wehrlein,manor,16,16,16
821,2016,2,290,1.501638412475586,1.4564833045005798,2,2,bottas,williams,1,1,1
829,2016,2,290,1.292670726776123,1.247162640094757,2,4,max_verstappen,toro_rosso,2,2,4
7,2016,2,290,1.2194135189056396,1.2194135189056396,1,5,raikkonen,ferrari,3,2,3
12,2016,2,290,1.2068443298339844,1.1614944338798523,2,2,massa,williams,4,3,6
0,2016,2,290,1.171074628829956,1.1257922649383545,2,129,hamilton,mercedes,5,4,8
807,2016,2,290,1.169785499572754,1.1244374513626099,2,9,hulkenberg,force_india,6,4,8
2,2016,2,290,1.1535519361495972,1.1083431839942932,2,129,rosberg,mercedes,7,5,8
814,2016,2,290,1.1060211658477783,1.0607752203941345,2,9,perez,force_india,8,6,8
816,2016,2,290,0.8252217769622803,0.7800415754318237,2,8,ricciardo,red_bull,9,9,9
825,2016,2,290,0.6391277313232422,0.6391277313232422,1,8,kvyat,red_bull,10,10,10
153,2016,2,290,0.30111709237098694,0.25603384524583817,2,207,grosjean,haas,11,11,11
824,2016,2,290,-0.6697474718093872,-0.7145475745201111,2,3,kevin_magnussen,renault,12,12,12
830,2016,2,290,-0.8464257717132568,-0.8916427195072174,2,14,nasr,sauber,13,13,13
836,2016,2,290,-0.9769355058670044,-0.9769355058670044,1,206,haryanto,manor,14,14,14
837,2016,2,290,-1.1447625160217285,-1.1447625160217285,1,0,vandoorne,mclaren,15,15,15
827,2016,2,290,-1.2759997844696045,-1.2759997844696045,1,14,ericsson,sauber,16,16,17
835,2016,2,290,-1.323083519935608,-1.2818459868431091,2,206,wehrlein,manor,17,16,17
821,2016,3,291,1.4801418781280518,1.464369495709737,3,2,bottas,williams,1,1,1
829,2016,3,291,1.271785020828247,1.2553701003392537,3,4,max_verstappen,toro_rosso,2,2,4
831,2016,3,291,1.2720991373062134,1.2386454343795776,2,4,sainz,toro_rosso,3,2,4
7,2016,3,291,1.1979591846466064,1.208686351776123,2,5,raikkonen,ferrari,4,3,5
12,2016,3,291,1.1856849193572998,1.1695579290390015,3,2,massa,williams,5,4,7
0,2016,3,291,1.1497983932495117,1.1337943077087402,3,129,hamilton,mercedes,6,5,8
807,2016,3,291,1.148622989654541,1.1324992974599202,3,9,hulkenberg,force_india,7,5,8
2,2016,3,291,1.132148265838623,1.1162782112757366,3,129,rosberg,mercedes,8,6,9
814,2016,3,291,1.0846819877624512,1.06874414285024,3,9,perez,force_india,9,8,10
19,2016,3,291,1.0871648788452148,1.0543100237846375,2,5,vettel,ferrari,10,8,10
17,2016,3,291,1.0185049772262573,0.9856085777282715,2,0,button,mclaren,11,11,11
3,2016,3,291,0.8207772970199585,0.8207772970199585,1,0,alonso,mclaren,12,12,13
816,2016,3,291,0.803769052028656,0.7879507342974345,3,8,ricciardo,red_bull,13,12,13
825,2016,3,291,0.6174735426902771,0.6283006370067596,2,8,kvyat,red_bull,14,14,14
153,2016,3,291,0.27949631214141846,0.26385466754436493,3,207,grosjean,haas,15,15,15
824,2016,3,291,-0.6918578743934631,-0.7069843411445618,3,3,kevin_magnussen,renault,16,16,16
830,2016,3,291,-0.8678151369094849,-0.8837001919746399,3,14,nasr,sauber,17,17,18
820,2016,3,291,-0.9024962186813354,-0.9024962186813354,1,207,gutierrez,haas,18,17,18
836,2016,3,291,-1.1308314800262451,-1.0538834929466248,2,206,haryanto,manor,19,19,19
834,2016,3,291,-1.3017873764038086,-1.250274896621704,2,3,jolyon_palmer,renault,20,20,22
827,2016,3,291,-1.2977807521820068,-1.2868902683258057,2,14,ericsson,sauber,21,20,22
835,2016,3,291,-1.346315622329712,-1.3033358653386433,3,206,wehrlein,manor,22,20,22
821,2016,4,292,1.498320460319519,1.4728572368621826,4,2,bottas,williams,1,1,1
831,2016,4,292,1.2918670177459717,1.2563859621683757,3,4,sainz,toro_rosso,2,2,3
7,2016,4,292,1.2161741256713867,1.2111822764078777,3,5,raikkonen,ferrari,3,2,3
12,2016,4,292,1.2041552066802979,1.1782072484493256,4,2,massa,williams,4,4,5
0,2016,4,292,1.1681675910949707,1.1423876285552979,4,129,hamilton,mercedes,5,4,6
2,2016,4,292,1.1504075527191162,1.1248105466365814,4,129,rosberg,mercedes,6,5,6
814,2016,4,292,1.102996587753296,1.077307254076004,4,9,perez,force_india,7,6,7
17,2016,4,292,1.0373090505599976,1.0028420686721802,3,0,button,mclaren,8,8,8
3,2016,4,292,0.8393427729606628,0.8300600349903107,2,0,alonso,mclaren,9,9,9
816,2016,4,292,0.8219855427742004,0.796459436416626,4,8,ricciardo,red_bull,10,10,10
825,2016,4,292,0.6355159878730774,0.6307057539621989,3,8,kvyat,red_bull,11,11,11
153,2016,4,292,0.29756760597229004,0.2722829021513462,4,207,grosjean,haas,12,12,12
824,2016,4,292,-0.6742101907730103,-0.6987908035516739,4,3,kevin_magnussen,renault,13,13,13
830,2016,4,292,-0.8495438694953918,-0.8751611113548279,4,14,nasr,sauber,14,14,15
820,2016,4,292,-0.8847536444664001,-0.8936249315738678,2,207,gutierrez,haas,15,14,15
834,2016,4,292,-1.2848446369171143,-1.2617981433868408,3,3,jolyon_palmer,renault,16,16,18
827,2016,4,292,-1.2798478603363037,-1.2845427989959717,3,14,ericsson,sauber,17,16,18
835,2016,4,292,-1.3296384811401367,-1.3099115192890167,4,206,wehrlein,manor,18,16,18
821,2016,5,293,1.5361226797103882,1.4855103254318238,5,2,bottas,williams,1,1,1
831,2016,5,293,1.3310439586639404,1.2750504612922668,4,4,sainz,toro_rosso,2,2,3
829,2016,5,293,1.326092004776001,1.2730505764484406,4,8,max_verstappen,red_bull,3,2,3
7,2016,5,293,1.2540075778961182,1.2218886017799377,4,5,raikkonen,ferrari,4,4,5
12,2016,5,293,1.2422094345092773,1.1910076856613159,5,2,massa,williams,5,4,5
814,2016,5,293,1.1409165859222412,1.0900291204452515,5,9,perez,force_india,6,6,7
19,2016,5,293,1.1414968967437744,1.0833723147710164,3,5,vettel,ferrari,7,6,8
17,2016,5,293,1.0756518840789795,1.02104452252388,4,0,button,mclaren,8,7,8
816,2016,5,293,0.8598203659057617,0.8091316223144531,5,8,ricciardo,red_bull,9,9,9
825,2016,5,293,0.6732001304626465,0.6413293480873108,4,4,kvyat,toro_rosso,10,10,10
824,2016,5,293,-0.6368674039840698,-0.6864061236381531,5,3,kevin_magnussen,renault,11,11,11
830,2016,5,293,-0.8116615414619446,-0.8624611973762513,5,14,nasr,sauber,12,12,13
820,2016,5,293,-0.8473288416862488,-0.8781929016113281,3,207,gutierrez,haas,13,12,13
836,2016,5,293,-1.0817912817001343,-1.0631860891977947,3,206,haryanto,manor,14,14,14
834,2016,5,293,-1.2481114864349365,-1.2583764791488647,4,3,jolyon_palmer,renault,15,15,16
827,2016,5,293,-1.2422585487365723,-1.2739717364311218,4,14,ericsson,sauber,16,15,16
835,2016,5,293,-1.2931350469589233,-1.306556224822998,5,206,wehrlein,manor,17,16,17
821,2016,6,294,1.4052298069000244,1.4721302390098572,6,2,bottas,williams,1,1,1
831,2016,6,294,1.2013404369354248,1.2603084564208984,5,4,sainz,toro_rosso,2,2,2
12,2016,6,294,1.1115347146987915,1.1777621905008953,6,2,massa,williams,3,3,4
0,2016,6,294,1.0717346668243408,1.1282570362091064,5,129,hamilton,mercedes,4,4,7
807,2016,6,294,1.0682907104492188,1.1164471507072449,4,9,hulkenberg,force_india,5,3,7
2,2016,6,294,1.0538792610168457,1.1106242895126344,5,129,rosberg,mercedes,6,4,8
814,2016,6,294,1.0101253986358643,1.0767118334770203,6,9,perez,force_india,7,5,8
19,2016,6,294,1.0113801956176758,1.0653742849826813,4,5,vettel,ferrari,8,5,8
17,2016,6,294,0.9452269077301025,1.0058809995651246,5,0,button,mclaren,9,8,9
3,2016,6,294,0.743079662322998,0.8010665774345398,3,0,alonso,mclaren,10,10,11
816,2016,6,294,0.7289558053016663,0.7957689861456553,6,8,ricciardo,red_bull,11,10,11
153,2016,6,294,0.20087704062461853,0.25800172984600067,5,207,grosjean,haas,12,12,12
820,2016,6,294,-0.9785480499267578,-0.9032816886901855,4,207,gutierrez,haas,13,13,13
836,2016,6,294,-1.216485619544983,-1.1015109717845917,4,206,haryanto,manor,14,14,14
835,2016,6,294,-1.4251513481140137,-1.326322078704834,6,206,wehrlein,manor,15,15,15
821,2016,7,295,1.479988932609558,1.4732529095241003,7,2,bottas,williams,1,1,1
829,2016,7,295,1.2737268209457397,1.2731858253479005,5,8,max_verstappen,red_bull,2,2,3
831,2016,7,295,1.277127981185913,1.2631117105484009,6,4,sainz,toro_rosso,3,2,3
7,2016,7,295,1.2009155750274658,1.2176939964294433,5,5,raikkonen,ferrari,4,4,4
0,2016,7,295,1.1471096277236938,1.131399134794871,6,129,hamilton,mercedes,5,5,7
807,2016,7,295,1.1440702676773071,1.1219717741012574,5,9,hulkenberg,force_india,6,5,8
2,2016,7,295,1.1291718482971191,1.1137155493100483,6,129,rosberg,mercedes,7,5,8
814,2016,7,295,1.0849725008010864,1.0778919288090296,7,9,perez,force_india,8,7,9
19,2016,7,295,1.0868103504180908,1.0696614980697632,5,5,vettel,ferrari,9,7,9
3,2016,7,295,0.8186013698577881,0.8054502755403519,4,0,alonso,mclaren,10,10,11
816,2016,7,295,0.8037393093109131,0.7969076037406921,7,8,ricciardo,red_bull,11,10,11
825,2016,7,295,0.6199787855148315,0.637059235572815,5,4,kvyat,toro_rosso,12,12,12
153,2016,7,295,0.2760290503501892,0.26100628326336545,6,207,grosjean,haas,13,13,13
824,2016,7,295,-0.6903841495513916,-0.6870691279570261,6,3,kevin_magnussen,renault,14,14,14
830,2016,7,295,-0.864711582660675,-0.8628362615903219,6,14,nasr,sauber,15,15,16
820,2016,7,295,-0.9040713310241699,-0.9034396171569824,5,207,gutierrez,haas,16,15,16
836,2016,7,295,-1.145015001296997,-1.1102117776870728,5,206,haryanto,manor,17,17,17
827,2016,7,295,-1.295561671257019,-1.2782897233963013,5,14,ericsson,sauber,18,18,18
835,2016,7,295,-1.3513641357421875,-1.329899515424456,7,206,wehrlein,manor,19,19,19
821,2016,8,296,1.4822704792022705,1.4743801057338715,8,2,bottas,williams,1,1,1
829,2016,8,296,1.2762539386749268,1.2736971775690715,6,8,max_verstappen,red_bull,2,2,2
7,2016,8,296,1.2028136253356934,1.215213934580485,6,5,raikkonen,ferrari,3,3,3
12,2016,8,296,1.1878718137741089,1.1792064223970686,7,2,massa,williams,4,4,5
0,2016,8,296,1.1499238014221191,1.1340455157416207,7,129,hamilton,mercedes,5,5,7
807,2016,8,296,1.1472346782684326,1.1261822581291199,6,9,hulkenberg,force_india,6,5,7
2,2016,8,296,1.1319149732589722,1.1163154670170374,7,129,rosberg,mercedes,7,5,8
814,2016,8,296,1.0873302221298218,1.0790717154741287,8,9,perez,force_india,8,7,9
19,2016,8,296,1.089672327041626,1.0729966362317402,6,5,vettel,ferrari,9,8,9
17,2016,8,296,1.0217798948287964,1.008530815442403,6,0,button,mclaren,10,10,10
816,2016,8,296,0.806041955947876,0.7980493977665901,8,8,ricciardo,red_bull,11,11,11
153,2016,8,296,0.2786504626274109,0.2635268803153719,7,207,grosjean,haas,12,12,12
824,2016,8,296,-0.6888532638549805,-0.6873240045138768,7,3,kevin_magnussen,renault,13,13,13
830,2016,8,296,-0.8627771139144897,-0.8628278119223458,7,14,nasr,sauber,14,14,15
820,2016,8,296,-0.9020339250564575,-0.9032053351402283,6,207,gutierrez,haas,15,14,15
836,2016,8,296,-1.1455777883529663,-1.116106112798055,6,206,haryanto,manor,16,16,16
834,2016,8,296,-1.3007662296295166,-1.266854429244995,5,3,jolyon_palmer,renault,17,17,18
827,2016,8,296,-1.2938463687896729,-1.2808824976285298,6,14,ericsson,sauber,18,17,18
821,2016,9,297,1.5008883476257324,1.4773254659440782,9,2,bottas,williams,1,1,1
829,2016,9,297,1.2950841188430786,1.2767524548939295,7,8,max_verstappen,red_bull,2,2,3
831,2016,9,297,1.298082709312439,1.268107567514692,7,4,sainz,toro_rosso,3,2,3
7,2016,9,297,1.2210997343063354,1.2160547631127494,7,5,raikkonen,ferrari,4,4,4
12,2016,9,297,1.206773281097412,1.1826522797346115,8,2,massa,williams,5,5,5
0,2016,9,297,1.1690025329589844,1.1384151428937912,8,129,hamilton,mercedes,6,6,8
807,2016,9,297,1.1666159629821777,1.1319585016795568,7,9,hulkenberg,force_india,7,6,8
2,2016,9,297,1.1509318351745605,1.120642513036728,8,129,rosberg,mercedes,8,6,8
814,2016,9,297,1.1060137748718262,1.0820652776294284,9,9,perez,force_india,9,8,9
17,2016,9,297,1.0408681631088257,1.0131504365376063,7,0,button,mclaren,10,10,10
3,2016,9,297,0.8393260836601257,0.8122254371643066,5,0,alonso,mclaren,11,11,12
816,2016,9,297,0.8246780037879944,0.8010081317689683,9,8,ricciardo,red_bull,12,11,12
153,2016,9,297,0.2975623607635498,0.26778131537139416,8,207,grosjean,haas,13,13,13
824,2016,9,297,-0.670884907245636,-0.6852691173553467,8,3,kevin_magnussen,renault,14,14,14
830,2016,9,297,-0.8444594740867615,-0.8605317696928978,8,14,nasr,sauber,15,15,16
820,2016,9,297,-0.8836274147033691,-0.9004084893635341,7,207,gutierrez,haas,16,15,16
836,2016,9,297,-1.129420280456543,-1.1180081367492676,7,206,haryanto,manor,17,17,17
834,2016,9,297,-1.2832348346710205,-1.2695844968159993,6,3,jolyon_palmer,renault,18,18,19
827,2016,9,297,-1.2757182121276855,-1.2801447425569807,7,14,ericsson,sauber,19,18,19
835,2016,9,297,-1.3321397304534912,-1.3301795423030853,8,206,wehrlein,manor,20,20,20
821,2016,10,298,1.3553253412246704,1.4651254534721374,10,2,bottas,williams,1,1,1
829,2016,10,298,1.149704933166504,1.2608715146780014,8,8,max_verstappen,red_bull,2,2,3
831,2016,10,298,1.1534022092819214,1.2537693977355957,8,4,sainz,toro_rosso,3,2,3
7,2016,10,298,1.0752500295639038,1.1984541714191437,8,5,raikkonen,ferrari,4,3,5
12,2016,10,298,1.0614557266235352,1.169185996055603,9,2,massa,williams,5,4,6
0,2016,10,298,1.0238382816314697,1.125684380531311,9,129,hamilton,mercedes,6,5,8
807,2016,10,298,1.0217137336730957,1.118177905678749,8,9,hulkenberg,force_india,7,6,9
2,2016,10,298,1.0057144165039062,1.107872724533081,9,129,rosberg,mercedes,8,6,9
814,2016,10,298,0.9605079889297485,1.0699095487594605,10,9,perez,force_india,9,7,10
19,2016,10,298,0.9617075324058533,1.057098192828042,7,5,vettel,ferrari,10,8,10
17,2016,10,298,0.8957122564315796,0.998470664024353,8,0,button,mclaren,11,11,11
3,2016,10,298,0.6944465637207031,0.792595624923706,6,0,alonso,mclaren,12,12,13
816,2016,10,298,0.679131031036377,0.7888204216957092,10,8,ricciardo,red_bull,13,12,13
825,2016,10,298,0.4924638271331787,0.6129600008328756,6,4,kvyat,toro_rosso,14,14,14
824,2016,10,298,-0.8170093894004822,-0.6999069253603617,9,3,kevin_magnussen,renault,15,15,15
830,2016,10,298,-0.9902819395065308,-0.8749484552277459,9,14,nasr,sauber,16,16,17
820,2016,10,298,-1.029373049736023,-0.9165290594100952,8,207,gutierrez,haas,17,16,17
821,2016,11,299,1.4920692443847656,1.4675748890096492,11,2,bottas,williams,1,1,1
829,2016,11,299,1.2866077423095703,1.2637310955259535,9,8,max_verstappen,red_bull,2,2,3
831,2016,11,299,1.2909092903137207,1.2578960524664984,9,4,sainz,toro_rosso,3,2,3
7,2016,11,299,1.2117457389831543,1.1999310122595892,9,5,raikkonen,ferrari,4,4,5
12,2016,11,299,1.1984121799468994,1.1721086144447326,10,2,massa,williams,5,4,5
0,2016,11,299,1.1609270572662354,1.1292086482048034,10,129,hamilton,mercedes,6,6,8
807,2016,11,299,1.1590290069580078,1.1227169169320002,9,9,hulkenberg,force_india,7,6,8
2,2016,11,299,1.1427570581436157,1.1113611578941345,10,129,rosberg,mercedes,8,6,9
814,2016,11,299,1.0973010063171387,1.0723996812647039,11,9,perez,force_india,9,8,10
19,2016,11,299,1.0990914106369019,1.0623473450541496,8,5,vettel,ferrari,10,8,10
3,2016,11,299,0.8317816853523254,0.798193633556366,7,0,alonso,mclaren,11,11,12
816,2016,11,299,0.8158887028694153,0.7912811745296825,11,8,ricciardo,red_bull,12,11,12
825,2016,11,299,0.6290975213050842,0.6152653609003339,7,4,kvyat,toro_rosso,13,13,13
153,2016,11,299,0.2943001687526703,0.27072785463598037,9,207,grosjean,haas,14,14,14
824,2016,11,299,-0.6807512044906616,-0.6979913532733917,10,3,kevin_magnussen,renault,15,15,15
830,2016,11,299,-0.8537626266479492,-0.8728298723697663,10,14,nasr,sauber,16,16,16
820,2016,11,299,-0.8927870988845825,-0.9138910637961494,9,207,gutierrez,haas,17,16,17
836,2016,11,299,-1.1350650787353516,-1.120140254497528,8,206,haryanto,manor,18,18,18
834,2016,11,299,-1.2876911163330078,-1.2721711567470007,7,3,jolyon_palmer,renault,19,19,20
827,2016,11,299,-1.2796584367752075,-1.280083954334259,8,14,ericsson,sauber,20,19,20
835,2016,11,299,-1.336270809173584,-1.3308563497331407,9,206,wehrlein,manor,21,21,21
821,2016,12,300,1.4761649370193481,1.4682907263437908,12,2,bottas,williams,1,1,1
829,2016,12,300,1.2708406448364258,1.2644420504570006,10,8,max_verstappen,red_bull,2,2,3
831,2016,12,300,1.2756649255752563,1.2596729397773743,10,4,sainz,toro_rosso,3,2,3
7,2016,12,300,1.1956266164779663,1.199500572681427,10,5,raikkonen,ferrari,4,4,4
0,2016,12,300,1.1453208923339844,1.1306733976710925,11,129,hamilton,mercedes,5,5,7
807,2016,12,300,1.1436187028884888,1.124807095527649,10,9,hulkenberg,force_india,6,5,7
2,2016,12,300,1.1271109580993652,1.1127929579127918,11,129,rosberg,mercedes,7,5,8
814,2016,12,300,1.0814392566680908,1.073152979214986,12,9,perez,force_india,8,7,9
19,2016,12,300,1.0837403535842896,1.0647243460019429,9,5,vettel,ferrari,9,8,9
17,2016,12,300,1.015098214149475,1.000318169593811,9,0,button,mclaren,10,10,10
3,2016,12,300,0.8163884282112122,0.8004679828882217,8,0,alonso,mclaren,11,11,12
816,2016,12,300,0.7999958992004395,0.7920074015855789,12,8,ricciardo,red_bull,12,11,12
825,2016,12,300,0.6130976676940918,0.6149943992495537,8,4,kvyat,toro_rosso,13,13,13
153,2016,12,300,0.277899831533432,0.2714450523257256,10,207,grosjean,haas,14,14,14
824,2016,12,300,-0.6970759630203247,-0.6979081359776583,11,3,kevin_magnussen,renault,15,15,15
820,2016,12,300,-0.9088283777236938,-0.9133847951889038,10,207,gutierrez,haas,16,16,16
836,2016,12,300,-1.1535263061523438,-1.1238498157925076,9,206,haryanto,manor,17,17,17
834,2016,12,300,-1.3051244020462036,-1.276290312409401,8,3,jolyon_palmer,renault,18,18,19
827,2016,12,300,-1.296645164489746,-1.2819240887959797,9,14,ericsson,sauber,19,18,19
835,2016,12,300,-1.35342276096344,-1.3331129908561707,10,206,wehrlein,manor,20,20,20
821,2016,13,301,1.4003585577011108,1.4630651749097383,13,2,bottas,williams,1,1,1
829,2016,13,301,1.1951533555984497,1.2581430781971326,11,8,max_verstappen,red_bull,2,2,2
7,2016,13,301,1.1196346282958984,1.1922400322827427,11,5,raikkonen,ferrari,3,3,4
12,2016,13,301,1.106119990348816,1.166109648617831,11,2,massa,williams,4,3,5
0,2016,13,301,1.0697726011276245,1.1255983312924702,12,129,hamilton,mercedes,5,4,7
807,2016,13,301,1.0682399272918701,1.1196646256880327,11,9,hulkenberg,force_india,6,5,7
2,2016,13,301,1.0515282154083252,1.1076875627040863,12,129,rosberg,mercedes,7,5,8
814,2016,13,301,1.0056698322296143,1.0679619679084191,13,9,perez,force_india,8,7,9
19,2016,13,301,1.0084129571914673,1.0590932071208954,10,5,vettel,ferrari,9,8,9
3,2016,13,301,0.741024374961853,0.7938631375630697,9,0,alonso,mclaren,10,10,11
816,2016,13,301,0.7242000102996826,0.7867914484097407,13,8,ricciardo,red_bull,11,10,11
825,2016,13,301,0.5372089147567749,0.6063515676392449,9,4,kvyat,toro_rosso,12,12,12
153,2016,13,301,0.2016647607088089,0.2651013894514604,11,207,grosjean,haas,13,13,13
838,2016,13,301,0.15414366126060486,0.15414366126060486,1,206,ocon,manor,14,14,14
830,2016,13,301,-0.9464324712753296,-0.8795210177248175,11,14,nasr,sauber,15,15,16
820,2016,13,301,-0.9847526550292969,-0.9198727824471213,11,207,gutierrez,haas,16,15,16
834,2016,13,301,-1.382252812385559,-1.288063923517863,9,3,jolyon_palmer,renault,17,17,17
821,2016,14,302,1.375744342803955,1.4568279726164681,14,2,bottas,williams,1,1,1
831,2016,14,302,1.1785997152328491,1.252302646636963,11,4,sainz,toro_rosso,2,2,3
829,2016,14,302,1.1706418991088867,1.250851313273112,12,8,max_verstappen,red_bull,3,2,3
7,2016,14,302,1.0948598384857178,1.1841250161329906,12,5,raikkonen,ferrari,4,4,5
12,2016,14,302,1.0817677974700928,1.1590811610221863,12,2,massa,williams,5,4,6
0,2016,14,302,1.0453816652297974,1.1194278185184185,13,129,hamilton,mercedes,6,5,8
807,2016,14,302,1.0439954996109009,1.113358865181605,12,9,hulkenberg,force_india,7,5,8
2,2016,14,302,1.0271072387695312,1.101489076247582,13,129,rosberg,mercedes,8,6,9
814,2016,14,302,0.9810876846313477,1.061756661960057,14,9,perez,force_india,9,8,10
19,2016,14,302,0.9842128753662109,1.052285904234106,11,5,vettel,ferrari,10,9,10
17,2016,14,302,0.9180099964141846,0.9920873522758484,10,0,button,mclaren,11,11,11
3,2016,14,302,0.7167928218841553,0.7861561059951783,10,0,alonso,mclaren,12,12,13
816,2016,14,302,0.6995946168899536,0.7805631033011845,14,8,ricciardo,red_bull,13,12,13
153,2016,14,302,0.17667964100837708,0.2577329104145368,12,207,grosjean,haas,14,14,14
838,2016,14,302,0.09437686204910278,0.12426026165485382,2,206,ocon,manor,15,15,15
824,2016,14,302,-0.7950758934020996,-0.7060054490963618,12,3,kevin_magnussen,renault,16,16,16
820,2016,14,302,-1.0094691514968872,-0.9273391465346018,12,207,gutierrez,haas,17,17,17
827,2016,14,302,-1.3952176570892334,-1.293253445625305,10,14,ericsson,sauber,18,18,18
831,2016,15,303,1.3027230501174927,1.256504346927007,12,4,sainz,toro_rosso,1,1,2
829,2016,15,303,1.2947361469268799,1.2542270697080171,13,8,max_verstappen,red_bull,2,1,2
7,2016,15,303,1.2187261581420898,1.1867866424413829,13,5,raikkonen,ferrari,3,3,4
12,2016,15,303,1.2060000896453857,1.162690309377817,13,2,massa,williams,4,3,5
0,2016,15,303,1.1695799827575684,1.1230101159640722,14,129,hamilton,mercedes,5,4,6
2,2016,15,303,1.1512799263000488,1.105045565537044,14,129,rosberg,mercedes,6,5,6
814,2016,15,303,1.1051205396652222,1.0646475871404013,15,9,perez,force_india,7,6,8
19,2016,15,303,1.1085762977600098,1.0569767703612645,12,5,vettel,ferrari,8,7,8
3,2016,15,303,0.8411290049552917,0.7911536422642794,11,0,alonso,mclaren,9,9,10
816,2016,15,303,0.8236075639724731,0.7834327340126037,15,8,ricciardo,red_bull,10,9,10
825,2016,15,303,0.6399193406105042,0.6097083449363708,10,4,kvyat,toro_rosso,11,11,11
838,2016,15,303,0.2202213704586029,0.15624729792277017,3,206,ocon,manor,12,12,12
824,2016,15,303,-0.6717608571052551,-0.7033712497124305,13,3,kevin_magnussen,renault,13,13,13
830,2016,15,303,-0.8437156081199646,-0.8765372335910797,12,14,nasr,sauber,14,14,14
820,2016,15,303,-0.8855524063110352,-0.9241247819020197,13,207,gutierrez,haas,15,15,15
834,2016,15,303,-1.2806148529052734,-1.287319016456604,10,3,jolyon_palmer,renault,16,16,17
827,2016,15,303,-1.2723978757858276,-1.2913574847308071,11,14,ericsson,sauber,17,16,17
835,2016,15,303,-1.3247419595718384,-1.3323519880121404,11,206,wehrlein,manor,18,18,18
821,2016,16,304,1.405754804611206,1.4534230947494506,15,2,bottas,williams,1,1,1
831,2016,16,304,1.21163010597229,1.2530524822381826,13,4,sainz,toro_rosso,2,2,3
829,2016,16,304,1.203618049621582,1.2506121397018433,14,8,max_verstappen,red_bull,3,2,3
7,2016,16,304,1.127410888671875,1.1825455171721322,14,5,raikkonen,ferrari,4,4,5
12,2016,16,304,1.11500084400177,1.1592839189938136,14,2,massa,williams,5,4,5
807,2016,16,304,1.074325680732727,1.1103563125316913,13,9,hulkenberg,force_india,6,6,7
2,2016,16,304,1.0602293014526367,1.1020578145980835,15,129,rosberg,mercedes,7,6,7
814,2016,16,304,1.0139492750167847,1.0614789426326752,16,9,perez,force_india,8,8,8
17,2016,16,304,0.9481187462806702,0.9880902062762867,11,0,button,mclaren,9,9,9
3,2016,16,304,0.7502201795578003,0.7877425203720728,12,0,alonso,mclaren,10,10,11
816,2016,16,304,0.7324191331863403,0.7802443839609623,16,8,ricciardo,red_bull,11,10,11
825,2016,16,304,0.548204779624939,0.6041171117262407,11,4,kvyat,toro_rosso,12,12,12
838,2016,16,304,0.130617156624794,0.14983976259827614,4,206,ocon,manor,13,13,13
834,2016,16,304,-1.3732571601867676,-1.295131574977528,11,3,jolyon_palmer,renault,14,14,16
827,2016,16,304,-1.3646185398101807,-1.2974625726540883,12,14,ericsson,sauber,15,14,15
835,2016,16,304,-1.4177041053771973,-1.3394646644592285,12,206,wehrlein,manor,16,15,16
821,2016,17,305,1.4568243026733398,1.4536356702446938,16,2,bottas,williams,1,1,1
831,2016,17,305,1.262410044670105,1.2537208795547485,14,4,sainz,toro_rosso,2,2,3
829,2016,17,305,1.25437593460083,1.2508630593617758,15,8,max_verstappen,red_bull,3,2,3
7,2016,17,305,1.1779985427856445,1.1822423855463664,15,5,raikkonen,ferrari,4,4,5
12,2016,17,305,1.1658620834350586,1.1597224632898966,15,2,massa,williams,5,4,6
0,2016,17,305,1.1310513019561768,1.1235461950302124,15,129,hamilton,mercedes,6,5,8
807,2016,17,305,1.1256718635559082,1.1114502804619926,14,9,hulkenberg,force_india,7,6,8
2,2016,17,305,1.1110460758209229,1.102619580924511,16,129,rosberg,mercedes,8,6,8
814,2016,17,305,1.0646613836288452,1.0616661450442146,17,9,perez,force_india,9,8,10
19,2016,17,305,1.0701905488967896,1.0579932148639972,13,5,vettel,ferrari,10,9,10
17,2016,17,305,0.999273419380188,0.9890221407016119,12,0,button,mclaren,11,11,11
3,2016,17,305,0.8011593222618103,0.7887745820558988,13,0,alonso,mclaren,12,12,13
816,2016,17,305,0.783116340637207,0.7804133225889767,17,8,ricciardo,red_bull,13,12,13
825,2016,17,305,0.5984469652175903,0.6036445995171865,12,4,kvyat,toro_rosso,14,14,14
153,2016,17,305,0.25886833667755127,0.2578202508963071,13,207,grosjean,haas,15,15,15
838,2016,17,305,0.18268482387065887,0.15640877485275267,5,206,ocon,manor,16,16,16
824,2016,17,305,-0.7110537886619568,-0.7039200024945396,14,3,kevin_magnussen,renault,17,17,17
830,2016,17,305,-0.8829250931739807,-0.877028607405149,13,14,nasr,sauber,18,18,18
820,2016,17,305,-0.9243246912956238,-0.9241390611444201,14,207,gutierrez,haas,19,19,19
834,2016,17,305,-1.323817253112793,-1.2975220481554668,12,3,jolyon_palmer,renault,20,20,21
827,2016,17,305,-1.3148140907287598,-1.2987973048136785,13,14,ericsson,sauber,21,20,21
835,2016,17,305,-1.3685407638549805,-1.341701287489671,13,206,wehrlein,manor,22,22,22
821,2016,18,306,1.4764796495437622,1.4549794337328743,17,2,bottas,williams,1,1,1
831,2016,18,306,1.2818148136138916,1.2555938084920248,15,4,sainz,toro_rosso,2,2,2
12,2016,18,306,1.1853371858596802,1.1613233834505081,16,2,massa,williams,3,3,3
0,2016,18,306,1.1502799987792969,1.1252170577645302,16,129,hamilton,mercedes,4,4,5
2,2016,18,306,1.1304826736450195,1.1042585863786585,17,129,rosberg,mercedes,5,4,5
814,2016,18,306,1.084007740020752,1.0629073447651334,18,9,perez,force_india,6,6,7
19,2016,18,306,1.0895428657531738,1.0602467613560813,14,5,vettel,ferrari,7,6,7
17,2016,18,306,1.0190024375915527,0.9913283173854535,13,0,button,mclaren,8,8,8
3,2016,18,306,0.8207018971443176,0.7910551045622144,14,0,alonso,mclaren,9,9,10
816,2016,18,306,0.8024498224258423,0.7816375725799136,18,8,ricciardo,red_bull,10,9,10
825,2016,18,306,0.6173866987228394,0.6047016840714675,13,4,kvyat,toro_rosso,11,11,11
153,2016,18,306,0.2780531346797943,0.25926545688084196,14,207,grosjean,haas,12,12,12
838,2016,18,306,0.20320354402065277,0.1642079030474027,6,206,ocon,manor,13,13,13
824,2016,18,306,-0.6924859285354614,-0.7031577308972676,15,3,kevin_magnussen,renault,14,14,14
830,2016,18,306,-0.8642850518226624,-0.8761183534349714,14,14,nasr,sauber,15,15,15
834,2016,18,306,-1.3055717945098877,-1.2981412594134991,13,3,jolyon_palmer,renault,16,16,17
827,2016,18,306,-1.296252965927124,-1.2986155663217818,14,14,ericsson,sauber,17,16,17
835,2016,18,306,-1.350534439086914,-1.342332226889474,14,206,wehrlein,manor,18,18,18
821,2016,19,307,1.4309608936309814,1.4536450703938801,18,2,bottas,williams,1,1,1
831,2016,19,307,1.236079454421997,1.254374161362648,16,4,sainz,toro_rosso,2,2,3
829,2016,19,307,1.226435899734497,1.2493363618850708,16,8,max_verstappen,red_bull,3,2,3
7,2016,19,307,1.149910807609558,1.1802216619253159,16,5,raikkonen,ferrari,4,4,5
12,2016,19,307,1.1396626234054565,1.160049221094917,17,2,massa,williams,5,4,5
0,2016,19,307,1.1043922901153564,1.1239920714322258,17,129,hamilton,mercedes,6,5,8
807,2016,19,307,1.0982403755187988,1.1105696201324462,15,9,hulkenberg,force_india,7,6,8
2,2016,19,307,1.0847749710083008,1.1031761633025274,18,129,rosberg,mercedes,8,6,8
814,2016,19,307,1.0382217168807983,1.0616081011922736,19,9,perez,force_india,9,9,10
19,2016,19,307,1.04376220703125,1.0591477910677591,15,5,vettel,ferrari,10,9,10
17,2016,19,307,0.9735473394393921,0.9900582475321633,14,0,button,mclaren,11,11,11
3,2016,19,307,0.7750856876373291,0.7899904767672221,15,0,alonso,mclaren,12,12,13
816,2016,19,307,0.7566525936126709,0.7803225736869009,19,8,ricciardo,red_bull,13,12,13
825,2016,19,307,0.5712490081787109,0.6023122072219849,14,4,kvyat,toro_rosso,14,14,14
153,2016,19,307,0.23212744295597076,0.2574562559525172,15,207,grosjean,haas,15,15,15
838,2016,19,307,0.158431738615036,0.16338273669992173,7,206,ocon,manor,16,16,16
824,2016,19,307,-0.7389452457427979,-0.7053944505751133,16,3,kevin_magnussen,renault,17,17,17
830,2016,19,307,-0.910682201385498,-0.8784226099650065,15,14,nasr,sauber,18,18,18
820,2016,19,307,-0.9526327848434448,-0.9260386427243551,15,207,gutierrez,haas,19,19,19
827,2016,19,307,-1.342718243598938,-1.3015557448069255,15,14,ericsson,sauber,20,20,21
834,2016,19,307,-1.3523098230361938,-1.302010442529406,14,3,jolyon_palmer,renault,21,20,21
821,2016,20,308,1.3880527019500732,1.4501928404757851,19,2,bottas,williams,1,1,1
831,2016,20,308,1.192983865737915,1.2507629675023697,17,4,sainz,toro_rosso,2,2,3
829,2016,20,308,1.1835389137268066,1.245465923758114,17,8,max_verstappen,red_bull,3,2,3
0,2016,20,308,1.0611650943756104,1.1205016838179693,18,129,hamilton,mercedes,4,4,5
807,2016,20,308,1.0557833909988403,1.107145480811596,16,9,hulkenberg,force_india,5,4,6
2,2016,20,308,1.041703224182129,1.0999407454540855,19,129,rosberg,mercedes,6,4,6
814,2016,20,308,0.9950823783874512,1.0582818150520326,20,9,perez,force_india,7,7,8
19,2016,20,308,1.0006273984909058,1.0554902665317059,16,5,vettel,ferrari,8,7,8
17,2016,20,308,0.9306944608688354,0.9861006617546082,15,0,button,mclaren,9,9,9
3,2016,20,308,0.7320932149887085,0.786371897906065,16,0,alonso,mclaren,10,10,11
816,2016,20,308,0.7135036587715149,0.7769816279411316,20,8,ricciardo,red_bull,11,10,11
825,2016,20,308,0.5278055667877197,0.5973450978597005,15,4,kvyat,toro_rosso,12,12,12
838,2016,20,308,0.1161697655916214,0.1574811153113842,8,206,ocon,manor,13,13,13
824,2016,20,308,-0.7826669216156006,-0.7099398900480831,17,3,kevin_magnussen,renault,14,14,14
830,2016,20,308,-0.9543498754501343,-0.883168064057827,16,14,nasr,sauber,15,15,15
835,2016,20,308,-1.4398212432861328,-1.3488314946492512,15,206,wehrlein,manor,16,16,16
829,2016,21,309,1.28348970413208,1.2475783560011122,18,8,max_verstappen,red_bull,1,1,1
7,2016,21,309,1.2092227935791016,1.1819276108461267,17,5,raikkonen,ferrari,2,2,3
12,2016,21,309,1.1989562511444092,1.162210722764333,18,2,massa,williams,3,2,3
0,2016,21,309,1.1608303785324097,1.1226242466976768,19,129,hamilton,mercedes,4,4,6
807,2016,21,309,1.1561150550842285,1.1100260440041037,17,9,hulkenberg,force_india,5,4,6
2,2016,21,309,1.141503095626831,1.1020188629627228,20,129,rosberg,mercedes,6,4,6
814,2016,21,309,1.0948237180709839,1.0600219056719826,21,9,perez,force_india,7,7,8
19,2016,21,309,1.1003727912902832,1.0581304150469162,17,5,vettel,ferrari,8,7,8
3,2016,21,309,0.8319616317749023,0.7890536469571731,17,0,alonso,mclaren,9,9,10
816,2016,21,309,0.8132365942001343,0.778708054905846,21,8,ricciardo,red_bull,10,9,10
153,2016,21,309,0.2912037968635559,0.2595654772594571,16,207,grosjean,haas,11,11,11
838,2016,21,309,0.2166699320077896,0.1640576504998737,9,206,ocon,manor,12,12,12
830,2016,21,309,-0.8550657629966736,-0.8815149875248179,17,14,nasr,sauber,13,13,13
820,2016,21,309,-0.8935114741325378,-0.9240056946873665,16,207,gutierrez,haas,14,14,14
827,2016,21,309,-1.2841086387634277,-1.3004653006792068,16,14,ericsson,sauber,15,15,16
834,2016,21,309,-1.2939361333847046,-1.3014721552530923,15,3,jolyon_palmer,renault,16,15,16
835,2016,21,309,-1.341190218925476,-1.3483539149165154,16,206,wehrlein,manor,17,17,17
821,2017,1,310,1.3507795333862305,1.3507795333862305,1,129,bottas,mercedes,1,1,1
831,2017,1,310,1.1555485725402832,1.1555485725402832,1,4,sainz,toro_rosso,2,2,2
829,2017,1,310,1.148816704750061,1.148816704750061,1,8,max_verstappen,red_bull,3,3,3
7,2017,1,310,1.0741171836853027,1.0741171836853027,1,5,raikkonen,ferrari,4,4,4
12,2017,1,310,1.0638349056243896,1.0638349056243896,1,2,massa,williams,5,5,5
0,2017,1,310,1.0259103775024414,1.0259103775024414,1,129,hamilton,mercedes,6,6,6
807,2017,1,310,1.0217711925506592,1.0217711925506592,1,3,hulkenberg,renault,7,7,7
19,2017,1,310,0.9655219316482544,0.9655219316482544,1,5,vettel,ferrari,8,8,8
814,2017,1,310,0.9599694013595581,0.9599694013595581,1,9,perez,force_india,9,9,9
825,2017,1,310,0.4900691509246826,0.4900691509246826,1,4,kvyat,toro_rosso,10,10,10
838,2017,1,310,0.08247204124927521,0.08247204124927521,1,9,ocon,force_india,11,11,11
840,2017,1,310,-0.8704878091812134,-0.8704878091812134,1,14,giovinazzi,sauber,12,12,12
837,2017,1,310,-1.4420700073242188,-1.4420700073242188,1,0,vandoorne,mclaren,13,13,13
821,2017,2,311,1.3979871273040771,1.3743833303451538,2,129,bottas,mercedes,1,1,1
831,2017,2,311,1.202615737915039,1.1790821552276611,2,4,sainz,toro_rosso,2,2,3
829,2017,2,311,1.1956892013549805,1.1722529530525208,2,8,max_verstappen,red_bull,3,2,3
7,2017,2,311,1.1206157207489014,1.097366452217102,2,5,raikkonen,ferrari,4,4,5
12,2017,2,311,1.1103198528289795,1.0870773792266846,2,2,massa,williams,5,4,6
0,2017,2,311,1.0725691318511963,1.0492397546768188,2,129,hamilton,mercedes,6,5,7
807,2017,2,311,1.0689284801483154,1.0453498363494873,2,3,hulkenberg,renault,7,5,7
19,2017,2,311,1.0122404098510742,0.9888811707496643,2,5,vettel,ferrari,8,8,9
814,2017,2,311,1.0066851377487183,0.9833272695541382,2,9,perez,force_india,9,8,9
816,2017,2,311,0.7292237281799316,0.7292237281799316,1,8,ricciardo,red_bull,10,10,10
153,2017,2,311,0.2067432999610901,0.2067432999610901,1,207,grosjean,haas,11,11,11
838,2017,2,311,0.12975554168224335,0.10611379146575928,2,9,ocon,force_india,12,12,12
824,2017,2,311,-0.7697954177856445,-0.7697954177856445,1,207,kevin_magnussen,haas,13,13,13
827,2017,2,311,-1.3689727783203125,-1.3689727783203125,1,14,ericsson,sauber,14,14,14
834,2017,2,311,-1.3790044784545898,-1.3790044784545898,1,3,jolyon_palmer,renault,15,15,15
821,2017,3,312,1.3947762250900269,1.381180961926778,3,129,bottas,mercedes,1,1,1
7,2017,3,312,1.1167917251586914,1.1038415431976318,3,5,raikkonen,ferrari,2,2,3
12,2017,3,312,1.1064839363098145,1.0935462315877278,3,2,massa,williams,3,2,3
0,2017,3,312,1.0688838958740234,1.0557878017425537,3,129,hamilton,mercedes,4,4,5
807,2017,3,312,1.0656743049621582,1.0521246592203777,3,3,hulkenberg,renault,5,4,5
19,2017,3,312,1.0086069107055664,0.9954564174016317,3,5,vettel,ferrari,6,6,7
814,2017,3,312,1.0030490159988403,0.9899011850357056,3,9,perez,force_india,7,6,7
3,2017,3,312,0.7457165718078613,0.7457165718078613,1,0,alonso,mclaren,8,8,8
816,2017,3,312,0.7250233888626099,0.7271235585212708,2,8,ricciardo,red_bull,9,9,9
825,2017,3,312,0.534526526927948,0.5122978389263153,2,4,kvyat,toro_rosso,10,10,10
153,2017,3,312,0.2021557241678238,0.20444951206445694,2,207,grosjean,haas,11,11,11
838,2017,3,312,0.12661054730415344,0.11294604341189067,3,9,ocon,force_india,12,12,12
834,2017,3,312,-1.384117841720581,-1.3815611600875854,2,3,jolyon_palmer,renault,13,13,13
835,2017,3,312,-1.4285054206848145,-1.4285054206848145,1,14,wehrlein,sauber,14,14,14
821,2017,4,313,1.4657704830169678,1.4023283421993256,4,129,bottas,mercedes,1,1,1
831,2017,4,313,1.2711286544799805,1.2097643216451008,3,4,sainz,toro_rosso,2,2,3
829,2017,4,313,1.2640337944030762,1.2028465668360393,3,8,max_verstappen,red_bull,3,2,3
7,2017,4,313,1.1872553825378418,1.1246950030326843,4,5,raikkonen,ferrari,4,4,6
12,2017,4,313,1.176937460899353,1.1143940389156342,4,2,massa,williams,5,4,6
0,2017,4,313,1.139467477798462,1.0767077207565308,4,129,hamilton,mercedes,6,5,8
807,2017,4,313,1.1366312503814697,1.0732513070106506,4,3,hulkenberg,renault,7,5,8
19,2017,4,313,1.0792354345321655,1.0164011716842651,4,5,vettel,ferrari,8,7,9
814,2017,4,313,1.073675274848938,1.0108447074890137,4,9,perez,force_india,9,7,9
825,2017,4,313,0.605057954788208,0.5432178775469462,3,4,kvyat,toro_rosso,10,10,10
838,2017,4,313,0.19766168296337128,0.13412495329976082,4,9,ocon,force_india,11,11,11
824,2017,4,313,-0.7022615075111389,-0.7360284626483917,2,207,kevin_magnussen,haas,12,12,12
839,2017,4,313,-0.8749198913574219,-0.8749198913574219,1,2,stroll,williams,13,13,13
827,2017,4,313,-1.3020641803741455,-1.335518479347229,2,14,ericsson,sauber,14,14,15
837,2017,4,313,-1.330726146697998,-1.3863980770111084,2,0,vandoorne,mclaren,15,14,16
835,2017,4,313,-1.3594415187835693,-1.393973469734192,2,14,wehrlein,sauber,16,14,16
831,2017,5,314,1.3176220655441284,1.2367287576198578,4,4,sainz,toro_rosso,1,1,1
12,2017,5,314,1.223183035850525,1.1361518383026123,5,2,massa,williams,2,2,4
0,2017,5,314,1.1858257055282593,1.0985313177108764,5,129,hamilton,mercedes,3,2,5
807,2017,5,314,1.1833118200302124,1.095263409614563,5,3,hulkenberg,renault,4,2,5
19,2017,5,314,1.1256322860717773,1.0382473945617676,5,5,vettel,ferrari,5,4,6
814,2017,5,314,1.1200700998306274,1.0326897859573365,5,9,perez,force_india,6,4,6
3,2017,5,314,0.8599225282669067,0.802819550037384,2,0,alonso,mclaren,7,7,8
816,2017,5,314,0.8393779397010803,0.7645416855812073,3,8,ricciardo,red_bull,8,7,8
825,2017,5,314,0.6513707637786865,0.5702560991048813,4,4,kvyat,toro_rosso,9,9,9
153,2017,5,314,0.31617528200149536,0.24169143537680307,3,207,grosjean,haas,10,10,10
838,2017,5,314,0.24442410469055176,0.156184783577919,5,9,ocon,force_india,11,11,11
824,2017,5,314,-0.6566150188446045,-0.709557314713796,3,207,kevin_magnussen,haas,12,12,12
839,2017,5,314,-0.9558671712875366,-0.9153935313224792,2,2,stroll,williams,13,13,13
827,2017,5,314,-1.2569589614868164,-1.309331973393758,3,14,ericsson,sauber,14,14,16
834,2017,5,314,-1.2705531120300293,-1.3445584774017334,3,3,jolyon_palmer,renault,15,14,16
835,2017,5,314,-1.314397931098938,-1.3674482901891072,3,14,wehrlein,sauber,16,14,16
821,2017,6,315,1.4032907485961914,1.4025208234786988,5,129,bottas,mercedes,1,1,1
831,2017,6,315,1.2123886346817017,1.2318607330322267,5,4,sainz,toro_rosso,2,2,3
829,2017,6,315,1.2011888027191162,1.2024321258068085,4,8,max_verstappen,red_bull,3,2,3
12,2017,6,315,1.1177351474761963,1.133082389831543,6,2,massa,williams,4,4,6
7,2017,6,315,1.124316930770874,1.1246193885803222,5,5,raikkonen,ferrari,5,4,6
0,2017,6,315,1.0804753303527832,1.0955219864845276,6,129,hamilton,mercedes,6,4,7
19,2017,6,315,1.020315408706665,1.0352587302525837,6,5,vettel,ferrari,7,7,8
814,2017,6,315,1.014751672744751,1.0297001004219055,6,9,perez,force_india,8,7,8
816,2017,6,315,0.733931303024292,0.7568890899419785,4,8,ricciardo,red_bull,9,9,9
825,2017,6,315,0.5459810495376587,0.5654010891914367,5,4,kvyat,toro_rosso,10,10,10
153,2017,6,315,0.2104390263557434,0.23387833312153816,4,207,grosjean,haas,11,11,11
838,2017,6,315,0.1394234299659729,0.15339122464259466,6,9,ocon,force_india,12,12,12
824,2017,6,315,-0.7625811100006104,-0.7228132635354996,4,207,kevin_magnussen,haas,13,13,13
839,2017,6,315,-1.0649478435516357,-0.9652449687321981,3,2,stroll,williams,14,14,14
834,2017,6,315,-1.3766827583312988,-1.3525895476341248,4,3,jolyon_palmer,renault,15,15,15
821,2017,7,316,1.5474109649658203,1.426669180393219,6,129,bottas,mercedes,1,1,1
7,2017,7,316,1.268040418624878,1.1485228935877483,6,5,raikkonen,ferrari,2,2,4
807,2017,7,316,1.2231249809265137,1.1165736714998882,6,3,hulkenberg,renault,3,2,5
0,2017,7,316,1.2237697839736938,1.1138431004115514,7,129,hamilton,mercedes,4,2,5
19,2017,7,316,1.163638949394226,1.0535987615585327,7,5,vettel,ferrari,5,4,6
814,2017,7,316,1.1580736637115479,1.0480391808918543,7,9,perez,force_india,6,4,6
3,2017,7,316,0.8992317914962769,0.834956963857015,3,0,alonso,mclaren,7,7,8
816,2017,7,316,0.8771426677703857,0.78093980550766,5,8,ricciardo,red_bull,8,7,8
153,2017,7,316,0.35339969396591187,0.2577826052904129,5,207,grosjean,haas,9,9,9
838,2017,7,316,0.2830204367637634,0.17190968351704733,7,9,ocon,force_india,10,10,10
824,2017,7,316,-0.6198190450668335,-0.7022144198417664,5,207,kevin_magnussen,haas,11,11,11
839,2017,7,316,-0.9248800873756409,-0.9551537483930588,4,2,stroll,williams,12,12,12
827,2017,7,316,-1.2185084819793701,-1.2866261005401611,4,14,ericsson,sauber,13,13,15
834,2017,7,316,-1.2340621948242188,-1.3288840770721435,5,3,jolyon_palmer,renault,14,13,16
837,2017,7,316,-1.253188133239746,-1.3419947624206543,3,0,vandoorne,mclaren,15,13,16
835,2017,7,316,-1.2760010957717896,-1.3445864915847778,4,14,wehrlein,sauber,16,13,16
821,2017,8,317,1.536585807800293,1.4423715557370866,7,129,bottas,mercedes,1,1,1
831,2017,8,317,1.3391003608703613,1.2497340043385823,6,4,sainz,toro_rosso,2,2,2
7,2017,8,317,1.2568719387054443,1.1640013286045618,7,5,raikkonen,ferrari,3,3,4
0,2017,8,317,1.2122303247451782,1.1261415034532547,8,129,hamilton,mercedes,4,3,5
19,2017,8,317,1.1521244049072266,1.0659144669771194,8,5,vettel,ferrari,5,4,5
3,2017,8,317,0.8872833251953125,0.8480385541915894,4,0,alonso,mclaren,6,6,7
816,2017,8,317,0.8655311465263367,0.7950383623441061,6,8,ricciardo,red_bull,7,6,7
153,2017,8,317,0.34157150983810425,0.2717474227150281,6,207,grosjean,haas,8,8,8
838,2017,8,317,0.27174264192581177,0.1843888033181429,8,9,ocon,force_india,9,9,9
824,2017,8,317,-0.6318191289901733,-0.6904818713665009,6,207,kevin_magnussen,haas,10,10,10
839,2017,8,317,-0.9392105340957642,-0.9519651055335998,5,2,stroll,williams,11,11,11
827,2017,8,317,-1.2311999797821045,-1.2755408763885498,5,14,ericsson,sauber,12,12,14
837,2017,8,317,-1.2683262825012207,-1.323577642440796,4,0,vandoorne,mclaren,13,12,14
835,2017,8,317,-1.2887388467788696,-1.333416962623596,5,14,wehrlein,sauber,14,12,14
821,2017,9,318,1.520742416381836,1.4521679133176804,8,129,bottas,mercedes,1,1,1
7,2017,9,318,1.2407314777374268,1.17359259724617,8,5,raikkonen,ferrari,2,2,5
12,2017,9,318,1.2241007089614868,1.1460850068501063,7,2,massa,williams,3,2,5
0,2017,9,318,1.1957688331604004,1.1338778734207153,9,129,hamilton,mercedes,4,2,6
807,2017,9,318,1.1914515495300293,1.1272705112184798,7,3,hulkenberg,renault,5,2,6
19,2017,9,318,1.1356847286224365,1.0736667182710435,9,5,vettel,ferrari,6,5,7
814,2017,9,318,1.1263974905014038,1.057833969593048,8,9,perez,force_india,7,5,7
816,2017,9,318,0.8490075469017029,0.8027482458523342,7,8,ricciardo,red_bull,8,8,8
825,2017,9,318,0.6523969769477844,0.5799004038174947,6,4,kvyat,toro_rosso,9,9,9
153,2017,9,318,0.32486027479171753,0.279334973011698,7,207,grosjean,haas,10,10,10
838,2017,9,318,0.25550758838653564,0.1922908905479643,9,9,ocon,force_india,11,11,11
839,2017,9,318,-0.9580862522125244,-0.9529852966467539,6,2,stroll,williams,12,12,12
827,2017,9,318,-1.2486578226089478,-1.2710603674252827,6,14,ericsson,sauber,13,13,15
837,2017,9,318,-1.287900686264038,-1.3164422512054443,5,0,vandoorne,mclaren,14,13,16
834,2017,9,318,-1.266345500946045,-1.3184609810511272,6,3,jolyon_palmer,renault,15,13,16
835,2017,9,318,-1.306236743927002,-1.3288869261741638,6,14,wehrlein,sauber,16,14,16
821,2017,10,319,1.4908801317214966,1.4564692709181044,9,129,bottas,mercedes,1,1,1
829,2017,10,319,1.275458812713623,1.2170374631881713,5,8,max_verstappen,red_bull,2,2,3
7,2017,10,319,1.2106122970581055,1.177705897225274,9,5,raikkonen,ferrari,3,2,5
12,2017,10,319,1.1948249340057373,1.1521774977445602,8,2,massa,williams,4,3,6
0,2017,10,319,1.1653721332550049,1.1370272994041444,10,129,hamilton,mercedes,5,3,6
807,2017,10,319,1.1615773439407349,1.1315588653087616,8,3,hulkenberg,renault,6,3,7
19,2017,10,319,1.105306625366211,1.0768307089805602,10,5,vettel,ferrari,7,7,8
814,2017,10,319,1.0965206623077393,1.0621324910057917,9,9,perez,force_india,8,7,8
816,2017,10,319,0.8185569047927856,0.8047243282198906,8,8,ricciardo,red_bull,9,9,9
825,2017,10,319,0.6231647729873657,0.5860810279846191,7,4,kvyat,toro_rosso,10,10,10
153,2017,10,319,0.29424744844436646,0.2811990324407816,8,207,grosjean,haas,11,11,11
838,2017,10,319,0.22530652582645416,0.1955924540758133,10,9,ocon,force_india,12,12,12
824,2017,10,319,-0.6813684701919556,-0.6891799569129944,7,207,kevin_magnussen,haas,13,13,13
839,2017,10,319,-0.9905714392662048,-0.9583547455923898,7,2,stroll,williams,14,14,14
827,2017,10,319,-1.279916524887085,-1.272325532776969,7,14,ericsson,sauber,15,15,16
837,2017,10,319,-1.3209900856018066,-1.3172002236048381,6,0,vandoorne,mclaren,16,15,17
835,2017,10,319,-1.3375300168991089,-1.3301216534205846,7,14,wehrlein,sauber,17,16,17
821,2017,11,320,1.5206712484359741,1.4628894686698914,10,129,bottas,mercedes,1,1,1
831,2017,11,320,1.3195481300354004,1.2597074508666992,7,4,sainz,toro_rosso,2,2,3
829,2017,11,320,1.306731939315796,1.2319865425427754,6,8,max_verstappen,red_bull,3,2,4
7,2017,11,320,1.2401810884475708,1.1839534163475036,10,5,raikkonen,ferrari,4,3,6
0,2017,11,320,1.194700837135315,1.1422703482887961,11,129,hamilton,mercedes,5,4,6
807,2017,11,320,1.1913580894470215,1.138203223546346,9,3,hulkenberg,renault,6,4,7
19,2017,11,320,1.1346515417099,1.082087148319591,11,5,vettel,ferrari,7,6,8
814,2017,11,320,1.1262991428375244,1.0685491561889648,10,9,perez,force_india,8,7,8
3,2017,11,320,0.8665953874588013,0.8517499208450318,5,0,alonso,mclaren,9,9,9
825,2017,11,320,0.6535008549690247,0.5945085063576698,8,4,kvyat,toro_rosso,10,10,10
838,2017,11,320,0.2548045516014099,0.2009753720326857,11,9,ocon,force_india,11,11,11
824,2017,11,320,-0.652074933052063,-0.684541828930378,8,207,kevin_magnussen,haas,12,12,12
839,2017,11,320,-0.963049054145813,-0.9589415341615677,8,2,stroll,williams,13,13,13
827,2017,11,320,-1.251333475112915,-1.269701525568962,8,14,ericsson,sauber,14,14,15
834,2017,11,320,-1.2679307460784912,-1.3112423760550362,7,3,jolyon_palmer,renault,15,14,17
837,2017,11,320,-1.2939904928207397,-1.3138845477785384,7,0,vandoorne,mclaren,16,15,17
835,2017,11,320,-1.3089770078659058,-1.3274785727262497,8,14,wehrlein,sauber,17,15,17
821,2017,12,321,1.4923079013824463,1.46556387164376,11,129,bottas,mercedes,1,1,1
831,2017,12,321,1.2918400764465332,1.2637240290641785,8,4,sainz,toro_rosso,2,2,2
7,2017,12,321,1.2116256952285767,1.1864690780639648,11,5,raikkonen,ferrari,3,3,5
12,2017,12,321,1.1946203708648682,1.1568933725357056,9,2,massa,williams,4,3,6
0,2017,12,321,1.1659376621246338,1.1442426244417827,12,129,hamilton,mercedes,5,3,6
807,2017,12,321,1.1629858016967773,1.1406814813613892,10,3,hulkenberg,renault,6,3,7
19,2017,12,321,1.1059025526046753,1.0840717653433483,12,5,vettel,ferrari,7,6,8
814,2017,12,321,1.097925066947937,1.0712196935306897,11,9,perez,force_india,8,7,8
816,2017,12,321,0.8173361420631409,0.8061256408691406,9,8,ricciardo,red_bull,9,9,9
825,2017,12,321,0.6256090998649597,0.5979641278584799,9,4,kvyat,toro_rosso,10,10,10
153,2017,12,321,0.29288649559020996,0.28249763945738476,9,207,grosjean,haas,11,11,11
838,2017,12,321,0.22618792951107025,0.20307641848921776,12,9,ocon,force_india,12,12,12
824,2017,12,321,-0.68086838722229,-0.6841336687405905,9,207,kevin_magnussen,haas,13,13,13
839,2017,12,321,-0.993374764919281,-0.9627674486902025,9,2,stroll,williams,14,14,14
827,2017,12,321,-1.2807414531707764,-1.270928184191386,9,14,ericsson,sauber,15,15,16
834,2017,12,321,-1.2966289520263672,-1.3094156980514526,8,3,jolyon_palmer,renault,16,15,17
837,2017,12,321,-1.324768304824829,-1.3152450174093246,8,0,vandoorne,mclaren,17,16,17
821,2017,13,322,1.436386227607727,1.4631324013074238,12,129,bottas,mercedes,1,1,1
831,2017,13,322,1.2364851236343384,1.2606974840164185,9,4,sainz,toro_rosso,2,2,3
829,2017,13,322,1.2232507467269897,1.230738571711949,7,8,max_verstappen,red_bull,3,2,4
7,2017,13,322,1.155537724494934,1.1838914652665455,12,5,raikkonen,ferrari,4,3,5
12,2017,13,322,1.139426350593567,1.1551466703414917,10,2,massa,williams,5,4,7
0,2017,13,322,1.1096699237823486,1.1415831859295185,13,129,hamilton,mercedes,6,4,7
807,2017,13,322,1.1070563793182373,1.137624653902921,11,3,hulkenberg,renault,7,5,7
19,2017,13,322,1.0496469736099243,1.081423704440777,13,5,vettel,ferrari,8,7,9
814,2017,13,322,1.0419939756393433,1.0687842170397441,12,9,perez,force_india,9,8,9
3,2017,13,322,0.7815048694610596,0.8400424122810364,6,0,alonso,mclaren,10,10,11
816,2017,13,322,0.7612630128860474,0.8016393780708313,10,8,ricciardo,red_bull,11,10,11
825,2017,13,322,0.5700951218605042,0.5951772272586823,10,4,kvyat,toro_rosso,12,12,12
153,2017,13,322,0.23669196665287018,0.2779170721769333,10,207,grosjean,haas,13,13,13
838,2017,13,322,0.17004694044589996,0.20053568940896255,13,9,ocon,force_india,14,14,14
824,2017,13,322,-0.7371624112129211,-0.6894365429878235,10,207,kevin_magnussen,haas,15,15,15
839,2017,13,322,-1.0509941577911377,-0.9715901196002961,10,2,stroll,williams,16,16,16
827,2017,13,322,-1.3375670909881592,-1.2775920748710632,10,14,ericsson,sauber,17,17,17
835,2017,13,322,-1.3948109149932861,-1.3349599440892537,9,14,wehrlein,sauber,18,18,18
821,2017,14,323,1.5381078720092773,1.4688997452075665,13,129,bottas,mercedes,1,1,1
831,2017,14,323,1.3386969566345215,1.2684974312782287,10,4,sainz,toro_rosso,2,2,2
12,2017,14,323,1.2417774200439453,1.1630221930417148,11,2,massa,williams,3,3,4
0,2017,14,323,1.2110923528671265,1.1465481264250619,14,129,hamilton,mercedes,4,3,4
814,2017,14,323,1.143707513809204,1.0745475475604718,13,9,perez,force_india,5,5,5
816,2017,14,323,0.8628538250923157,0.8072043278000571,11,8,ricciardo,red_bull,6,6,6
153,2017,14,323,0.33817780017852783,0.28339532017707825,11,207,grosjean,haas,7,7,7
838,2017,14,323,0.27157899737358093,0.2056102114064353,14,9,ocon,force_india,8,8,8
839,2017,14,323,-0.9507407546043396,-0.9696947227824818,11,2,stroll,williams,9,9,9
834,2017,14,323,-1.2489945888519287,-1.3027022414737277,9,3,jolyon_palmer,renault,10,10,12
837,2017,14,323,-1.2789325714111328,-1.3112103011873033,9,0,vandoorne,mclaren,11,10,12
835,2017,14,323,-1.2939507961273193,-1.3308590292930602,10,14,wehrlein,sauber,12,10,12
821,2017,15,324,1.5337004661560059,1.473528368132455,14,129,bottas,mercedes,1,1,1
829,2017,15,324,1.3189027309417725,1.2417590916156769,8,8,max_verstappen,red_bull,2,2,2
12,2017,15,324,1.2379144430160522,1.1692632138729095,12,2,massa,williams,3,3,5
0,2017,15,324,1.2064261436462402,1.1505399942398071,15,129,hamilton,mercedes,4,3,5
807,2017,15,324,1.2015284299850464,1.1429499685764313,12,3,hulkenberg,renault,5,3,5
19,2017,15,324,1.1438369750976562,1.0858817952019828,14,5,vettel,ferrari,6,6,7
814,2017,15,324,1.1392929553985596,1.0791722195489066,14,9,perez,force_india,7,6,7
3,2017,15,324,0.8757652044296265,0.8451456683022636,7,0,alonso,mclaren,8,8,9
816,2017,15,324,0.858333170413971,0.8114650646845499,12,8,ricciardo,red_bull,9,8,9
452,2017,15,324,0.5863034129142761,0.5863034129142761,1,4,gasly,toro_rosso,10,10,10
153,2017,15,324,0.33356618881225586,0.28757622589667636,12,207,grosjean,haas,11,11,11
838,2017,15,324,0.2670075297355652,0.2097033659617106,15,9,ocon,force_india,12,12,12
824,2017,15,324,-0.6430056095123291,-0.6852155490355059,11,207,kevin_magnussen,haas,13,13,13
839,2017,15,324,-0.9564183354377747,-0.9685883571704229,12,2,stroll,williams,14,14,14
827,2017,15,324,-1.2438700199127197,-1.2745264335112139,11,14,ericsson,sauber,15,15,17
834,2017,15,324,-1.2539395093917847,-1.2978259682655335,10,3,jolyon_palmer,renault,16,15,18
837,2017,15,324,-1.2854336500167847,-1.3086326360702514,10,0,vandoorne,mclaren,17,15,18
835,2017,15,324,-1.2991036176681519,-1.327972173690796,11,14,wehrlein,sauber,18,17,18
821,2017,16,325,1.491414189338684,1.4747207562128704,15,129,bottas,mercedes,1,1,1
829,2017,16,325,1.2780144214630127,1.2457874615987141,9,8,max_verstappen,red_bull,2,2,2
7,2017,16,325,1.205459713935852,1.1855505613180308,13,5,raikkonen,ferrari,3,3,5
12,2017,16,325,1.1960992813110352,1.1713275267527654,13,2,massa,williams,4,3,5
0,2017,16,325,1.1639161109924316,1.1513760015368462,16,129,hamilton,mercedes,5,3,5
814,2017,16,325,1.0970007181167603,1.0803607861200968,15,9,perez,force_india,6,6,6
3,2017,16,325,0.8336726427078247,0.8437115401029587,8,0,alonso,mclaren,7,7,8
816,2017,16,325,0.8159489631652832,0.8118099799522986,13,8,ricciardo,red_bull,8,7,8
452,2017,16,325,0.5726274251937866,0.5794654190540314,2,4,gasly,toro_rosso,9,9,9
153,2017,16,325,0.2911035418510437,0.2878475578931662,13,207,grosjean,haas,10,10,10
838,2017,16,325,0.22457945346832275,0.21063312143087387,16,9,ocon,force_india,11,11,11
824,2017,16,325,-0.685187578201294,-0.6852132181326548,12,207,kevin_magnussen,haas,12,12,12
834,2017,16,325,-1.2966907024383545,-1.2977227622812444,11,3,jolyon_palmer,renault,13,13,15
837,2017,16,325,-1.3295304775238037,-1.3105324398387561,11,0,vandoorne,mclaren,14,13,15
835,2017,16,325,-1.3420345783233643,-1.32914404074351,12,14,wehrlein,sauber,15,14,15
821,2017,17,326,1.495938777923584,1.4760468825697899,16,129,bottas,mercedes,1,1,1
831,2017,17,326,1.2949841022491455,1.270905310457403,11,3,sainz,renault,2,2,3
829,2017,17,326,1.2837481498718262,1.2495835304260254,10,8,max_verstappen,red_bull,3,2,3
7,2017,17,326,1.2105298042297363,1.1873347929545812,14,5,raikkonen,ferrari,4,4,6
12,2017,17,326,1.2010314464569092,1.1734492353030614,14,2,massa,williams,5,4,6
0,2017,17,326,1.1682469844818115,1.1523684122983147,17,129,hamilton,mercedes,6,5,6
19,2017,17,326,1.1063674688339233,1.0872475067774454,15,5,vettel,ferrari,7,7,8
814,2017,17,326,1.1015201807022095,1.0816832482814789,16,9,perez,force_india,8,7,8
825,2017,17,326,0.6251972317695618,0.5979063185778531,11,4,kvyat,toro_rosso,9,9,9
153,2017,17,326,0.2954755127429962,0.28839241181101116,14,207,grosjean,haas,10,10,10
838,2017,17,326,0.2289813607931137,0.2117124296286527,17,9,ocon,force_india,11,11,11
824,2017,17,326,-0.6805726289749146,-0.6848562497359055,13,207,kevin_magnussen,haas,12,12,12
839,2017,17,326,-0.995119571685791,-0.9706292198254511,13,2,stroll,williams,13,13,14
841,2017,17,326,-0.9937126636505127,-0.9937126636505127,1,4,brendon_hartley,toro_rosso,14,13,14
827,2017,17,326,-1.2817661762237549,-1.2751297454039257,12,14,ericsson,sauber,15,15,15
837,2017,17,326,-1.3265724182128906,-1.3118691047032673,12,0,vandoorne,mclaren,16,15,16
821,2017,18,327,1.4784578084945679,1.4761887017418356,17,129,bottas,mercedes,1,1,1
829,2017,18,327,1.267313003540039,1.2511953007091174,11,8,max_verstappen,red_bull,2,2,2
7,2017,18,327,1.1935206651687622,1.1877471844355265,15,5,raikkonen,ferrari,3,3,5
12,2017,18,327,1.183902621269226,1.1741461277008056,15,2,massa,williams,4,3,5
0,2017,18,327,1.1505982875823975,1.1522700720363193,18,129,hamilton,mercedes,5,4,5
19,2017,18,327,1.088979959487915,1.0873557850718498,16,5,vettel,ferrari,6,6,7
814,2017,18,327,1.0840345621109009,1.0818215608596802,17,9,perez,force_india,7,6,7
3,2017,18,327,0.8208105564117432,0.8411669863594903,9,0,alonso,mclaren,8,8,8
452,2017,18,327,0.5582191944122314,0.5723833441734314,3,4,gasly,toro_rosso,9,9,9
153,2017,18,327,0.27786239981651306,0.287690411011378,15,207,grosjean,haas,10,10,10
838,2017,18,327,0.21139417588710785,0.21169474886523354,18,9,ocon,force_india,11,11,11
824,2017,18,327,-0.6979756951332092,-0.6857933529785701,14,207,kevin_magnussen,haas,12,12,12
839,2017,18,327,-1.0135725736618042,-0.9736966022423336,14,2,stroll,williams,13,13,13
837,2017,18,327,-1.345408320426941,-1.3144490443743193,13,0,vandoorne,mclaren,14,14,15
835,2017,18,327,-1.3556218147277832,-1.331180792588454,13,14,wehrlein,sauber,15,14,15
821,2017,19,328,1.407792568206787,1.472388916545444,18,129,bottas,mercedes,1,1,1
831,2017,19,328,1.208196759223938,1.2656795978546143,12,3,sainz,renault,2,2,3
829,2017,19,328,1.19755220413208,1.246725042661031,12,8,max_verstappen,red_bull,3,2,3
7,2017,19,328,1.1232635974884033,1.1837169602513313,16,5,raikkonen,ferrari,4,4,6
12,2017,19,328,1.1135421991348267,1.170358382165432,16,2,massa,williams,5,4,6
0,2017,19,328,1.0797882080078125,1.1484552370874506,19,129,hamilton,mercedes,6,5,7
807,2017,19,328,1.0768097639083862,1.1378622605250432,13,3,hulkenberg,renault,7,5,7
19,2017,19,328,1.0183956623077393,1.0832993072621964,17,5,vettel,ferrari,8,8,9
814,2017,19,328,1.0133652687072754,1.07801843351788,18,9,perez,force_india,9,8,9
3,2017,19,328,0.7502999305725098,0.8320802807807922,10,0,alonso,mclaren,10,10,11
816,2017,19,328,0.7328958511352539,0.8061732564653669,14,8,ricciardo,red_bull,11,10,11
452,2017,19,328,0.48637130856513977,0.5508803352713585,4,4,gasly,toro_rosso,12,12,12
153,2017,19,328,0.2070828080177307,0.282652435824275,16,207,grosjean,haas,13,13,13
839,2017,19,328,-1.085078477859497,-0.9811220606168111,15,2,stroll,williams,14,14,14
827,2017,19,328,-1.3694612979888916,-1.2823860186796923,13,14,ericsson,sauber,15,15,15
835,2017,19,328,-1.4267597198486328,-1.338007858821324,14,14,wehrlein,sauber,16,16,16
821,2017,20,329,1.521113395690918,1.4749533628162586,19,129,bottas,mercedes,1,1,1
829,2017,20,329,1.3116555213928223,1.2517196948711689,13,8,max_verstappen,red_bull,2,2,2
7,2017,20,329,1.2369375228881836,1.186847581582911,17,5,raikkonen,ferrari,3,3,5
12,2017,20,329,1.2271265983581543,1.173697689000298,17,2,massa,williams,4,3,5
0,2017,20,329,1.192983627319336,1.1506816565990448,20,129,hamilton,mercedes,5,4,6
807,2017,20,329,1.1903469562530518,1.141611167362758,14,3,hulkenberg,renault,6,4,6
19,2017,20,329,1.1317863464355469,1.0859930316607158,18,5,vettel,ferrari,7,7,8
814,2017,20,329,1.1266826391220093,1.0805797074970447,19,9,perez,force_india,8,7,8
3,2017,20,329,0.8637547492980957,0.8349597779187289,11,0,alonso,mclaren,9,9,9
452,2017,20,329,0.598669171333313,0.5604381024837494,5,4,gasly,toro_rosso,10,10,10
153,2017,20,329,0.3203047513961792,0.28486727791674,17,207,grosjean,haas,11,11,11
838,2017,20,329,0.2577335238456726,0.21411784228525663,19,9,ocon,force_india,12,12,12
824,2017,20,329,-0.6514770984649658,-0.6835056026776631,15,207,kevin_magnussen,haas,13,13,13
839,2017,20,329,-0.972484827041626,-0.980582233518362,16,2,stroll,williams,14,14,15
841,2017,20,329,-1.0993199348449707,-1.0465162992477417,2,4,brendon_hartley,toro_rosso,15,14,15
827,2017,20,329,-1.256476640701294,-1.2805353488240923,14,14,ericsson,sauber,16,16,16
837,2017,20,329,-1.3001492023468018,-1.3134276270866394,14,0,vandoorne,mclaren,17,17,18
835,2017,20,329,-1.313847541809082,-1.3363971710205078,15,14,wehrlein,sauber,18,17,18
821,2018,1,330,1.4074928760528564,1.4074928760528564,1,129,bottas,mercedes,1,1,1
831,2018,1,330,1.2063425779342651,1.2063425779342651,1,3,sainz,renault,2,2,2
829,2018,1,330,1.1987119913101196,1.1987119913101196,1,8,max_verstappen,red_bull,3,3,3
7,2018,1,330,1.123622179031372,1.123622179031372,1,5,raikkonen,ferrari,4,4,4
0,2018,1,330,1.0792546272277832,1.0792546272277832,1,129,hamilton,mercedes,5,5,5
807,2018,1,330,1.076913595199585,1.076913595199585,1,3,hulkenberg,renault,6,6,6
19,2018,1,330,1.0182265043258667,1.0182265043258667,1,5,vettel,ferrari,7,7,7
814,2018,1,330,1.013059139251709,1.013059139251709,1,9,perez,force_india,8,8,8
842,2018,1,330,0.9263399839401245,0.9263399839401245,1,14,leclerc,sauber,9,9,9
3,2018,1,330,0.750249981880188,0.750249981880188,1,0,alonso,mclaren,10,10,10
816,2018,1,330,0.730431079864502,0.730431079864502,1,8,ricciardo,red_bull,11,11,11
838,2018,1,330,0.14352378249168396,0.14352378249168396,1,9,ocon,force_india,12,12,12
839,2018,1,330,-1.0867342948913574,-1.0867342948913574,1,2,stroll,williams,13,13,13
841,2018,1,330,-1.2156398296356201,-1.2156398296356201,1,4,brendon_hartley,toro_rosso,14,14,14
837,2018,1,330,-1.4152932167053223,-1.4152932167053223,1,0,vandoorne,mclaren,15,15,15
821,2018,2,331,1.5322344303131104,1.4698636531829834,2,129,bottas,mercedes,1,1,1
831,2018,2,331,1.3317432403564453,1.2690429091453552,2,3,sainz,renault,2,2,2
0,2018,2,331,1.2039024829864502,1.1415785551071167,2,129,hamilton,mercedes,3,3,6
807,2018,2,331,1.2018173933029175,1.1393654942512512,2,3,hulkenberg,renault,4,3,6
19,2018,2,331,1.1430206298828125,1.0806235671043396,2,5,vettel,ferrari,5,3,7
814,2018,2,331,1.1377984285354614,1.0754287838935852,2,9,perez,force_india,6,4,7
842,2018,2,331,1.0941425561904907,1.0102412700653076,2,14,leclerc,sauber,7,4,7
3,2018,2,331,0.8750919699668884,0.8126709759235382,2,0,alonso,mclaren,8,8,8
452,2018,2,331,0.6123756766319275,0.6123756766319275,1,4,gasly,toro_rosso,9,9,9
153,2018,2,331,0.33481067419052124,0.33481067419052124,1,207,grosjean,haas,10,10,10
838,2018,2,331,0.267755925655365,0.20563985407352448,2,9,ocon,force_india,11,11,11
824,2018,2,331,-0.6373370289802551,-0.6373370289802551,1,207,kevin_magnussen,haas,12,12,12
843,2018,2,331,-0.8493826389312744,-0.8493826389312744,1,2,sirotkin,williams,13,13,13
839,2018,2,331,-0.962536633014679,-1.0246354639530182,2,2,stroll,williams,14,14,14
841,2018,2,331,-1.0932328701019287,-1.1544363498687744,2,4,brendon_hartley,toro_rosso,15,15,15
827,2018,2,331,-1.2421760559082031,-1.2421760559082031,1,14,ericsson,sauber,16,16,16
837,2018,2,331,-1.2918691635131836,-1.353581190109253,2,0,vandoorne,mclaren,17,17,17
821,2018,3,332,1.49275541305542,1.477494239807129,3,129,bottas,mercedes,1,1,1
831,2018,3,332,1.2928338050842285,1.2769732077916462,3,3,sainz,renault,2,2,3
829,2018,3,332,1.2817922830581665,1.240252137184143,2,8,max_verstappen,red_bull,3,2,4
7,2018,3,332,1.2063813209533691,1.1650017499923706,2,5,raikkonen,ferrari,4,3,7
0,2018,3,332,1.1643424034118652,1.149166504542033,3,129,hamilton,mercedes,5,4,8
807,2018,3,332,1.1624783277511597,1.147069772084554,3,3,hulkenberg,renault,6,4,7
19,2018,3,332,1.1035869121551514,1.0882780154546101,3,5,vettel,ferrari,7,5,9
814,2018,3,332,1.0983171463012695,1.08305823802948,3,9,perez,force_india,8,6,9
842,2018,3,332,1.0582590103149414,1.0262471834818523,3,14,leclerc,sauber,9,7,9
3,2018,3,332,0.8356996178627014,0.8203471899032593,3,0,alonso,mclaren,10,10,11
816,2018,3,332,0.8130567669868469,0.7717439234256744,2,8,ricciardo,red_bull,11,10,11
452,2018,3,332,0.5716627836227417,0.5920192301273346,2,4,gasly,toro_rosso,12,12,12
153,2018,3,332,0.29478919506073,0.3147999346256256,2,207,grosjean,haas,13,13,13
838,2018,3,332,0.22783605754375458,0.21303858856360117,3,9,ocon,force_india,14,14,14
824,2018,3,332,-0.6776750087738037,-0.6575060188770294,2,207,kevin_magnussen,haas,15,15,15
843,2018,3,332,-1.0039687156677246,-0.9266756772994995,2,2,sirotkin,williams,16,16,17
839,2018,3,332,-1.0024863481521606,-1.0172524253527324,3,2,stroll,williams,17,16,17
841,2018,3,332,-1.1347317695617676,-1.1478681564331055,3,4,brendon_hartley,toro_rosso,18,18,18
827,2018,3,332,-1.2823752164840698,-1.2622756361961365,2,14,ericsson,sauber,19,19,19
837,2018,3,332,-1.3324882984161377,-1.3465502262115479,3,0,vandoorne,mclaren,20,20,20
831,2018,4,333,1.3387978076934814,1.292429357767105,4,3,sainz,renault,1,1,1
7,2018,4,333,1.252454161643982,1.194152553876241,3,5,raikkonen,ferrari,2,2,3
0,2018,4,333,1.2097430229187012,1.1643106341362,4,129,hamilton,mercedes,3,2,4
19,2018,4,333,1.149096965789795,1.1034827530384064,4,5,vettel,ferrari,4,3,6
814,2018,4,333,1.1437859535217285,1.0982401669025421,4,9,perez,force_india,5,3,6
842,2018,4,333,1.1068400144577026,1.0463953912258148,4,14,leclerc,sauber,6,4,6
3,2018,4,333,0.8812453746795654,0.8355717360973358,4,0,alonso,mclaren,7,7,7
452,2018,4,333,0.6160662770271301,0.6000349124272665,3,4,gasly,toro_rosso,8,8,8
824,2018,4,333,-0.6329471468925476,-0.6493197282155355,3,207,kevin_magnussen,haas,9,9,9
839,2018,4,333,-0.9574225544929504,-1.0022949576377869,4,2,stroll,williams,10,10,10
841,2018,4,333,-1.091007947921753,-1.1336531043052673,4,4,brendon_hartley,toro_rosso,11,11,11
827,2018,4,333,-1.2375271320343018,-1.2540261348088582,3,14,ericsson,sauber,12,12,12
837,2018,4,333,-1.2880034446716309,-1.3319135308265686,4,0,vandoorne,mclaren,13,13,13
821,2018,5,334,1.492074966430664,1.4811394214630127,4,129,bottas,mercedes,1,1,1
831,2018,5,334,1.2955231666564941,1.293048119544983,5,3,sainz,renault,2,2,3
829,2018,5,334,1.281991958618164,1.2541654109954834,3,8,max_verstappen,red_bull,3,2,3
0,2018,5,334,1.1659815311431885,1.1646448135375977,5,129,hamilton,mercedes,4,4,5
19,2018,5,334,1.1054301261901855,1.1038722276687623,5,5,vettel,ferrari,5,4,6
814,2018,5,334,1.100083589553833,1.0986088514328003,5,9,perez,force_india,6,5,7
842,2018,5,334,1.0658295154571533,1.0502822160720826,5,14,leclerc,sauber,7,6,7
3,2018,5,334,0.8376094698905945,0.8359792828559875,5,0,alonso,mclaren,8,8,9
816,2018,5,334,0.8128630518913269,0.785450299580892,3,8,ricciardo,red_bull,9,8,9
824,2018,5,334,-0.6772905588150024,-0.6563124358654022,4,207,kevin_magnussen,haas,10,10,10
843,2018,5,334,-1.0087285041809082,-0.9540266195933024,3,2,sirotkin,williams,11,11,12
839,2018,5,334,-1.0014755725860596,-1.0021310806274415,5,2,stroll,williams,12,11,12
841,2018,5,334,-1.1362199783325195,-1.1341664791107178,5,4,brendon_hartley,toro_rosso,13,13,13
827,2018,5,334,-1.2817667722702026,-1.2609612941741943,4,14,ericsson,sauber,14,14,14
821,2018,6,335,1.4869742393493652,1.4823063850402831,5,129,bottas,mercedes,1,1,1
831,2018,6,335,1.2904608249664307,1.2926169037818909,6,3,sainz,renault,2,2,3
829,2018,6,335,1.2776527404785156,1.2600372433662415,4,8,max_verstappen,red_bull,3,2,3
7,2018,6,335,1.2037999629974365,1.19656440615654,4,5,raikkonen,ferrari,4,4,6
0,2018,6,335,1.1604975461959839,1.1639536023139954,6,129,hamilton,mercedes,5,4,6
807,2018,6,335,1.156444787979126,1.149413526058197,4,3,hulkenberg,renault,6,4,8
19,2018,6,335,1.1000279188156128,1.1032315095265706,6,5,vettel,ferrari,7,6,8
814,2018,6,335,1.0946507453918457,1.0979491670926411,6,9,perez,force_india,8,6,8
816,2018,6,335,0.808183491230011,0.7911335974931717,4,8,ricciardo,red_bull,9,9,9
452,2018,6,335,0.5659680366516113,0.5915181934833527,4,4,gasly,toro_rosso,10,10,10
153,2018,6,335,0.28816521167755127,0.30592169364293414,3,207,grosjean,haas,11,11,11
838,2018,6,335,0.221299946308136,0.21510392799973488,4,9,ocon,force_india,12,12,12
824,2018,6,335,-0.6832778453826904,-0.6617055177688599,5,207,kevin_magnussen,haas,13,13,13
843,2018,6,335,-1.0173577070236206,-0.969859391450882,4,2,sirotkin,williams,14,14,15
839,2018,6,335,-1.0072115659713745,-1.0029778281847637,6,2,stroll,williams,15,14,15
827,2018,6,335,-1.2876641750335693,-1.2663018703460693,5,14,ericsson,sauber,16,16,16
837,2018,6,335,-1.3380316495895386,-1.3331371545791626,5,0,vandoorne,mclaren,17,17,17
821,2018,7,336,1.446572184562683,1.4763506849606831,6,129,bottas,mercedes,1,1,1
831,2018,7,336,1.250091552734375,1.2865418536322457,7,3,sainz,renault,2,2,3
829,2018,7,336,1.237909197807312,1.2556116342544557,5,8,max_verstappen,red_bull,3,2,3
7,2018,7,336,1.1635680198669434,1.1899651288986206,5,5,raikkonen,ferrari,4,4,5
0,2018,7,336,1.119763970375061,1.1576407977512904,7,129,hamilton,mercedes,5,4,6
807,2018,7,336,1.1161980628967285,1.1427704334259032,5,3,hulkenberg,renault,6,4,6
19,2018,7,336,1.0593650341033936,1.0969648701804025,7,5,vettel,ferrari,7,7,8
814,2018,7,336,1.0539612770080566,1.0916651827948434,7,9,perez,force_india,8,7,9
842,2018,7,336,1.0222461223602295,1.0456095337867737,6,14,leclerc,sauber,9,8,9
816,2018,7,336,0.7681456804275513,0.7865360140800476,5,8,ricciardo,red_bull,10,10,10
452,2018,7,336,0.5244870185852051,0.5781119585037231,5,4,gasly,toro_rosso,11,11,11
153,2018,7,336,0.2474077343940735,0.291293203830719,4,207,grosjean,haas,12,12,12
838,2018,7,336,0.1806184947490692,0.20820684134960174,5,9,ocon,force_india,13,13,13
824,2018,7,336,-0.7244468927383423,-0.6721624135971069,6,207,kevin_magnussen,haas,14,14,14
843,2018,7,336,-1.0608121156692505,-0.9880499362945556,5,2,sirotkin,williams,15,15,15
827,2018,7,336,-1.3287556171417236,-1.276710828145345,6,14,ericsson,sauber,16,16,16
837,2018,7,336,-1.3794517517089844,-1.3408562541007996,6,0,vandoorne,mclaren,17,17,17
821,2018,8,337,1.5080751180648804,1.4808827468327113,7,129,bottas,mercedes,1,1,1
831,2018,8,337,1.3116228580474854,1.2896769791841507,8,3,sainz,renault,2,2,3
829,2018,8,337,1.2999815940856934,1.2630066275596619,6,8,max_verstappen,red_bull,3,2,3
7,2018,8,337,1.2252180576324463,1.1958406170209248,6,5,raikkonen,ferrari,4,4,5
0,2018,8,337,1.1809799671173096,1.1605581939220428,8,129,hamilton,mercedes,5,4,6
807,2018,8,337,1.1778349876403809,1.148614525794983,6,3,hulkenberg,renault,6,5,7
19,2018,8,337,1.1206424236297607,1.0999245643615723,8,5,vettel,ferrari,7,6,7
842,2018,8,337,1.0854861736297607,1.051306196621486,7,14,leclerc,sauber,8,8,8
3,2018,8,337,0.8550130128860474,0.8391515711943308,6,0,alonso,mclaren,9,9,9
816,2018,8,337,0.8299635052680969,0.7937739292780558,6,8,ricciardo,red_bull,10,9,10
153,2018,8,337,0.3086031675338745,0.2947551965713501,5,207,grosjean,haas,11,11,11
824,2018,8,337,-0.6636075973510742,-0.6709402969905308,7,207,kevin_magnussen,haas,12,12,12
843,2018,8,337,-1.0019493103027344,-0.9903664986292521,6,2,sirotkin,williams,13,13,14
839,2018,8,337,-0.9849053025245667,-1.0003960388047355,7,2,stroll,williams,14,13,14
841,2018,8,337,-1.1201796531677246,-1.1318353414535522,6,4,brendon_hartley,toro_rosso,15,15,15
827,2018,8,337,-1.2678489685058594,-1.275444848196847,7,14,ericsson,sauber,16,16,16
837,2018,8,337,-1.3188296556472778,-1.337709597178868,7,0,vandoorne,mclaren,17,17,17
831,2018,9,338,1.3345253467559814,1.2946601311365764,9,3,sainz,renault,1,1,2
829,2018,9,338,1.3233522176742554,1.271627426147461,7,8,max_verstappen,red_bull,2,1,2
7,2018,9,338,1.2482234239578247,1.2033238751547677,7,5,raikkonen,ferrari,3,3,3
19,2018,9,338,1.1433250904083252,1.1047468450334337,9,5,vettel,ferrari,4,4,5
814,2018,9,338,1.1367648839950562,1.09730264544487,8,9,perez,force_india,5,4,6
842,2018,9,338,1.1098666191101074,1.0586262494325638,8,14,leclerc,sauber,6,5,6
3,2018,9,338,0.8774267435073853,0.8446194529533386,7,0,alonso,mclaren,7,7,7
452,2018,9,338,0.6066058874130249,0.5828609466552734,6,4,gasly,toro_rosso,8,8,8
153,2018,9,338,0.3312150835990906,0.3008318444093068,6,207,grosjean,haas,9,9,9
838,2018,9,338,0.26342904567718506,0.21741054207086563,6,9,ocon,force_india,10,10,10
824,2018,9,338,-0.6413035988807678,-0.6672357097268105,8,207,kevin_magnussen,haas,11,11,11
843,2018,9,338,-0.9813553094863892,-0.9890791858945575,7,2,sirotkin,williams,12,12,13
839,2018,9,338,-0.9627397656440735,-0.9956890046596527,8,2,stroll,williams,13,12,13
827,2018,9,338,-1.2454867362976074,-1.2717000842094421,8,14,ericsson,sauber,14,14,14
837,2018,9,338,-1.2967135906219482,-1.332585096359253,8,0,vandoorne,mclaren,15,15,15
821,2018,10,339,1.4777514934539795,1.4804913401603699,8,129,bottas,mercedes,1,1,1
7,2018,10,339,1.1972508430480957,1.2025647461414337,8,5,raikkonen,ferrari,2,2,2
0,2018,10,339,1.1504082679748535,1.1594304243723552,9,129,hamilton,mercedes,3,3,4
807,2018,10,339,1.147627592086792,1.1484735352652413,7,3,hulkenberg,renault,4,3,4
19,2018,10,339,1.0920737981796265,1.103479540348053,10,5,vettel,ferrari,5,5,6
814,2018,10,339,1.0856465101242065,1.0960075192981296,9,9,perez,force_india,6,5,6
3,2018,10,339,0.8259426355361938,0.8422848507761955,8,0,alonso,mclaren,7,7,7
816,2018,10,339,0.7999123334884644,0.794650844165257,7,8,ricciardo,red_bull,8,8,8
452,2018,10,339,0.5548953413963318,0.5788658601897103,7,4,gasly,toro_rosso,9,9,9
838,2018,10,339,0.21231670677661896,0.21668285131454468,7,9,ocon,force_india,10,10,10
824,2018,10,339,-0.6928825974464417,-0.6700853639178805,9,207,kevin_magnussen,haas,11,11,11
843,2018,10,339,-1.0344133377075195,-0.9947459548711777,8,2,sirotkin,williams,12,12,13
839,2018,10,339,-1.0144386291503906,-0.9977722962697347,9,2,stroll,williams,13,12,13
837,2018,10,339,-1.3484551906585693,-1.334348440170288,9,0,vandoorne,mclaren,14,14,14
821,2018,11,340,1.4604337215423584,1.4782627158694797,9,129,bottas,mercedes,1,1,1
831,2018,11,340,1.2664214372634888,1.2918362617492676,10,3,sainz,renault,2,2,3
829,2018,11,340,1.2556533813476562,1.2696306705474854,8,8,max_verstappen,red_bull,3,2,3
7,2018,11,340,1.1797423362731934,1.2000289228227403,9,5,raikkonen,ferrari,4,4,4
0,2018,11,340,1.132875919342041,1.1567749738693238,10,129,hamilton,mercedes,5,5,6
807,2018,11,340,1.1304104328155518,1.1462156474590302,8,3,hulkenberg,renault,6,5,6
814,2018,11,340,1.068011999130249,1.0932079672813415,10,9,perez,force_india,7,7,8
842,2018,11,340,1.043041467666626,1.0568946070141263,9,14,leclerc,sauber,8,7,8
3,2018,11,340,0.807991623878479,0.8384744922320048,9,0,alonso,mclaren,9,9,9
452,2018,11,340,0.5367484092712402,0.5736011788249016,8,4,gasly,toro_rosso,10,10,10
153,2018,11,340,0.262859970331192,0.29540729096957613,7,207,grosjean,haas,11,11,11
838,2018,11,340,0.19468724727630615,0.21393340080976486,8,9,ocon,force_india,12,12,12
824,2018,11,340,-0.710915744304657,-0.6741684019565582,10,207,kevin_magnussen,haas,13,13,13
841,2018,11,340,-1.1691893339157104,-1.1371716260910034,7,4,brendon_hartley,toro_rosso,14,14,14
827,2018,11,340,-1.3140580654144287,-1.2764065265655518,9,14,ericsson,sauber,15,15,15
837,2018,11,340,-1.3666290044784546,-1.3375764966011048,10,0,vandoorne,mclaren,16,16,16
821,2018,12,341,1.4908719062805176,1.4795236349105836,10,129,bottas,mercedes,1,1,1
831,2018,12,341,1.2965548038482666,1.2922652201219038,11,3,sainz,renault,2,2,2
7,2018,12,341,1.2100154161453247,1.2010275721549988,10,5,raikkonen,ferrari,3,3,3
0,2018,12,341,1.16312837600708,1.157352555881847,11,129,hamilton,mercedes,4,4,5
807,2018,12,341,1.160935401916504,1.1478511757320828,9,3,hulkenberg,renault,5,4,5
19,2018,12,341,1.105767011642456,1.1036874922839077,11,5,vettel,ferrari,6,6,7
814,2018,12,341,1.0981758832931519,1.093659596009688,11,9,perez,force_india,7,6,7
3,2018,12,341,0.8378818035125732,0.8384152233600617,10,0,alonso,mclaren,8,8,8
816,2018,12,341,0.8142733573913574,0.7971036583185196,8,8,ricciardo,red_bull,9,9,9
452,2018,12,341,0.5664692521095276,0.5728087425231934,9,4,gasly,toro_rosso,10,10,10
153,2018,12,341,0.29277586936950684,0.2950783632695675,8,207,grosjean,haas,11,11,11
838,2018,12,341,0.2248556911945343,0.2151469886302948,9,9,ocon,force_india,12,12,12
824,2018,12,341,-0.6810965538024902,-0.674798233942552,11,207,kevin_magnussen,haas,13,13,13
843,2018,12,341,-1.0222827196121216,-0.9978055953979492,9,2,sirotkin,williams,14,14,15
839,2018,12,341,-1.0011323690414429,-0.9981083035469055,10,2,stroll,williams,15,14,15
841,2018,12,341,-1.1402099132537842,-1.137551411986351,8,4,brendon_hartley,toro_rosso,16,16,16
827,2018,12,341,-1.2843289375305176,-1.2771987676620484,10,14,ericsson,sauber,17,17,17
821,2018,13,342,1.5659265518188477,1.4873784455386074,11,129,bottas,mercedes,1,1,1
831,2018,13,342,1.3713458776474,1.2988552749156952,12,3,sainz,renault,2,2,3
829,2018,13,342,1.3606460094451904,1.2797434859805636,9,8,max_verstappen,red_bull,3,2,3
0,2018,13,342,1.2380225658416748,1.1640750567118328,12,129,hamilton,mercedes,4,4,4
19,2018,13,342,1.1803123950958252,1.1100729008515675,12,5,vettel,ferrari,5,5,6
814,2018,13,342,1.1729936599731445,1.1002707680066426,12,9,perez,force_india,6,5,6
452,2018,13,342,0.6409035325050354,0.5796182215213775,10,4,gasly,toro_rosso,7,7,7
153,2018,13,342,0.36737892031669617,0.3031117584970262,9,207,grosjean,haas,8,8,8
838,2018,13,342,0.29967719316482544,0.22360000908374786,10,9,ocon,force_india,9,9,9
824,2018,13,342,-0.6065770387649536,-0.6691131343444189,12,207,kevin_magnussen,haas,10,10,10
839,2018,13,342,-0.9269217252731323,-0.9916367964311079,11,2,stroll,williams,11,11,12
843,2018,13,342,-0.9490891695022583,-0.9929339528083801,10,2,sirotkin,williams,12,11,12
841,2018,13,342,-1.0664169788360596,-1.129647586080763,9,4,brendon_hartley,toro_rosso,13,13,13
827,2018,13,342,-1.2098876237869263,-1.27107957276431,11,14,ericsson,sauber,14,14,14
837,2018,13,342,-1.2624222040176392,-1.330744288184426,11,0,vandoorne,mclaren,15,15,15
821,2018,14,343,1.482224941253662,1.4869489868481953,12,129,bottas,mercedes,1,1,1
831,2018,14,343,1.2874159812927246,1.2979753292523897,13,3,sainz,renault,2,2,3
829,2018,14,343,1.27705717086792,1.2794748544692993,10,8,max_verstappen,red_bull,3,2,3
7,2018,14,343,1.1974008083343506,1.2006978663531216,11,5,raikkonen,ferrari,4,4,4
0,2018,14,343,1.154181957244873,1.163314049060528,13,129,hamilton,mercedes,5,5,6
807,2018,14,343,1.1485388278961182,1.1479199409484864,10,3,hulkenberg,renault,6,5,6
19,2018,14,343,1.0961700677871704,1.1090034521543062,13,5,vettel,ferrari,7,7,8
814,2018,14,343,1.089086651802063,1.0994104513755212,13,9,perez,force_india,8,7,8
842,2018,14,343,1.061263084411621,1.0573314547538757,10,14,leclerc,sauber,9,9,9
452,2018,14,343,0.5566650629043579,0.5775315707380121,11,4,gasly,toro_rosso,10,10,10
838,2018,14,343,0.21577365696430206,0.2228885225274346,11,9,ocon,force_india,11,11,11
824,2018,14,343,-0.6907418966293335,-0.6707768852894123,13,207,kevin_magnussen,haas,12,12,12
839,2018,14,343,-1.0113537311553955,-0.9932798743247986,12,2,stroll,williams,13,13,14
843,2018,14,343,-1.0344008207321167,-0.9967036680741743,11,2,sirotkin,williams,14,13,14
827,2018,14,343,-1.294119954109192,-1.27299960454305,12,14,ericsson,sauber,15,15,15
837,2018,14,343,-1.3466907739639282,-1.3320731619993846,12,0,vandoorne,mclaren,16,16,16
821,2018,15,344,1.4926304817199707,1.487386024915255,13,129,bottas,mercedes,1,1,1
831,2018,15,344,1.2976244688034058,1.297950267791748,14,3,sainz,renault,2,2,3
829,2018,15,344,1.2875607013702393,1.280209931460294,11,8,max_verstappen,red_bull,3,2,3
7,2018,15,344,1.208199381828308,1.2013229926427205,12,5,raikkonen,ferrari,4,4,4
0,2018,15,344,1.164467453956604,1.1633964351245336,14,129,hamilton,mercedes,5,5,6
807,2018,15,344,1.1595258712768555,1.1489750255237927,11,3,hulkenberg,renault,6,5,6
19,2018,15,344,1.1061944961547852,1.1088028124400549,14,5,vettel,ferrari,7,7,8
814,2018,15,344,1.0993149280548096,1.0994036282811845,14,9,perez,force_india,8,7,8
842,2018,15,344,1.0729517936706543,1.058751485564492,11,14,leclerc,sauber,9,9,9
3,2018,15,344,0.8359717726707458,0.8381930914792147,11,0,alonso,mclaren,10,10,10
816,2018,15,344,0.812905490398407,0.7988594174385071,9,8,ricciardo,red_bull,11,11,11
452,2018,15,344,0.5666065216064453,0.5766211499770483,12,4,gasly,toro_rosso,12,12,12
153,2018,15,344,0.29432234168052673,0.3022328168153763,10,207,grosjean,haas,13,13,13
824,2018,15,344,-0.680736780166626,-0.6714883063520704,14,207,kevin_magnussen,haas,14,14,14
839,2018,15,344,-1.0015795230865479,-0.9939183088449332,13,2,stroll,williams,15,15,16
843,2018,15,344,-1.0253877639770508,-0.9990940093994141,12,2,sirotkin,williams,16,15,16
841,2018,15,344,-1.140174388885498,-1.1307002663612367,10,4,brendon_hartley,toro_rosso,17,17,17
827,2018,15,344,-1.2841732501983643,-1.2738591157473051,13,14,ericsson,sauber,18,18,18
837,2018,15,344,-1.3367754220962524,-1.3324348743145282,13,0,vandoorne,mclaren,19,19,19
821,2018,16,345,1.4710652828216553,1.4862202576228551,14,129,bottas,mercedes,1,1,1
831,2018,16,345,1.2758885622024536,1.2964794874191283,15,3,sainz,renault,2,2,3
829,2018,16,345,1.2660799026489258,1.2790324290593464,12,8,max_verstappen,red_bull,3,2,3
7,2018,16,345,1.1869739294052124,1.2002192185475276,13,5,raikkonen,ferrari,4,4,4
0,2018,16,345,1.1427981853485107,1.1620232184727988,15,129,hamilton,mercedes,5,5,6
807,2018,16,345,1.1384633779525757,1.1480990548928578,12,3,hulkenberg,renault,6,5,6
19,2018,16,345,1.0842995643615723,1.107169262568156,15,5,vettel,ferrari,7,7,8
814,2018,16,345,1.0775961875915527,1.0979497989018758,15,9,perez,force_india,8,7,8
842,2018,16,345,1.0524961948394775,1.0582302113374074,12,14,leclerc,sauber,9,9,9
3,2018,16,345,0.81442791223526,0.8362126598755518,12,0,alonso,mclaren,10,10,10
816,2018,16,345,0.7918305397033691,0.7981565296649933,10,8,ricciardo,red_bull,11,11,11
153,2018,16,345,0.2723340392112732,0.2995147461240942,11,207,grosjean,haas,12,12,12
838,2018,16,345,0.20448803901672363,0.22135514890154204,12,9,ocon,force_india,13,13,13
824,2018,16,345,-0.7026485204696655,-0.6735656539599101,15,207,kevin_magnussen,haas,14,14,14
839,2018,16,345,-1.023691177368164,-0.9960449423108783,14,2,stroll,williams,15,15,16
843,2018,16,345,-1.0481574535369873,-1.0028681204869196,13,2,sirotkin,williams,16,15,16
827,2018,16,345,-1.3061354160308838,-1.2761645657675607,14,14,ericsson,sauber,17,17,17
837,2018,16,345,-1.358764886856079,-1.3343155894960677,14,0,vandoorne,mclaren,18,18,18
821,2018,17,346,1.5037109851837158,1.4873863061269124,15,129,bottas,mercedes,1,1,1
831,2018,17,346,1.3083864450454712,1.2972236722707748,16,3,sainz,renault,2,2,3
829,2018,17,346,1.2987985610961914,1.2805529007544885,13,8,max_verstappen,red_bull,3,2,3
7,2018,17,346,1.2199136018753052,1.2016259602137975,14,5,raikkonen,ferrari,4,4,4
0,2018,17,346,1.17535400390625,1.1628563925623894,16,129,hamilton,mercedes,5,5,5
19,2018,17,346,1.1166599988937378,1.1077624335885048,16,5,vettel,ferrari,6,6,7
814,2018,17,346,1.1101089715957642,1.0987097471952438,16,9,perez,force_india,7,6,7
3,2018,17,346,0.8470920324325562,0.8370495346876291,13,0,alonso,mclaren,8,8,8
816,2018,17,346,0.8249003887176514,0.8005877895788713,11,8,ricciardo,red_bull,9,9,9
452,2018,17,346,0.5782955288887024,0.5767499483548678,13,4,gasly,toro_rosso,10,10,10
153,2018,17,346,0.30461370944976807,0.299939659734567,12,207,grosjean,haas,11,11,11
838,2018,17,346,0.23697614669799805,0.22255676411665404,13,9,ocon,force_india,12,12,12
839,2018,17,346,-0.9915181994438171,-0.9957431594530741,15,2,stroll,williams,13,13,14
843,2018,17,346,-1.0165538787841797,-1.0038456746510096,14,2,sirotkin,williams,14,13,14
841,2018,17,346,-1.129112958908081,-1.130555965683677,11,4,brendon_hartley,toro_rosso,15,15,15
827,2018,17,346,-1.2738332748413086,-1.2760091463724772,15,14,ericsson,sauber,16,16,16
837,2018,17,346,-1.3264861106872559,-1.3337936242421469,15,0,vandoorne,mclaren,17,17,17
821,2018,18,347,1.504734992980957,1.4884705990552902,16,129,bottas,mercedes,1,1,1
831,2018,18,347,1.3092830181121826,1.2979330455555635,17,3,sainz,renault,2,2,3
829,2018,18,347,1.2998859882354736,1.2819338355745589,14,8,max_verstappen,red_bull,3,2,3
7,2018,18,347,1.2211920022964478,1.2029303630193076,15,5,raikkonen,ferrari,4,4,4
0,2018,18,347,1.1763004064559937,1.163647216909072,17,129,hamilton,mercedes,5,5,6
807,2018,18,347,1.1719274520874023,1.1499320085232074,13,3,hulkenberg,renault,6,5,6
19,2018,18,347,1.1174376010894775,1.108331561088562,17,5,vettel,ferrari,7,7,8
814,2018,18,347,1.1110183000564575,1.0994337797164917,17,9,perez,force_india,8,7,8
452,2018,18,347,0.5788359045982361,0.5768989452293941,14,4,gasly,toro_rosso,9,9,9
839,2018,18,347,-0.990902841091156,-0.9954406395554543,16,2,stroll,williams,10,10,11
843,2018,18,347,-1.0164310932159424,-1.0046847025553385,15,2,sirotkin,williams,11,10,11
841,2018,18,347,-1.1291154623031616,-1.1304359237353008,12,4,brendon_hartley,toro_rosso,12,12,12
827,2018,18,347,-1.2731060981750488,-1.275827705860138,16,14,ericsson,sauber,13,13,13
837,2018,18,347,-1.3257793188095093,-1.333292730152607,16,0,vandoorne,mclaren,14,14,14
821,2018,19,348,1.5497967004776,1.4920780167860144,17,129,bottas,mercedes,1,1,1
829,2018,19,348,1.34500253200531,1.2861384153366089,15,8,max_verstappen,red_bull,2,2,2
7,2018,19,348,1.2664735317230225,1.2069018110632896,16,5,raikkonen,ferrari,3,3,3
0,2018,19,348,1.22129487991333,1.166849864853753,18,129,hamilton,mercedes,4,4,5
807,2018,19,348,1.217452049255371,1.154754868575505,14,3,hulkenberg,renault,5,4,5
19,2018,19,348,1.1622858047485352,1.1113290190696716,18,5,vettel,ferrari,6,6,6
842,2018,19,348,1.1309754848480225,1.0638260016074548,13,14,leclerc,sauber,7,7,7
452,2018,19,348,0.6234792470932007,0.5800042986869812,15,4,gasly,toro_rosso,8,8,8
153,2018,19,348,0.3498116135597229,0.30377596387496364,13,207,grosjean,haas,9,9,9
838,2018,19,348,0.28235429525375366,0.22682801634073257,14,9,ocon,force_india,10,10,10
824,2018,19,348,-0.6254288554191589,-0.6705571040511131,16,207,kevin_magnussen,haas,11,11,11
839,2018,19,348,-0.9461947679519653,-0.9925438235787785,17,2,stroll,williams,12,12,13
843,2018,19,348,-0.9721488952636719,-1.0026512145996094,16,2,sirotkin,williams,13,12,13
841,2018,19,348,-1.0849418640136719,-1.1269363806797907,13,4,brendon_hartley,toro_rosso,14,14,14
827,2018,19,348,-1.2283012866973877,-1.2730320341446821,17,14,ericsson,sauber,15,15,15
837,2018,19,348,-1.2809922695159912,-1.3302162324681002,17,0,vandoorne,mclaren,16,16,16
821,2018,20,349,1.4816198348999023,1.4914970066812303,18,129,bottas,mercedes,1,1,1
831,2018,20,349,1.2835609912872314,1.2971345980962117,18,3,sainz,renault,2,2,3
829,2018,20,349,1.2768728733062744,1.285559318959713,16,8,max_verstappen,red_bull,3,2,3
7,2018,20,349,1.1984869241714478,1.2064068177167107,17,5,raikkonen,ferrari,4,4,4
0,2018,20,349,1.153059720993042,1.1661240678084523,19,129,hamilton,mercedes,5,5,5
19,2018,20,349,1.0939242839813232,1.1104129803808112,19,5,vettel,ferrari,6,6,7
814,2018,20,349,1.0853073596954346,1.0986489786042108,18,9,perez,force_india,7,6,7
842,2018,20,349,1.0637925863265991,1.0638236148016793,14,14,leclerc,sauber,8,8,8
3,2018,20,349,0.8219490647315979,0.8359709296907697,14,0,alonso,mclaren,9,9,9
816,2018,20,349,0.8001081943511963,0.8005478233098984,12,8,ricciardo,red_bull,10,10,10
452,2018,20,349,0.5549402236938477,0.5784377939999104,16,4,gasly,toro_rosso,11,11,11
153,2018,20,349,0.2814379930496216,0.3021803945302963,14,207,grosjean,haas,12,12,12
838,2018,20,349,0.21413661539554596,0.2259819229443868,15,9,ocon,force_india,13,13,13
824,2018,20,349,-0.693701446056366,-0.671918535933775,17,207,kevin_magnussen,haas,14,14,14
839,2018,20,349,-1.01467764377594,-0.9937734802563986,18,2,stroll,williams,15,15,16
843,2018,20,349,-1.0410003662109375,-1.0049070470473345,17,2,sirotkin,williams,16,15,16
841,2018,20,349,-1.1538869142532349,-1.1288614187921797,14,4,brendon_hartley,toro_rosso,17,17,17
837,2018,20,349,-1.3494065999984741,-1.3312823639975653,18,0,vandoorne,mclaren,18,18,18
821,2018,21,350,1.4985193014144897,1.4918666011408757,19,129,bottas,mercedes,1,1,1
831,2018,21,350,1.3007018566131592,1.297322348544472,19,3,sainz,renault,2,2,3
829,2018,21,350,1.2938132286071777,1.2860448430566227,17,8,max_verstappen,red_bull,3,2,3
0,2018,21,350,1.1699087619781494,1.1663133025169372,20,129,hamilton,mercedes,4,4,4
19,2018,21,350,1.1106640100479126,1.1104255318641663,20,5,vettel,ferrari,5,5,6
814,2018,21,350,1.102457880973816,1.0988494471499795,19,9,perez,force_india,6,5,6
842,2018,21,350,1.0815517902374268,1.0650054931640625,15,14,leclerc,sauber,7,7,7
3,2018,21,350,0.8392764925956726,0.8361913005510966,15,0,alonso,mclaren,8,8,8
816,2018,21,350,0.8177392482757568,0.8018702406149644,13,8,ricciardo,red_bull,9,9,9
153,2018,21,350,0.29816734790802,0.30191285808881124,15,207,grosjean,haas,10,10,10
824,2018,21,350,-0.6768847107887268,-0.6721944345368279,18,207,kevin_magnussen,haas,11,11,11
839,2018,21,350,-0.9980427622795105,-0.9939981793102465,19,2,stroll,williams,12,12,13
843,2018,21,350,-1.024684190750122,-1.006005777253045,18,2,sirotkin,williams,13,12,13
841,2018,21,350,-1.137651801109314,-1.1294474442799887,15,4,brendon_hartley,toro_rosso,14,14,14
837,2018,21,350,-1.3327125310897827,-1.3313576359497874,19,0,vandoorne,mclaren,15,15,15
821,2019,1,351,1.4580713510513306,1.4580713510513306,1,129,bottas,mercedes,1,1,1
829,2019,1,351,1.2534009218215942,1.2534009218215942,1,8,max_verstappen,red_bull,2,2,2
7,2019,1,351,1.1751799583435059,1.1751799583435059,1,49,raikkonen,alfa,3,3,3
0,2019,1,351,1.1294175386428833,1.1294175386428833,1,129,hamilton,mercedes,4,4,4
807,2019,1,351,1.1272246837615967,1.1272246837615967,1,3,hulkenberg,renault,5,5,5
19,2019,1,351,1.0700781345367432,1.0700781345367432,1,5,vettel,ferrari,6,6,6
814,2019,1,351,1.0622272491455078,1.0622272491455078,1,208,perez,racing_point,7,7,7
842,2019,1,351,1.041847825050354,1.041847825050354,1,5,leclerc,ferrari,8,8,8
844,2019,1,351,0.8804677128791809,0.8804677128791809,1,0,norris,mclaren,9,9,9
846,2019,1,351,0.6251049041748047,0.6251049041748047,1,4,albon,toro_rosso,10,10,10
825,2019,1,351,0.5869550108909607,0.5869550108909607,1,4,kvyat,toro_rosso,11,11,11
452,2019,1,351,0.5311555862426758,0.5311555862426758,1,8,gasly,red_bull,12,12,12
824,2019,1,351,-0.7174040079116821,-0.7174040079116821,1,207,kevin_magnussen,haas,13,13,13
845,2019,1,351,-0.8421147465705872,-0.8421147465705872,1,2,russell,williams,14,14,14
840,2019,1,351,-0.9290401339530945,-0.9290401339530945,1,49,giovinazzi,alfa,15,15,15
8,2019,1,351,-0.9860360026359558,-0.9860360026359558,1,2,kubica,williams,16,16,16
839,2019,1,351,-1.0387194156646729,-1.0387194156646729,1,208,stroll,racing_point,17,17,17
821,2019,2,352,1.4723142385482788,1.4651927947998047,2,129,bottas,mercedes,1,1,1
829,2019,2,352,1.267674207687378,1.260537564754486,2,8,max_verstappen,red_bull,2,2,2
7,2019,2,352,1.1895546913146973,1.1823673248291016,2,49,raikkonen,alfa,3,3,3
0,2019,2,352,1.1436225175857544,1.1365200281143188,2,129,hamilton,mercedes,4,4,4
19,2019,2,352,1.0842015743255615,1.0771398544311523,2,5,vettel,ferrari,5,5,6
814,2019,2,352,1.076658010482788,1.069442629814148,2,208,perez,racing_point,6,5,6
842,2019,2,352,1.0567338466644287,1.0492908358573914,2,5,leclerc,ferrari,7,7,7
844,2019,2,352,0.9409472942352295,0.9107075035572052,2,0,norris,mclaren,8,8,8
846,2019,2,352,0.6600481271743774,0.6425765156745911,2,4,albon,toro_rosso,9,9,9
825,2019,2,352,0.6022019386291504,0.5945784747600555,2,4,kvyat,toro_rosso,10,10,10
452,2019,2,352,0.545117199420929,0.5381363928318024,2,8,gasly,red_bull,11,11,11
824,2019,2,352,-0.7032231092453003,-0.7103135585784912,2,207,kevin_magnussen,haas,12,12,12
845,2019,2,352,-0.9538935422897339,-0.8980041444301605,2,2,russell,williams,13,13,14
840,2019,2,352,-0.9110854864120483,-0.9200628101825714,2,49,giovinazzi,alfa,14,13,14
8,2019,2,352,-0.9713351726531982,-0.978685587644577,2,2,kubica,williams,15,15,15
839,2019,2,352,-1.0246745347976685,-1.0316969752311707,2,208,stroll,racing_point,16,16,16
821,2019,3,353,1.4542440176010132,1.4615432024002075,3,129,bottas,mercedes,1,1,1
831,2019,3,353,1.259421944618225,1.259421944618225,1,0,sainz,mclaren,2,2,3
829,2019,3,353,1.2496308088302612,1.2569019794464111,3,8,max_verstappen,red_bull,3,2,3
7,2019,3,353,1.1715987920761108,1.178777813911438,3,49,raikkonen,alfa,4,4,4
0,2019,3,353,1.1255199909210205,1.132853349049886,3,129,hamilton,mercedes,5,5,5
19,2019,3,353,1.0660282373428345,1.0734359820683796,3,5,vettel,ferrari,6,6,7
814,2019,3,353,1.0587505102157593,1.0658785899480183,3,208,perez,racing_point,7,6,7
842,2019,3,353,1.0392204523086548,1.0459340413411458,3,5,leclerc,ferrari,8,8,8
844,2019,3,353,0.925171434879303,0.9155288139979044,3,0,norris,mclaren,9,9,9
816,2019,3,353,0.776883065700531,0.776883065700531,1,3,ricciardo,renault,10,10,10
846,2019,3,353,0.643889307975769,0.643014113108317,3,4,albon,toro_rosso,11,11,11
452,2019,3,353,0.5268039703369141,0.5343589186668396,3,8,gasly,red_bull,12,12,12
153,2019,3,353,0.25653141736984253,0.25653141736984253,1,207,grosjean,haas,13,13,13
824,2019,3,353,-0.7213466167449951,-0.7139912446339926,3,207,kevin_magnussen,haas,14,14,14
840,2019,3,353,-0.9259446859359741,-0.9220234354337057,3,49,giovinazzi,alfa,15,15,16
845,2019,3,353,-0.9722532033920288,-0.9227538307507833,3,2,russell,williams,16,15,16
8,2019,3,353,-0.9890089631080627,-0.9821267127990723,3,2,kubica,williams,17,17,17
839,2019,3,353,-1.0429158210754395,-1.0354365905125935,3,208,stroll,racing_point,18,18,18
821,2019,4,354,1.443820834159851,1.4571126103401184,4,129,bottas,mercedes,1,1,1
831,2019,4,354,1.2488031387329102,1.2541125416755676,2,0,sainz,mclaren,2,2,3
829,2019,4,354,1.2392303943634033,1.2524840831756592,4,8,max_verstappen,red_bull,3,2,3
7,2019,4,354,1.1612741947174072,1.1744019091129303,4,49,raikkonen,alfa,4,4,4
0,2019,4,354,1.1150684356689453,1.1284071207046509,4,129,hamilton,mercedes,5,5,6
807,2019,4,354,1.1156290769577026,1.1214268803596497,2,3,hulkenberg,renault,6,5,6
19,2019,4,354,1.0555154085159302,1.0689558386802673,4,5,vettel,ferrari,7,7,8
814,2019,4,354,1.048467755317688,1.0615258812904358,4,208,perez,racing_point,8,7,8
842,2019,4,354,1.0292783975601196,1.0417701303958893,4,5,leclerc,ferrari,9,9,9
844,2019,4,354,0.9167324304580688,0.9158297181129456,4,0,norris,mclaren,10,10,10
846,2019,4,354,0.6351190209388733,0.6410403400659561,4,4,albon,toro_rosso,11,11,11
824,2019,4,354,-0.7318162322044373,-0.7184474915266037,4,207,kevin_magnussen,haas,12,12,12
840,2019,4,354,-0.9335908889770508,-0.9249152988195419,4,49,giovinazzi,alfa,13,13,14
845,2019,4,354,-0.9829272031784058,-0.9377971738576889,4,2,russell,williams,14,13,14
8,2019,4,354,-0.9990897178649902,-0.9863674640655518,4,2,kubica,williams,15,15,15
839,2019,4,354,-1.0534871816635132,-1.0399492383003235,4,208,stroll,racing_point,16,16,16
821,2019,5,355,1.4178653955459595,1.4492631673812866,5,129,bottas,mercedes,1,1,1
829,2019,5,355,1.213294506072998,1.244646167755127,5,8,max_verstappen,red_bull,2,2,3
831,2019,5,355,1.222678542137146,1.243634541829427,3,0,sainz,mclaren,3,2,3
7,2019,5,355,1.1354042291641235,1.166602373123169,5,49,raikkonen,alfa,4,4,4
0,2019,5,355,1.0890886783599854,1.1205434322357177,5,129,hamilton,mercedes,5,5,6
807,2019,5,355,1.0895130634307861,1.1107889413833618,3,3,hulkenberg,renault,6,5,6
19,2019,5,355,1.0294826030731201,1.061061191558838,5,5,vettel,ferrari,7,7,8
814,2019,5,355,1.0226337909698486,1.0537474632263184,5,208,perez,racing_point,8,7,8
842,2019,5,355,1.003739356994629,1.0341639757156371,5,5,leclerc,ferrari,9,9,9
816,2019,5,355,0.7424185276031494,0.7596507966518402,2,3,ricciardo,renault,10,10,10
846,2019,5,355,0.6105934381484985,0.6349509596824646,5,4,albon,toro_rosso,11,11,11
825,2019,5,355,0.5519185066223145,0.5803584853808085,3,4,kvyat,toro_rosso,12,12,12
452,2019,5,355,0.49195781350135803,0.5237586423754692,4,8,gasly,red_bull,13,13,13
153,2019,5,355,0.2213922142982483,0.2389618158340454,2,207,grosjean,haas,14,14,14
824,2019,5,355,-0.7578118443489075,-0.7263203620910644,5,207,kevin_magnussen,haas,15,15,15
840,2019,5,355,-0.9571439623832703,-0.9313610315322876,5,49,giovinazzi,alfa,16,16,17
845,2019,5,355,-1.0090996026992798,-0.9520576596260071,5,2,russell,williams,17,16,18
8,2019,5,355,-1.024748682975769,-0.9940437078475952,5,2,kubica,williams,18,17,18
821,2019,6,356,1.445756435394287,1.44867871205012,6,129,bottas,mercedes,1,1,1
831,2019,6,356,1.250423550605774,1.2453317940235138,4,0,sainz,mclaren,2,2,3
829,2019,6,356,1.2412028312683105,1.2440722783406575,6,8,max_verstappen,red_bull,3,2,3
7,2019,6,356,1.1633691787719727,1.1660635073979695,6,49,raikkonen,alfa,4,4,4
0,2019,6,356,1.1169586181640625,1.1199459632237752,6,129,hamilton,mercedes,5,5,6
807,2019,6,356,1.1172655820846558,1.1124081015586853,4,3,hulkenberg,renault,6,5,6
19,2019,6,356,1.0573068857192993,1.0604354739189148,6,5,vettel,ferrari,7,7,8
814,2019,6,356,1.0506300926208496,1.0532279014587402,6,208,perez,racing_point,8,7,8
844,2019,6,356,0.9229820370674133,0.9172601819038391,5,0,norris,mclaren,9,9,9
816,2019,6,356,0.7702224254608154,0.7631746729214987,3,3,ricciardo,renault,10,10,10
846,2019,6,356,0.6397214531898499,0.6357460419336954,6,4,albon,toro_rosso,11,11,11
825,2019,6,356,0.5801159143447876,0.5802978426218033,4,4,kvyat,toro_rosso,12,12,12
452,2019,6,356,0.5194317102432251,0.5228932559490204,5,8,gasly,red_bull,13,13,13
153,2019,6,356,0.248612642288208,0.24217875798543295,3,207,grosjean,haas,14,14,14
824,2019,6,356,-0.7299553155899048,-0.7269261876742045,6,207,kevin_magnussen,haas,15,15,15
840,2019,6,356,-0.9271748065948486,-0.9306633273760477,6,49,giovinazzi,alfa,16,16,17
845,2019,6,356,-0.981395959854126,-0.9569473763306936,6,2,russell,williams,17,16,17
8,2019,6,356,-0.9966012239456177,-0.994469960530599,6,2,kubica,williams,18,18,18
839,2019,6,356,-1.0490823984146118,-1.0417758703231812,5,208,stroll,racing_point,19,19,19
821,2019,7,357,1.4467506408691406,1.44840327330998,7,129,bottas,mercedes,1,1,1
831,2019,7,357,1.251291275024414,1.2465236902236938,5,0,sainz,mclaren,2,2,3
829,2019,7,357,1.2422120571136475,1.2438065324510847,7,8,max_verstappen,red_bull,3,2,3
7,2019,7,357,1.1644272804260254,1.1658297606876917,7,49,raikkonen,alfa,4,4,4
0,2019,7,357,1.1179347038269043,1.1196586404527937,7,129,hamilton,mercedes,5,5,6
807,2019,7,357,1.1181399822235107,1.1135544776916504,5,3,hulkenberg,renault,6,5,6
19,2019,7,357,1.0582432746887207,1.0601223026003157,7,5,vettel,ferrari,7,7,8
814,2019,7,357,1.0517152547836304,1.0530118090765817,7,208,perez,racing_point,8,7,8
842,2019,7,357,1.0338594913482666,1.0341132283210754,6,5,leclerc,ferrari,9,9,9
816,2019,7,357,0.7711411714553833,0.7651662975549698,4,3,ricciardo,renault,10,10,10
825,2019,7,357,0.5813751220703125,0.5805132985115051,5,4,kvyat,toro_rosso,11,11,11
452,2019,7,357,0.5200649499893188,0.5224218716224035,6,8,gasly,red_bull,12,12,12
153,2019,7,357,0.24902664124965668,0.24389072880148888,4,207,grosjean,haas,13,13,13
824,2019,7,357,-0.7289910316467285,-0.727221165384565,7,207,kevin_magnussen,haas,14,14,14
840,2019,7,357,-0.9243830442428589,-0.9297661440713065,7,49,giovinazzi,alfa,15,15,16
845,2019,7,357,-0.9805638790130615,-0.9603211624281747,7,2,russell,williams,16,15,16
8,2019,7,357,-0.9953850507736206,-0.9946006877081734,7,2,kubica,williams,17,17,17
839,2019,7,357,-1.0485496520996094,-1.042904833952586,6,208,stroll,racing_point,18,18,18
821,2019,8,358,1.4348371028900146,1.4467075020074844,8,129,bottas,mercedes,1,1,1
831,2019,8,358,1.239268183708191,1.2453144391377766,6,0,sainz,mclaren,2,2,3
829,2019,8,358,1.2303112745285034,1.242119625210762,8,8,max_verstappen,red_bull,3,2,3
7,2019,8,358,1.152569055557251,1.1641721725463867,8,49,raikkonen,alfa,4,4,4
0,2019,8,358,1.106005311012268,1.117951974272728,8,129,hamilton,mercedes,5,5,6
807,2019,8,358,1.106122612953186,1.112315833568573,6,3,hulkenberg,renault,6,5,6
19,2019,8,358,1.0462796688079834,1.058391973376274,8,5,vettel,ferrari,7,7,8
814,2019,8,358,1.039880394935608,1.05137038230896,8,208,perez,racing_point,8,7,8
842,2019,8,358,1.0221394300460815,1.032402685710362,7,5,leclerc,ferrari,9,9,9
844,2019,8,358,0.9138693809509277,0.9166950484116873,6,0,norris,mclaren,10,10,10
816,2019,8,358,0.759162425994873,0.7639655232429504,5,3,ricciardo,renault,11,11,11
846,2019,8,358,0.6305445432662964,0.6350029706954956,7,4,albon,toro_rosso,12,12,12
825,2019,8,358,0.5696905851364136,0.5787095129489899,6,4,kvyat,toro_rosso,13,13,13
452,2019,8,358,0.5078392028808594,0.5203386332307544,7,8,gasly,red_bull,14,14,14
153,2019,8,358,0.23661121726036072,0.24243482649326326,5,207,grosjean,haas,15,15,15
824,2019,8,358,-0.7409304976463318,-0.7289348319172859,8,207,kevin_magnussen,haas,16,16,16
840,2019,8,358,-0.934741735458374,-0.9303880929946899,8,49,giovinazzi,alfa,17,17,18
845,2019,8,358,-0.9926178455352783,-0.9643582478165627,8,2,russell,williams,18,17,18
8,2019,8,358,-1.007106900215149,-0.9961639642715454,8,2,kubica,williams,19,19,19
839,2019,8,358,-1.0608623027801514,-1.045470186642238,7,208,stroll,racing_point,20,20,20
821,2019,9,359,1.434074878692627,1.4453038771947224,9,129,bottas,mercedes,1,1,1
831,2019,9,359,1.2384111881256104,1.244328260421753,7,0,sainz,mclaren,2,2,3
829,2019,9,359,1.2295598983764648,1.2407241000069513,9,8,max_verstappen,red_bull,3,2,3
7,2019,9,359,1.1518546342849731,1.1628035571840074,9,49,raikkonen,alfa,4,4,4
0,2019,9,359,1.105229377746582,1.1165383524364896,9,129,hamilton,mercedes,5,5,6
807,2019,9,359,1.105270504951477,1.111309358051845,7,3,hulkenberg,renault,6,5,6
19,2019,9,359,1.0454740524291992,1.0569566488265991,9,5,vettel,ferrari,7,7,8
814,2019,9,359,1.0391861200332642,1.0500165753894382,9,208,perez,racing_point,8,7,8
842,2019,9,359,1.021544337272644,1.0310453921556473,8,5,leclerc,ferrari,9,9,9
844,2019,9,359,0.9139973521232605,0.9163096632276263,7,0,norris,mclaren,10,10,10
816,2019,9,359,0.7583435773849487,0.7630285322666168,6,3,ricciardo,renault,11,11,11
846,2019,9,359,0.6306169629096985,0.634454719722271,8,4,albon,toro_rosso,12,12,12
825,2019,9,359,0.569126546382904,0.5773405177252633,7,4,kvyat,toro_rosso,13,13,13
452,2019,9,359,0.5068067908287048,0.5186471529304981,8,8,gasly,red_bull,14,14,14
153,2019,9,359,0.23541471362113953,0.24126480768124262,6,207,grosjean,haas,15,15,15
824,2019,9,359,-0.7417153120040894,-0.730354885260264,9,207,kevin_magnussen,haas,16,16,16
840,2019,9,359,-0.9341591596603394,-0.9308071004019843,9,49,giovinazzi,alfa,17,17,17
845,2019,9,359,-0.9935015439987183,-0.9675963918368021,9,2,russell,williams,18,18,18
8,2019,9,359,-1.0077033042907715,-0.9974461131625705,9,2,kubica,williams,19,19,19
839,2019,9,359,-1.0619699954986572,-1.0475326627492905,8,208,stroll,racing_point,20,20,20
821,2019,10,360,1.377996563911438,1.438573145866394,10,129,bottas,mercedes,1,1,1
831,2019,10,360,1.1822509765625,1.2365685999393463,8,0,sainz,mclaren,2,2,3
829,2019,10,360,1.173491358757019,1.234000825881958,10,8,max_verstappen,red_bull,3,2,3
7,2019,10,360,1.0958175659179688,1.1561049580574037,10,49,raikkonen,alfa,4,4,4
0,2019,10,360,1.0491392612457275,1.1097984433174133,10,129,hamilton,mercedes,5,5,6
807,2019,10,360,1.049114465713501,1.103534996509552,8,3,hulkenberg,renault,6,5,6
19,2019,10,360,0.9893582463264465,1.0501968085765838,10,5,vettel,ferrari,7,7,8
814,2019,10,360,0.9831666946411133,1.0433315873146056,10,208,perez,racing_point,8,7,9
842,2019,10,360,0.9656108617782593,1.023774888780382,9,5,leclerc,ferrari,9,8,9
844,2019,10,360,0.8586890697479248,0.9091070890426636,8,0,norris,mclaren,10,10,10
816,2019,10,360,0.7022163271903992,0.7543410743985858,7,3,ricciardo,renault,11,11,11
846,2019,10,360,0.575260579586029,0.6278775930404663,9,4,albon,toro_rosso,12,12,12
825,2019,10,360,0.5132196545600891,0.5693254098296165,8,4,kvyat,toro_rosso,13,13,13
452,2019,10,360,0.45049482583999634,0.5110746721426646,9,8,gasly,red_bull,14,14,14
845,2019,10,360,-1.049684762954712,-0.9758052289485931,10,2,russell,williams,15,15,16
8,2019,10,360,-1.0636379718780518,-1.0040652990341186,10,2,kubica,williams,16,15,16
839,2019,10,360,-1.118346929550171,-1.055400914616055,9,208,stroll,racing_point,17,17,17
831,2019,11,361,1.3184868097305298,1.2456706232494779,9,0,sainz,mclaren,1,1,2
829,2019,11,361,1.3098063468933105,1.24089223688299,11,8,max_verstappen,red_bull,2,1,2
7,2019,11,361,1.2321600914001465,1.163019061088562,11,49,raikkonen,alfa,3,3,3
0,2019,11,361,1.1854357719421387,1.1166745641014793,11,129,hamilton,mercedes,4,4,4
19,2019,11,361,1.1256325244903564,1.0570546009323813,11,5,vettel,ferrari,5,5,5
846,2019,11,361,0.7121917605400085,0.6363090097904205,10,4,albon,toro_rosso,6,6,6
825,2019,11,361,0.6496745944023132,0.5782530970043607,9,4,kvyat,toro_rosso,7,7,7
452,2019,11,361,0.5865994095802307,0.5186271458864212,10,8,gasly,red_bull,8,8,8
153,2019,11,361,0.3185505270957947,0.25230562474046436,7,207,grosjean,haas,9,9,9
824,2019,11,361,-0.6582233905792236,-0.72314173579216,10,207,kevin_magnussen,haas,10,10,10
840,2019,11,361,-0.8494845628738403,-0.9226748466491699,10,49,giovinazzi,alfa,11,11,11
845,2019,11,361,-0.9134690165519714,-0.9701383005489003,11,2,russell,williams,12,12,13
8,2019,11,361,-0.9272071123123169,-0.9970781911503185,11,2,kubica,williams,13,12,13
839,2019,11,361,-0.9822986125946045,-1.04809068441391,10,208,stroll,racing_point,14,14,14
821,2019,12,362,1.4263240098953247,1.4374595880508423,11,129,bottas,mercedes,1,1,1
831,2019,12,362,1.2338882684707642,1.2444923877716065,10,0,sainz,mclaren,2,2,3
829,2019,12,362,1.2252761125564575,1.2395908931891124,12,8,max_verstappen,red_bull,3,2,3
7,2019,12,362,1.147653579711914,1.1617386043071747,12,49,raikkonen,alfa,4,4,4
0,2019,12,362,1.1008894443511963,1.1153591374556224,12,129,hamilton,mercedes,5,5,6
807,2019,12,362,1.0973749160766602,1.1028505431281195,9,3,hulkenberg,renault,6,5,6
19,2019,12,362,1.0410672426223755,1.0557223210732143,12,5,vettel,ferrari,7,7,8
814,2019,12,362,1.0315452814102173,1.0422601049596614,11,208,perez,racing_point,8,7,8
842,2019,12,362,1.0140634775161743,1.022803747653961,10,5,leclerc,ferrari,9,8,9
844,2019,12,362,0.9076827764511108,0.9089488320880466,9,0,norris,mclaren,10,10,10
816,2019,12,362,0.7505016922950745,0.7538611516356468,8,3,ricciardo,renault,11,11,11
846,2019,12,362,0.6281946897506714,0.6355713443322615,11,4,albon,toro_rosso,12,12,12
825,2019,12,362,0.5652655363082886,0.5769543409347534,10,4,kvyat,toro_rosso,13,13,13
452,2019,12,362,0.501887321472168,0.5171053436669436,11,8,gasly,red_bull,14,14,14
824,2019,12,362,-0.7432206869125366,-0.7249670949849215,11,207,kevin_magnussen,haas,15,15,15
840,2019,12,362,-0.933458685874939,-0.9236551956696943,11,49,giovinazzi,alfa,16,16,16
845,2019,12,362,-0.9980847835540771,-0.972467174132665,12,2,russell,williams,17,17,18
8,2019,12,362,-1.0116372108459473,-0.9982914427916209,12,2,kubica,williams,18,17,18
839,2019,12,362,-1.0670593976974487,-1.0498151128942317,11,208,stroll,racing_point,19,19,19
821,2019,13,363,1.4585747718811035,1.4392191867033641,12,129,bottas,mercedes,1,1,1
7,2019,13,363,1.1794664859771729,1.1631022875125592,13,49,raikkonen,alfa,2,2,2
0,2019,13,363,1.132667899131775,1.1166905806614802,13,129,hamilton,mercedes,3,3,4
807,2019,13,363,1.1295675039291382,1.1055222392082213,10,3,hulkenberg,renault,4,3,4
19,2019,13,363,1.0728291273117065,1.057038229245406,13,5,vettel,ferrari,5,5,6
814,2019,13,363,1.0638399124145508,1.0440584222475688,12,208,perez,racing_point,6,5,7
842,2019,13,363,1.0464226007461548,1.024950916116888,11,5,leclerc,ferrari,7,6,7
844,2019,13,363,0.9405096173286438,0.9121049106121063,10,0,norris,mclaren,8,8,8
816,2019,13,363,0.7827157974243164,0.7570672233899435,9,3,ricciardo,renault,9,9,9
846,2019,13,363,0.6604480147361755,0.6376444001992544,12,8,albon,red_bull,10,10,10
825,2019,13,363,0.5971625447273254,0.5787914503704418,11,4,kvyat,toro_rosso,11,11,11
452,2019,13,363,0.5335221290588379,0.5184734091162682,12,4,gasly,toro_rosso,12,12,12
153,2019,13,363,0.26601308584213257,0.2540190573781729,8,207,grosjean,haas,13,13,13
824,2019,13,363,-0.7118325233459473,-0.7238725473483404,12,207,kevin_magnussen,haas,14,14,14
840,2019,13,363,-0.9011855721473694,-0.9217827270428339,12,49,giovinazzi,alfa,15,15,15
845,2019,13,363,-0.966366708278656,-0.9719979075285105,13,2,russell,williams,16,16,17
8,2019,13,363,-0.979758083820343,-0.9968657997938303,13,2,kubica,williams,17,16,17
839,2019,13,363,-1.0354667901992798,-1.048619419336319,12,208,stroll,racing_point,18,18,18
821,2019,14,364,1.4245373010635376,1.4380898108849158,13,129,bottas,mercedes,1,1,1
829,2019,14,364,1.2220039367675781,1.238238050387456,13,8,max_verstappen,red_bull,2,2,2
7,2019,14,364,1.1450504064559937,1.1618128674370902,14,49,raikkonen,alfa,3,3,3
0,2019,14,364,1.098222017288208,1.1153713975633894,14,129,hamilton,mercedes,4,4,5
807,2019,14,364,1.0954798460006714,1.1046092943711714,11,3,hulkenberg,renault,5,4,5
19,2019,14,364,1.038368821144104,1.055704700095313,14,5,vettel,ferrari,6,6,7
814,2019,14,364,1.0298407077789307,1.0429647519038274,13,208,perez,racing_point,7,6,8
842,2019,14,364,1.0124788284301758,1.0239115754763286,12,5,leclerc,ferrari,8,7,8
844,2019,14,364,0.9069706201553345,0.911638156934218,11,0,norris,mclaren,9,9,9
816,2019,14,364,0.7486468553543091,0.75622518658638,10,3,ricciardo,renault,10,10,10
846,2019,14,364,0.6264128684997559,0.6367804362223699,13,8,albon,red_bull,11,11,11
452,2019,14,364,0.49895206093788147,0.5169717669487,13,4,gasly,toro_rosso,12,12,12
153,2019,14,364,0.23077689111232758,0.25143659445974564,9,207,grosjean,haas,13,13,13
840,2019,14,364,-0.9352034330368042,-0.9228150890423701,13,49,giovinazzi,alfa,14,14,14
845,2019,14,364,-1.000864863395691,-0.9740598329475948,14,2,russell,williams,15,15,16
8,2019,14,364,-1.0141171216964722,-0.9980980370725904,14,2,kubica,williams,16,15,16
839,2019,14,364,-1.070073127746582,-1.0502697045986469,13,208,stroll,racing_point,17,17,17
821,2019,15,365,1.4265871047973633,1.4372681890215193,14,129,bottas,mercedes,1,1,1
831,2019,15,365,1.2332960367202759,1.243474537676031,11,0,sainz,mclaren,2,2,3
829,2019,15,365,1.2237958908081055,1.2372064675603593,14,8,max_verstappen,red_bull,3,2,3
0,2019,15,365,1.0999184846878052,1.1143412033716837,15,129,hamilton,mercedes,4,4,5
807,2019,15,365,1.0974862575531006,1.1040157079696655,12,3,hulkenberg,renault,5,4,5
19,2019,15,365,1.0400527715682983,1.0546612381935119,15,5,vettel,ferrari,6,6,6
842,2019,15,365,1.0146098136901855,1.023196055338933,13,5,leclerc,ferrari,7,7,7
844,2019,15,365,0.9094514846801758,0.9114559342463812,12,0,norris,mclaren,8,8,8
816,2019,15,365,0.7506693601608276,0.7557201114567843,11,3,ricciardo,renault,9,9,9
846,2019,15,365,0.6284646987915039,0.636186454977308,14,8,albon,red_bull,10,10,10
825,2019,15,365,0.5655584931373596,0.5776887039343516,12,4,kvyat,toro_rosso,11,11,11
452,2019,15,365,0.500541090965271,0.5157981472355979,14,4,gasly,toro_rosso,12,12,12
153,2019,15,365,0.2317897230386734,0.2494719073176384,10,207,grosjean,haas,13,13,13
824,2019,15,365,-0.7438766956329346,-0.7254113279856168,13,207,kevin_magnussen,haas,14,14,14
840,2019,15,365,-0.9331368803977966,-0.9235523598534721,14,49,giovinazzi,alfa,15,15,15
8,2019,15,365,-1.012345314025879,-0.999047855536143,15,2,kubica,williams,16,16,16
839,2019,15,365,-1.068515658378601,-1.0515729870115007,14,208,stroll,racing_point,17,17,17
821,2019,16,366,1.3795156478881836,1.4334180196126303,15,129,bottas,mercedes,1,1,1
831,2019,16,366,1.1858223676681519,1.2386701901753743,12,0,sainz,mclaren,2,2,3
829,2019,16,366,1.1765012741088867,1.2331594546635947,15,8,max_verstappen,red_bull,3,2,3
7,2019,16,366,1.1001741886138916,1.1577036221822103,15,49,raikkonen,alfa,4,4,4
0,2019,16,366,1.0525412559509277,1.1104787066578865,16,129,hamilton,mercedes,5,5,6
807,2019,16,366,1.0503770112991333,1.0998896543796246,13,3,hulkenberg,renault,6,5,6
814,2019,16,366,0.9853249788284302,1.0388476252555847,14,208,perez,racing_point,7,7,7
842,2019,16,366,0.9676082730293274,1.0192254994596754,14,5,leclerc,ferrari,8,7,8
844,2019,16,366,0.8627528548240662,0.9077095435215876,13,0,norris,mclaren,9,9,9
846,2019,16,366,0.5813948512077332,0.6325336813926696,15,8,albon,red_bull,10,10,10
825,2019,16,366,0.5181292295455933,0.5731072059044471,13,4,kvyat,toro_rosso,11,11,11
452,2019,16,366,0.45307090878486633,0.5116163313388824,15,4,gasly,toro_rosso,12,12,12
824,2019,16,366,-0.7916867733001709,-0.7301452883652279,14,207,kevin_magnussen,haas,13,13,13
840,2019,16,366,-0.9801939129829407,-0.9273284633954366,15,49,giovinazzi,alfa,14,14,14
839,2019,16,366,-1.1160130500793457,-1.0558689912160237,15,208,stroll,racing_point,15,15,15
821,2019,17,367,1.4615991115570068,1.4351793378591537,16,129,bottas,mercedes,1,1,1
831,2019,17,367,1.267557978630066,1.2408923277488122,13,0,sainz,mclaren,2,2,2
7,2019,17,367,1.181910514831543,1.1592165529727936,16,49,raikkonen,alfa,3,3,3
0,2019,17,367,1.1343603134155273,1.1118835070553947,17,129,hamilton,mercedes,4,4,4
19,2019,17,367,1.0772545337677002,1.0560733191668987,16,5,vettel,ferrari,5,5,6
814,2019,17,367,1.067373275756836,1.0407493352890014,15,208,perez,racing_point,6,5,7
842,2019,17,367,1.0497525930404663,1.021260639031728,15,5,leclerc,ferrari,7,6,7
844,2019,17,367,0.9451590776443481,0.910384510244642,14,0,norris,mclaren,8,8,8
846,2019,17,367,0.6634798645973206,0.6344678178429604,16,8,albon,red_bull,9,9,9
825,2019,17,367,0.5999033451080322,0.5750212158475604,14,4,kvyat,toro_rosso,10,10,10
452,2019,17,367,0.5348097085952759,0.513065917417407,16,4,gasly,toro_rosso,11,11,11
153,2019,17,367,0.26841095089912415,0.2511936385523189,11,207,grosjean,haas,12,12,12
824,2019,17,367,-0.7102419137954712,-0.728818396727244,15,207,kevin_magnussen,haas,13,13,13
840,2019,17,367,-0.8980977535247803,-0.9255015440285206,16,49,giovinazzi,alfa,14,14,14
845,2019,17,367,-0.9612221717834473,-0.9732039888699849,15,2,russell,williams,15,15,15
8,2019,17,367,-0.9750677347183228,-0.9975490979850292,16,2,kubica,williams,16,16,16
839,2019,17,367,-1.0342979431152344,-1.0545208007097244,16,208,stroll,racing_point,17,17,17
821,2019,18,368,1.4506630897521973,1.4360901467940386,17,129,bottas,mercedes,1,1,1
831,2019,18,368,1.2563211917877197,1.241994389465877,14,0,sainz,mclaren,2,2,3
829,2019,18,368,1.2458170652389526,1.2339505553245544,16,8,max_verstappen,red_bull,3,2,3
0,2019,18,368,1.1231956481933594,1.1125119593408372,18,129,hamilton,mercedes,4,4,5
807,2019,18,368,1.1198533773422241,1.101315634591239,14,3,hulkenberg,renault,5,4,5
19,2019,18,368,1.065706491470337,1.0566399763612186,17,5,vettel,ferrari,6,6,7
814,2019,18,368,1.0564066171646118,1.0417279154062271,16,208,perez,racing_point,7,6,7
842,2019,18,368,1.038869023323059,1.0223611630499363,16,5,leclerc,ferrari,8,8,8
816,2019,18,368,0.7755891680717468,0.7573758661746979,12,3,ricciardo,renault,9,9,9
846,2019,18,368,0.652545154094696,0.6355311905636507,17,8,albon,red_bull,10,10,10
825,2019,18,368,0.5886996984481812,0.5759331146876018,15,4,kvyat,toro_rosso,11,11,11
452,2019,18,368,0.523575484752655,0.5136841272606569,17,4,gasly,toro_rosso,12,12,12
153,2019,18,368,0.25636065006256104,0.2516242228448391,12,207,grosjean,haas,13,13,13
824,2019,18,368,-0.7217304110527039,-0.7283753976225853,16,207,kevin_magnussen,haas,14,14,14
840,2019,18,368,-0.9090229272842407,-0.9245322136317983,17,49,giovinazzi,alfa,15,15,15
845,2019,18,368,-0.9729050397872925,-0.9731853045523167,16,2,russell,williams,16,16,16
8,2019,18,368,-0.9865502715110779,-0.9969021081924438,17,2,kubica,williams,17,17,17
839,2019,18,368,-1.0455524921417236,-1.053993253146901,17,208,stroll,racing_point,18,18,18
821,2019,19,369,1.4138022661209106,1.434851931201087,18,129,bottas,mercedes,1,1,1
831,2019,19,369,1.2192000150680542,1.2404747645060221,15,0,sainz,mclaren,2,2,3
829,2019,19,369,1.2090104818344116,1.2324834921780754,17,8,max_verstappen,red_bull,3,2,3
7,2019,19,369,1.132961630821228,1.1576721457874073,17,49,raikkonen,alfa,4,4,4
0,2019,19,369,1.0861369371414185,1.11112380027771,19,129,hamilton,mercedes,5,5,6
807,2019,19,369,1.0831855535507202,1.100106962521871,15,3,hulkenberg,renault,6,5,6
814,2019,19,369,1.019519329071045,1.0404215279747457,17,208,perez,racing_point,7,7,7
842,2019,19,369,1.0020533800125122,1.0211665875771467,17,5,leclerc,ferrari,8,8,8
844,2019,19,369,0.8967894911766052,0.9094781756401062,15,0,norris,mclaren,9,9,9
816,2019,19,369,0.738590657711029,0.755930850139031,13,3,ricciardo,renault,10,10,10
846,2019,19,369,0.6156854033470154,0.6344286468293932,18,8,albon,red_bull,11,11,11
825,2019,19,369,0.5516073703765869,0.5744127556681633,16,4,kvyat,toro_rosso,12,12,12
452,2019,19,369,0.48645657300949097,0.5121714853578143,18,4,gasly,toro_rosso,13,13,13
153,2019,19,369,0.21853600442409515,0.24907897527401263,13,207,grosjean,haas,14,14,14
824,2019,19,369,-0.7590692043304443,-0.730180915664224,17,207,kevin_magnussen,haas,15,15,15
840,2019,19,369,-0.9458743333816528,-0.9257178869512346,18,49,giovinazzi,alfa,16,16,16
845,2019,19,369,-1.0104119777679443,-0.9753751088591183,17,2,russell,williams,17,17,17
839,2019,19,369,-1.0826890468597412,-1.0555874639087253,18,208,stroll,racing_point,18,18,18
831,2019,20,370,1.2517216205596924,1.2411776930093765,16,0,sainz,mclaren,1,1,2
829,2019,20,370,1.2418042421340942,1.2330013116200764,18,8,max_verstappen,red_bull,2,1,2
7,2019,20,370,1.1655634641647339,1.1581105523639255,18,49,raikkonen,alfa,3,3,3
0,2019,20,370,1.1187126636505127,1.11150324344635,20,129,hamilton,mercedes,4,4,5
807,2019,20,370,1.11609947681427,1.1011064946651459,16,3,hulkenberg,renault,5,4,5
19,2019,20,370,1.0620235204696655,1.0569390621450212,18,5,vettel,ferrari,6,6,7
814,2019,20,370,1.0522432327270508,1.0410782893498738,18,208,perez,racing_point,7,6,7
842,2019,20,370,1.0348395109176636,1.0219261944293976,18,5,leclerc,ferrari,8,8,8
844,2019,20,370,0.9298926591873169,0.9107540808618069,16,0,norris,mclaren,9,9,9
816,2019,20,370,0.771218478679657,0.7570228236062186,14,3,ricciardo,renault,10,10,10
846,2019,20,370,0.6484330892562866,0.6351657227465981,19,8,albon,red_bull,11,11,11
825,2019,20,370,0.5841538906097412,0.5749857636059031,17,4,kvyat,toro_rosso,12,12,12
452,2019,20,370,0.5189802646636963,0.5125298421633872,19,4,gasly,toro_rosso,13,13,13
153,2019,20,370,0.2504490911960602,0.24917684069701604,14,207,grosjean,haas,14,14,14
824,2019,20,370,-0.7267358303070068,-0.7299895220332675,18,207,kevin_magnussen,haas,15,15,15
840,2019,20,370,-0.9131194353103638,-0.9250548105490836,19,49,giovinazzi,alfa,16,16,16
845,2019,20,370,-0.9782240986824036,-0.9755333860715231,18,2,russell,williams,17,17,18
8,2019,20,370,-0.9901766777038574,-0.9965284731653001,18,2,kubica,williams,18,17,18
839,2019,20,370,-1.0501805543899536,-1.0553028897235268,19,208,stroll,racing_point,19,19,19
821,2019,21,371,1.4025847911834717,1.4331536606738442,19,129,bottas,mercedes,1,1,1
831,2019,21,371,1.2082486152648926,1.2392406884361715,17,0,sainz,mclaren,2,2,3
829,2019,21,371,1.1985666751861572,1.2311889623340808,19,8,max_verstappen,red_bull,3,2,3
7,2019,21,371,1.1221599578857422,1.1562184158124422,19,49,raikkonen,alfa,4,4,4
0,2019,21,371,1.0752863883972168,1.1097786313011533,21,129,hamilton,mercedes,5,5,6
807,2019,21,371,1.0729656219482422,1.0994511492112105,17,3,hulkenberg,renault,6,5,6
19,2019,21,371,1.018157720565796,1.0548979389040094,19,5,vettel,ferrari,7,7,8
814,2019,21,371,1.0089452266693115,1.039387075524581,19,208,perez,racing_point,8,7,8
842,2019,21,371,0.9915951490402222,1.020329823619441,19,5,leclerc,ferrari,9,9,9
844,2019,21,371,0.8869225978851318,0.9093522289220024,17,0,norris,mclaren,10,10,10
816,2019,21,371,0.7278372645378113,0.7550771196683248,15,3,ricciardo,renault,11,11,11
846,2019,21,371,0.6051555871963501,0.6336652159690856,20,8,albon,red_bull,12,12,12
825,2019,21,371,0.5407024025917053,0.5730811324384477,18,4,kvyat,toro_rosso,13,13,13
452,2019,21,371,0.47550898790359497,0.5106787994503975,20,4,gasly,toro_rosso,14,14,14
153,2019,21,371,0.2064497172832489,0.2463283658027649,15,207,grosjean,haas,15,15,15
824,2019,21,371,-0.770371675491333,-0.7321148985310605,19,207,kevin_magnussen,haas,16,16,16
840,2019,21,371,-0.9563907384872437,-0.9266216069459915,20,49,giovinazzi,alfa,17,17,17
845,2019,21,371,-1.0219857692718506,-0.9779782483452245,19,2,russell,williams,18,18,19
8,2019,21,371,-1.0339933633804321,-0.9985003094924124,19,2,kubica,williams,19,18,19
821,2020,1,372,1.3897144794464111,1.3897144794464111,1,129,bottas,mercedes,1,1,1
831,2020,1,372,1.1951173543930054,1.1951173543930054,1,0,sainz,mclaren,2,2,2
0,2020,1,372,1.0621955394744873,1.0621955394744873,1,129,hamilton,mercedes,3,3,3
19,2020,1,372,1.0046865940093994,1.0046865940093994,1,5,vettel,ferrari,4,4,4
814,2020,1,372,0.995965301990509,0.995965301990509,1,208,perez,racing_point,5,5,5
842,2020,1,372,0.9786617755889893,0.9786617755889893,1,5,leclerc,ferrari,6,6,6
844,2020,1,372,0.874226450920105,0.874226450920105,1,0,norris,mclaren,7,7,7
846,2020,1,372,0.592193603515625,0.592193603515625,1,8,albon,red_bull,8,8,8
825,2020,1,372,0.5275897979736328,0.5275897979736328,1,209,kvyat,alphatauri,9,9,9
452,2020,1,372,0.4623792767524719,0.4623792767524719,1,209,gasly,alphatauri,10,10,10
838,2020,1,372,0.14071863889694214,0.14071863889694214,1,3,ocon,renault,11,11,11
840,2020,1,372,-0.969347357749939,-0.969347357749939,1,49,giovinazzi,alfa,12,12,12
847,2020,1,372,-1.2763171195983887,-1.2763171195983887,1,2,latifi,williams,13,13,13
821,2020,2,373,1.4702320098876953,1.4299732446670532,2,129,bottas,mercedes,1,1,1
829,2020,2,373,1.2677953243255615,1.2677953243255615,1,8,max_verstappen,red_bull,2,2,3
831,2020,2,373,1.2754087448120117,1.2352630496025085,2,0,sainz,mclaren,3,2,3
7,2020,2,373,1.1912448406219482,1.1912448406219482,1,49,raikkonen,alfa,4,4,4
0,2020,2,373,1.1425219774246216,1.1023587584495544,2,129,hamilton,mercedes,5,5,6
814,2020,2,373,1.076387643814087,1.036176472902298,2,208,perez,racing_point,6,5,6
844,2020,2,373,0.9548943042755127,0.9145603775978088,2,0,norris,mclaren,7,7,7
816,2020,2,373,0.7969415783882141,0.7969415783882141,1,3,ricciardo,renault,8,8,8
846,2020,2,373,0.6726313829421997,0.6324124932289124,2,8,albon,red_bull,9,9,10
825,2020,2,373,0.6078972816467285,0.5677435398101807,2,209,kvyat,alphatauri,10,9,11
452,2020,2,373,0.5426720380783081,0.50252565741539,2,209,gasly,alphatauri,11,10,11
153,2020,2,373,0.2750192880630493,0.2750192880630493,1,207,grosjean,haas,12,12,12
824,2020,2,373,-0.7014876008033752,-0.7014876008033752,1,207,kevin_magnussen,haas,13,13,13
840,2020,2,373,-0.8889049887657166,-0.9291261732578278,2,49,giovinazzi,alfa,14,14,15
845,2020,2,373,-0.9532105922698975,-0.9532105922698975,1,2,russell,williams,15,14,15
839,2020,2,373,-1.0230867862701416,-1.0230867862701416,1,208,stroll,racing_point,16,16,16
847,2020,2,373,-1.3754678964614868,-1.3258925080299377,2,2,latifi,williams,17,17,17
821,2020,3,374,1.4531127214431763,1.4376864035924275,3,129,bottas,mercedes,1,1,1
829,2020,3,374,1.2504050731658936,1.2591001987457275,2,8,max_verstappen,red_bull,2,2,3
831,2020,3,374,1.258094310760498,1.2428734699885051,3,0,sainz,mclaren,3,2,3
7,2020,3,374,1.1737306118011475,1.1824877262115479,2,49,raikkonen,alfa,4,4,4
0,2020,3,374,1.1252377033233643,1.109985073407491,3,129,hamilton,mercedes,5,5,5
814,2020,3,374,1.059186339378357,1.0438464283943176,3,208,perez,racing_point,6,6,8
19,2020,3,374,1.0652854442596436,1.0349860191345215,2,5,vettel,ferrari,7,6,8
842,2020,3,374,1.0397257804870605,1.009193778038025,2,5,leclerc,ferrari,8,6,8
844,2020,3,374,0.9379052519798279,0.9223420023918152,3,0,norris,mclaren,9,9,9
816,2020,3,374,0.7794440984725952,0.7881928384304047,2,3,ricciardo,renault,10,10,10
846,2020,3,374,0.6554434895515442,0.6400894920031229,3,8,albon,red_bull,11,11,11
825,2020,3,374,0.5905967354774475,0.5753612716992696,3,209,kvyat,alphatauri,12,12,12
153,2020,3,374,0.25705915689468384,0.2660392224788666,2,207,grosjean,haas,13,13,13
838,2020,3,374,0.19930632412433624,0.1700124815106392,2,3,ocon,renault,14,14,14
824,2020,3,374,-0.7191756963729858,-0.7103316485881805,2,207,kevin_magnussen,haas,15,15,15
840,2020,3,374,-0.9060887694358826,-0.9214470386505127,3,49,giovinazzi,alfa,16,16,17
845,2020,3,374,-0.9709928035736084,-0.9621016979217529,2,2,russell,williams,17,16,17
839,2020,3,374,-1.040872573852539,-1.0319796800613403,2,208,stroll,racing_point,18,18,18
847,2020,3,374,-1.39388906955719,-1.3485580285390217,3,2,latifi,williams,19,19,19
821,2020,4,375,1.4458032846450806,1.4397156238555908,4,129,bottas,mercedes,1,1,1
829,2020,4,375,1.242861270904541,1.2536872227986653,3,8,max_verstappen,red_bull,2,2,3
831,2020,4,375,1.2506158351898193,1.2448090612888336,4,0,sainz,mclaren,3,2,3
7,2020,4,375,1.1660792827606201,1.1770182450612385,3,49,raikkonen,alfa,4,4,4
0,2020,4,375,1.1177853345870972,1.1119351387023926,4,129,hamilton,mercedes,5,5,5
19,2020,4,375,1.0578340291976929,1.0426020224889119,3,5,vettel,ferrari,6,6,7
842,2020,4,375,1.0326765775680542,1.017021377881368,3,5,leclerc,ferrari,7,6,7
844,2020,4,375,0.9307083487510681,0.9244335889816284,4,0,norris,mclaren,8,8,8
816,2020,4,375,0.7718072533607483,0.7827309767405192,3,3,ricciardo,renault,9,9,9
846,2020,4,375,0.6480745077133179,0.6420857459306717,4,8,albon,red_bull,10,10,10
452,2020,4,375,0.5169503092765808,0.5073338747024536,3,209,gasly,alphatauri,11,11,11
153,2020,4,375,0.24902226030826569,0.26036690175533295,3,207,grosjean,haas,12,12,12
838,2020,4,375,0.19011522829532623,0.17671339710553488,3,3,ocon,renault,13,13,13
840,2020,4,375,-0.9134543538093567,-0.9194488674402237,4,49,giovinazzi,alfa,14,14,14
845,2020,4,375,-0.9788759350776672,-0.9676931103070577,3,2,russell,williams,15,15,15
839,2020,4,375,-1.048758864402771,-1.0375727415084839,3,208,stroll,racing_point,16,16,16
847,2020,4,375,-1.402324914932251,-1.361999750137329,4,2,latifi,williams,17,17,17
821,2020,5,376,1.4315325021743774,1.4380789995193481,5,129,bottas,mercedes,1,1,1
829,2020,5,376,1.2283879518508911,1.2473624050617218,4,8,max_verstappen,red_bull,2,2,3
831,2020,5,376,1.2361990213394165,1.2430870532989502,5,0,sainz,mclaren,3,2,3
7,2020,5,376,1.1515130996704102,1.1706419587135315,4,49,raikkonen,alfa,4,4,4
0,2020,5,376,1.1033912897109985,1.1102263689041139,5,129,hamilton,mercedes,5,5,6
807,2020,5,376,1.0996344089508057,1.0996344089508057,1,208,hulkenberg,racing_point,6,5,6
19,2020,5,376,1.043440818786621,1.0428117215633392,4,5,vettel,ferrari,7,7,8
842,2020,5,376,1.0186313390731812,1.0174238681793213,4,5,leclerc,ferrari,8,7,8
844,2020,5,376,0.9165351390838623,0.9228538990020752,5,0,norris,mclaren,9,9,9
816,2020,5,376,0.7572536468505859,0.7763616442680359,4,3,ricciardo,renault,10,10,10
846,2020,5,376,0.6337525844573975,0.6404191136360169,5,8,albon,red_bull,11,11,11
825,2020,5,376,0.56828773021698,0.5735928863286972,4,209,kvyat,alphatauri,12,12,12
452,2020,5,376,0.5026601552963257,0.5061654448509216,4,209,gasly,alphatauri,13,13,13
153,2020,5,376,0.23412249982357025,0.2538058012723923,4,207,grosjean,haas,14,14,14
838,2020,5,376,0.17421714961528778,0.1760893352329731,4,3,ocon,renault,15,15,15
840,2020,5,376,-0.9277732968330383,-0.9211137533187866,5,49,giovinazzi,alfa,16,16,16
845,2020,5,376,-0.9936425685882568,-0.9741804748773575,4,2,russell,williams,17,17,17
839,2020,5,376,-1.0635281801223755,-1.0440616011619568,4,208,stroll,racing_point,18,18,18
847,2020,5,376,-1.417569637298584,-1.3731137275695802,5,2,latifi,williams,19,19,19
821,2020,6,377,1.4634790420532227,1.4423123399416606,6,129,bottas,mercedes,1,1,1
829,2020,6,377,1.2601590156555176,1.249921727180481,5,8,max_verstappen,red_bull,2,2,3
831,2020,6,377,1.2680190801620483,1.2472423911094666,6,0,sainz,mclaren,3,2,3
7,2020,6,377,1.183203935623169,1.173154354095459,5,49,raikkonen,alfa,4,4,4
0,2020,6,377,1.1352307796478271,1.1143937706947327,6,129,hamilton,mercedes,5,5,5
814,2020,6,377,1.0690827369689941,1.0501555055379868,4,208,perez,racing_point,6,6,7
19,2020,6,377,1.0752811431884766,1.0493056058883667,5,5,vettel,ferrari,7,6,7
844,2020,6,377,0.9485659599304199,0.9271392424901327,6,0,norris,mclaren,8,8,8
816,2020,6,377,0.7889550924301147,0.7788803339004516,5,3,ricciardo,renault,9,9,9
846,2020,6,377,0.6656544804573059,0.6446250081062317,6,8,albon,red_bull,10,10,10
825,2020,6,377,0.600175678730011,0.57890944480896,5,209,kvyat,alphatauri,11,11,11
452,2020,6,377,0.5345895886421204,0.5118502736091614,5,209,gasly,alphatauri,12,12,12
153,2020,6,377,0.265524685382843,0.2561495780944824,5,207,grosjean,haas,13,13,13
838,2020,6,377,0.20475581288337708,0.18182263076305388,5,3,ocon,renault,14,14,14
824,2020,6,377,-0.709700345993042,-0.710121214389801,3,207,kevin_magnussen,haas,15,15,15
840,2020,6,377,-0.8958687782287598,-0.9169062574704488,6,49,giovinazzi,alfa,16,16,16
845,2020,6,377,-0.9621252417564392,-0.9717694282531738,5,2,russell,williams,17,17,17
839,2020,6,377,-1.032013177871704,-1.0416519165039062,5,208,stroll,racing_point,18,18,18
847,2020,6,377,-1.3864657878875732,-1.3753390709559123,6,2,latifi,williams,19,19,19
821,2020,7,378,1.4168431758880615,1.4386738879340035,7,129,bottas,mercedes,1,1,1
829,2020,7,378,1.2133715152740479,1.2438300251960754,6,8,max_verstappen,red_bull,2,2,2
7,2020,7,378,1.136346697807312,1.167019744714101,6,49,raikkonen,alfa,3,3,3
0,2020,7,378,1.0885025262832642,1.1106950214930944,7,129,hamilton,mercedes,4,4,4
19,2020,7,378,1.0285534858703613,1.0458469192186992,6,5,vettel,ferrari,5,5,6
814,2020,7,378,1.0224393606185913,1.0446122765541077,5,208,perez,racing_point,6,5,6
842,2020,7,378,1.0028409957885742,1.0145072937011719,5,5,leclerc,ferrari,7,6,7
844,2020,7,378,0.9020029306411743,0.9235483407974243,7,0,norris,mclaren,8,8,8
816,2020,7,378,0.7421074509620667,0.7727515200773875,6,3,ricciardo,renault,9,9,9
846,2020,7,378,0.6189799904823303,0.6409614341599601,7,8,albon,red_bull,10,10,10
825,2020,7,378,0.5534892082214355,0.5746727387110392,6,209,kvyat,alphatauri,11,11,11
452,2020,7,378,0.4879390001296997,0.5078650613625845,6,209,gasly,alphatauri,12,12,12
153,2020,7,378,0.21841801702976227,0.24986098458369574,6,207,grosjean,haas,13,13,13
838,2020,7,378,0.15690208971500397,0.17766920725504556,6,3,ocon,renault,14,14,14
824,2020,7,378,-0.7567081451416016,-0.7217679470777512,4,207,kevin_magnussen,haas,15,15,15
839,2020,7,378,-1.0790224075317383,-1.0478803316752117,6,208,stroll,racing_point,16,16,16
847,2020,7,378,-1.4338306188583374,-1.3836950063705444,7,2,latifi,williams,17,17,17
821,2020,8,379,1.4730043411254883,1.4429651945829391,8,129,bottas,mercedes,1,1,1
831,2020,8,379,1.2784709930419922,1.2517036199569702,7,0,sainz,mclaren,2,2,2
7,2020,8,379,1.1923164129257202,1.1706335544586182,7,49,raikkonen,alfa,3,3,3
0,2020,8,379,1.1445837020874023,1.1149311065673828,8,129,hamilton,mercedes,4,4,4
814,2020,8,379,1.0785938501358032,1.050275872151057,6,208,perez,racing_point,5,5,5
844,2020,8,379,0.9582270383834839,0.9278831779956818,8,0,norris,mclaren,6,6,6
816,2020,8,379,0.7980852127075195,0.7763706190245492,7,3,ricciardo,renault,7,7,7
846,2020,8,379,0.6751077175140381,0.6452297195792198,8,8,albon,red_bull,8,8,8
825,2020,8,379,0.6096065044403076,0.5796632766723633,7,209,kvyat,alphatauri,9,9,9
452,2020,8,379,0.544087290763855,0.5130396655627659,7,209,gasly,alphatauri,10,10,10
153,2020,8,379,0.2741718292236328,0.25333396238940104,7,207,grosjean,haas,11,11,11
838,2020,8,379,0.2120097428560257,0.1825749980551856,7,3,ocon,renault,12,12,12
840,2020,8,379,-0.8853436708450317,-0.9123973165239606,7,49,giovinazzi,alfa,13,13,13
845,2020,8,379,-0.9519350528717041,-0.9684636990229288,6,2,russell,williams,14,14,14
839,2020,8,379,-1.0231841802597046,-1.044352310044425,7,208,stroll,racing_point,15,15,15
847,2020,8,379,-1.3782999515533447,-1.3830206245183945,8,2,latifi,williams,16,16,16
821,2020,9,380,1.3382465839385986,1.4313297934002347,9,129,bottas,mercedes,1,1,1
7,2020,9,380,1.0573933124542236,1.1564785242080688,8,49,raikkonen,alfa,2,2,2
0,2020,9,380,1.0097568035125732,1.1032450728946261,9,129,hamilton,mercedes,3,3,3
814,2020,9,380,0.9438303709030151,1.0350693719727653,7,208,perez,racing_point,4,4,6
19,2020,9,380,0.9481998682022095,1.0318973405020577,7,5,vettel,ferrari,5,4,5
842,2020,9,380,0.922910213470459,0.9992411136627197,6,5,leclerc,ferrari,6,5,6
844,2020,9,380,0.8235238194465637,0.9162876937124464,9,0,norris,mclaren,7,7,7
816,2020,9,380,0.6631691455841064,0.7622204348444939,8,3,ricciardo,renault,8,8,8
846,2020,9,380,0.5403213500976562,0.6335732340812683,9,8,albon,red_bull,9,9,9
825,2020,9,380,0.4748108983039856,0.5665567293763161,8,209,kvyat,alphatauri,10,10,10
153,2020,9,380,0.13906189799308777,0.23904995433986187,8,207,grosjean,haas,11,11,11
845,2020,9,380,-1.087153673171997,-0.9854194096156529,7,2,russell,williams,12,12,12
821,2020,10,381,1.4390437602996826,1.4321011900901794,10,129,bottas,mercedes,1,1,1
829,2020,10,381,1.2384518384933472,1.2430617128099715,7,8,max_verstappen,red_bull,2,2,2
7,2020,10,381,1.1580473184585571,1.1566528346803453,9,49,raikkonen,alfa,3,3,3
0,2020,10,381,1.1104942560195923,1.1039699912071228,10,129,hamilton,mercedes,4,4,4
814,2020,10,381,1.0446228981018066,1.0362635627388954,8,208,perez,racing_point,5,5,7
19,2020,10,381,1.0491547584533691,1.0340545177459717,8,5,vettel,ferrari,6,5,7
842,2020,10,381,1.0242310762405396,1.002811108316694,7,5,leclerc,ferrari,7,6,7
844,2020,10,381,0.9243682622909546,0.9170957505702972,10,0,norris,mclaren,8,8,8
816,2020,10,381,0.7638292908668518,0.7623991966247559,9,3,ricciardo,renault,9,9,9
846,2020,10,381,0.6410937309265137,0.6343252837657929,10,8,albon,red_bull,10,10,10
825,2020,10,381,0.5755754113197327,0.5675588051478068,9,209,kvyat,alphatauri,11,11,11
452,2020,10,381,0.5148043632507324,0.5132602527737617,8,209,gasly,alphatauri,12,12,12
153,2020,10,381,0.23955443501472473,0.23910600774817997,9,207,grosjean,haas,13,13,13
838,2020,10,381,0.1818266361951828,0.18248145282268524,8,3,ocon,renault,14,14,14
824,2020,10,381,-0.7318181991577148,-0.7237779974937439,5,207,kevin_magnussen,haas,15,15,15
840,2020,10,381,-0.9147868752479553,-0.91269601136446,8,49,giovinazzi,alfa,16,16,16
845,2020,10,381,-0.9867551922798157,-0.9855863824486732,8,2,russell,williams,17,17,17
847,2020,10,381,-1.4081172943115234,-1.3858091433842976,9,2,latifi,williams,18,18,18
831,2020,11,382,1.2161762714385986,1.2472627013921738,8,0,sainz,mclaren,1,1,2
829,2020,11,382,1.2058346271514893,1.2384083271026611,8,8,max_verstappen,red_bull,2,1,2
7,2020,11,382,1.125826358795166,1.1535701870918273,10,49,raikkonen,alfa,3,3,3
0,2020,11,382,1.0783454179763794,1.1016404845497825,11,129,hamilton,mercedes,4,4,5
807,2020,11,382,1.0774486064910889,1.0885415077209473,2,208,hulkenberg,racing_point,5,4,5
814,2020,11,382,1.012521505355835,1.033625556363,9,208,perez,racing_point,6,6,8
19,2020,11,382,1.017194151878357,1.0321811437606812,9,5,vettel,ferrari,7,6,7
842,2020,11,382,0.9925867319107056,1.0015330612659454,8,5,leclerc,ferrari,8,7,8
816,2020,11,382,0.7316135168075562,0.7593206286430358,10,3,ricciardo,renault,9,9,9
825,2020,11,382,0.5434499979019165,0.5651479244232178,10,209,kvyat,alphatauri,10,10,10
452,2020,11,382,0.48206472396850586,0.5097940829065111,9,209,gasly,alphatauri,11,11,11
153,2020,11,382,0.20719371736049652,0.23591477870941163,10,207,grosjean,haas,12,12,12
824,2020,11,382,-0.7645999789237976,-0.7305816610654196,6,207,kevin_magnussen,haas,13,13,13
840,2020,11,382,-0.9476650953292847,-0.9165814651383294,9,49,giovinazzi,alfa,14,14,14
847,2020,11,382,-1.441319227218628,-1.3913601517677308,10,2,latifi,williams,15,15,15
821,2020,12,383,1.425650954246521,1.4315148050134832,11,129,bottas,mercedes,1,1,1
831,2020,12,383,1.2332603931427002,1.2457068893644545,9,0,sainz,mclaren,2,2,3
829,2020,12,383,1.2232117652893066,1.2367198202345107,9,8,max_verstappen,red_bull,3,2,3
7,2020,12,383,1.1435461044311523,1.1526589068499478,11,49,raikkonen,alfa,4,4,4
0,2020,12,383,1.0961273908615112,1.1011810600757599,12,129,hamilton,mercedes,5,5,5
814,2020,12,383,1.0303444862365723,1.033297449350357,10,208,perez,racing_point,6,6,7
19,2020,12,383,1.0351389646530151,1.0324769258499145,10,5,vettel,ferrari,7,6,8
842,2020,12,383,1.010805368423462,1.0025633176167805,9,5,leclerc,ferrari,8,7,8
844,2020,12,383,0.9110161662101746,0.9165430610830133,11,0,norris,mclaren,9,9,9
816,2020,12,383,0.7493376731872559,0.758413087237965,11,3,ricciardo,renault,10,10,10
846,2020,12,383,0.6276791095733643,0.6337210861119357,11,8,albon,red_bull,11,11,11
825,2020,12,383,0.5612521767616272,0.5647937655448914,11,209,kvyat,alphatauri,12,12,12
452,2020,12,383,0.49933570623397827,0.5087482452392578,10,209,gasly,alphatauri,13,13,13
153,2020,12,383,0.22479248046875,0.2349036606875333,11,207,grosjean,haas,14,14,14
838,2020,12,383,0.16701260209083557,0.1807626916302575,9,3,ocon,renault,15,15,15
824,2020,12,383,-0.7473654747009277,-0.7329793487276349,7,207,kevin_magnussen,haas,16,16,16
840,2020,12,383,-0.9305139780044556,-0.917974716424942,10,49,giovinazzi,alfa,17,17,17
845,2020,12,383,-1.000493049621582,-0.9872426788012186,9,2,russell,williams,18,18,18
847,2020,12,383,-1.424448013305664,-1.39436813918027,11,2,latifi,williams,19,19,19
821,2020,13,384,1.4111621379852295,1.4298187494277954,12,129,bottas,mercedes,1,1,1
831,2020,13,384,1.2182477712631226,1.2429609775543213,10,0,sainz,mclaren,2,2,2
7,2020,13,384,1.1290829181671143,1.1506942411263783,12,49,raikkonen,alfa,3,3,3
0,2020,13,384,1.0817182064056396,1.0996839174857507,13,129,hamilton,mercedes,4,4,4
814,2020,13,384,1.0159708261489868,1.0317223017865962,11,208,perez,racing_point,5,5,7
19,2020,13,384,1.0208706855773926,1.0314218130978672,11,5,vettel,ferrari,6,5,6
842,2020,13,384,0.9967737197875977,1.0019843578338623,10,5,leclerc,ferrari,7,6,7
844,2020,13,384,0.8965626358985901,0.9148780256509781,12,0,norris,mclaren,8,8,8
816,2020,13,384,0.7348785400390625,0.7564518749713898,12,3,ricciardo,renault,9,9,9
846,2020,13,384,0.6131716966629028,0.6320086369911829,12,8,albon,red_bull,10,10,10
825,2020,13,384,0.5468605160713196,0.5632993280887604,12,209,kvyat,alphatauri,11,11,11
153,2020,13,384,0.21022485196590424,0.2328470932940642,12,207,grosjean,haas,12,12,12
840,2020,13,384,-0.9454687237739563,-0.9204741716384888,11,49,giovinazzi,alfa,13,13,13
839,2020,13,384,-1.0812727212905884,-1.0489673614501953,8,208,stroll,racing_point,14,14,14
847,2020,13,384,-1.4396450519561768,-1.398141215244929,12,2,latifi,williams,15,15,15
821,2020,14,385,1.386065125465393,1.4264530860460722,13,129,bottas,mercedes,1,1,1
831,2020,14,385,1.1926978826522827,1.2383916052904995,11,0,sainz,mclaren,2,2,3
829,2020,14,385,1.1840367317199707,1.2314515113830566,10,8,max_verstappen,red_bull,3,2,3
7,2020,14,385,1.1040083169937134,1.1471030161930964,13,49,raikkonen,alfa,4,4,4
0,2020,14,385,1.0566902160644531,1.0966129388128008,14,129,hamilton,mercedes,5,5,5
19,2020,14,385,0.995964527130127,1.0284670392672222,12,5,vettel,ferrari,6,6,7
814,2020,14,385,0.990973711013794,1.0283265858888626,12,208,perez,racing_point,7,6,7
842,2020,14,385,0.972072422504425,0.9992650909857317,11,5,leclerc,ferrari,8,7,8
844,2020,14,385,0.8714962005615234,0.9115409621825585,13,0,norris,mclaren,9,9,9
816,2020,14,385,0.709807276725769,0.7528638289524958,13,3,ricciardo,renault,10,10,10
846,2020,14,385,0.588058590888977,0.6286278642140902,13,8,albon,red_bull,11,11,11
825,2020,14,385,0.5218477249145508,0.5601107432292058,13,209,kvyat,alphatauri,12,12,12
452,2020,14,385,0.46006903052330017,0.5043228620832617,11,209,gasly,alphatauri,13,13,13
838,2020,14,385,0.12687894701957703,0.17537431716918944,10,3,ocon,renault,14,14,14
824,2020,14,385,-0.7866637706756592,-0.739689901471138,8,207,kevin_magnussen,haas,15,15,15
845,2020,14,385,-1.0396959781646729,-0.992488008737564,10,2,russell,williams,16,16,16
839,2020,14,385,-1.1071555614471436,-1.0554327170054119,9,208,stroll,racing_point,17,17,17
821,2020,15,386,1.4195849895477295,1.425962507724762,14,129,bottas,mercedes,1,1,1
831,2020,15,386,1.2258260250091553,1.2373444736003876,12,0,sainz,mclaren,2,2,3
829,2020,15,386,1.2172304391860962,1.2301586866378784,11,8,max_verstappen,red_bull,3,2,3
7,2020,15,386,1.1375476121902466,1.14642048733575,14,49,raikkonen,alfa,4,4,4
0,2020,15,386,1.0902698040008545,1.096190063158671,15,129,hamilton,mercedes,5,5,5
19,2020,15,386,1.0296494960784912,1.0285579974834735,13,5,vettel,ferrari,6,6,7
814,2020,15,386,1.0245798826217651,1.0280383779452398,13,208,perez,racing_point,7,6,7
842,2020,15,386,1.005934476852417,0.9998208731412888,12,5,leclerc,ferrari,8,8,8
844,2020,15,386,0.9050424695014954,0.9110767841339111,14,0,norris,mclaren,9,9,9
816,2020,15,386,0.7433494329452515,0.7521842292376927,14,3,ricciardo,renault,10,10,10
846,2020,15,386,0.6215646266937256,0.6281233472483498,14,8,albon,red_bull,11,11,11
825,2020,15,386,0.5554404854774475,0.5597771533897945,14,209,kvyat,alphatauri,12,12,12
452,2020,15,386,0.49318361282348633,0.5033945913116137,12,209,gasly,alphatauri,13,13,13
838,2020,15,386,0.15924350917339325,0.17390788007866254,11,3,ocon,renault,14,14,14
824,2020,15,386,-0.7535765171051025,-0.7412328587638007,9,207,kevin_magnussen,haas,15,15,15
840,2020,15,386,-0.9357607364654541,-0.9217480520407358,12,49,giovinazzi,alfa,16,16,16
845,2020,15,386,-1.006525993347168,-0.993764189156619,11,2,russell,williams,17,17,17
847,2020,15,386,-1.4301464557647705,-1.4006031568233783,13,2,latifi,williams,18,18,18
821,2020,16,387,1.5075502395629883,1.4314016898473103,15,129,bottas,mercedes,1,1,1
831,2020,16,387,1.3134522438049316,1.2431989174622755,13,0,sainz,mclaren,2,2,2
7,2020,16,387,1.225529670715332,1.1516944328943888,15,49,raikkonen,alfa,3,3,3
19,2020,16,387,1.1177575588226318,1.0349293947219849,14,5,vettel,ferrari,4,4,5
814,2020,16,387,1.1126198768615723,1.0340799135821206,14,208,perez,racing_point,5,4,5
844,2020,16,387,0.9930306077003479,0.9165403723716736,15,0,norris,mclaren,6,6,6
816,2020,16,387,0.8313339352607727,0.757460876305898,15,3,ricciardo,renault,7,7,7
846,2020,16,387,0.7095178365707397,0.6335496465365092,15,8,albon,red_bull,8,8,8
825,2020,16,387,0.6434686779975891,0.5653565883636474,15,209,kvyat,alphatauri,9,9,9
452,2020,16,387,0.5807982683181763,0.5093487203121185,13,209,gasly,alphatauri,10,10,10
838,2020,16,387,0.24620948731899261,0.1799330140153567,12,3,ocon,renault,11,11,11
849,2020,16,387,-0.6818420886993408,-0.6818420886993408,1,2,aitken,williams,12,12,12
824,2020,16,387,-0.6659854650497437,-0.733708119392395,10,207,kevin_magnussen,haas,13,13,13
840,2020,16,387,-0.8483719229698181,-0.916103734419896,13,49,giovinazzi,alfa,14,14,14
845,2020,16,387,-0.9188635349273682,-0.9875224679708481,12,129,russell,mercedes,15,15,15
839,2020,16,387,-0.9864745736122131,-1.048536902666092,10,208,stroll,racing_point,16,16,16
848,2020,16,387,-1.136247992515564,-1.136247992515564,1,207,pietro_fittipaldi,haas,17,17,17
821,2020,17,388,1.4919443130493164,1.4351856037974358,16,129,bottas,mercedes,1,1,1
831,2020,17,388,1.2975529432296753,1.2470813478742326,14,0,sainz,mclaren,2,2,3
829,2020,17,388,1.2852473258972168,1.2347494065761566,12,8,max_verstappen,red_bull,3,2,3
7,2020,17,388,1.2099378108978271,1.1553346440196037,16,49,raikkonen,alfa,4,4,4
0,2020,17,388,1.1586203575134277,1.1000919565558434,16,129,hamilton,mercedes,5,5,5
19,2020,17,388,1.1022748947143555,1.0394190947214763,15,5,vettel,ferrari,6,6,6
842,2020,17,388,1.0745294094085693,1.0055676836233873,13,5,leclerc,ferrari,7,7,7
844,2020,17,388,0.9774443507194519,0.9203468710184097,16,0,norris,mclaren,8,8,8
816,2020,17,388,0.8157445192337036,0.7611036039888859,16,3,ricciardo,renault,9,9,9
846,2020,17,388,0.6939012408256531,0.6373216211795807,16,8,albon,red_bull,10,10,10
825,2020,17,388,0.6279170513153076,0.5692666172981262,16,209,kvyat,alphatauri,11,11,11
452,2020,17,388,0.5648889541625977,0.5133158798728671,14,209,gasly,alphatauri,12,12,12
838,2020,17,388,0.22973895072937012,0.18376423991643465,13,3,ocon,renault,13,13,13
824,2020,17,388,-0.6819153428077698,-0.7289996851574291,11,207,kevin_magnussen,haas,14,14,14
840,2020,17,388,-0.8644768595695496,-0.9124161005020142,14,49,giovinazzi,alfa,15,15,15
845,2020,17,388,-0.9347314834594727,-0.9834616230084345,13,2,russell,williams,16,16,16
839,2020,17,388,-1.0026519298553467,-1.0443655415014788,11,208,stroll,racing_point,17,17,17
848,2020,17,388,-1.2992066144943237,-1.2177273035049438,2,207,pietro_fittipaldi,haas,18,18,18
847,2020,17,388,-1.362605333328247,-1.397889026573726,14,2,latifi,williams,19,19,19
821,2021,1,389,1.4849426746368408,1.4849426746368408,1,129,bottas,mercedes,1,1,1
831,2021,1,389,1.2902977466583252,1.2902977466583252,1,5,sainz,ferrari,2,2,2
829,2021,1,389,1.2785500288009644,1.2785500288009644,1,8,max_verstappen,red_bull,3,3,3
7,2021,1,389,1.202948808670044,1.202948808670044,1,49,raikkonen,alfa,4,4,4
0,2021,1,389,1.1522116661071777,1.1522116661071777,1,129,hamilton,mercedes,5,5,5
19,2021,1,389,1.095380187034607,1.095380187034607,1,115,vettel,aston_martin,6,6,6
814,2021,1,389,1.087449550628662,1.087449550628662,1,8,perez,red_bull,7,7,7
842,2021,1,389,1.0683319568634033,1.0683319568634033,1,5,leclerc,ferrari,8,8,8
844,2021,1,389,0.9704598784446716,0.9704598784446716,1,0,norris,mclaren,9,9,9
816,2021,1,389,0.8087573647499084,0.8087573647499084,1,0,ricciardo,mclaren,10,10,10
452,2021,1,389,0.5576250553131104,0.5576250553131104,1,209,gasly,alphatauri,11,11,11
838,2021,1,389,0.2219896912574768,0.2219896912574768,1,210,ocon,alpine,12,12,12
850,2021,1,389,-0.727445662021637,-0.727445662021637,1,209,tsunoda,alphatauri,13,13,13
840,2021,1,389,-0.8719096779823303,-0.8719096779823303,1,49,giovinazzi,alfa,14,14,14
852,2021,1,389,-0.9029885530471802,-0.9029885530471802,1,207,mick_schumacher,haas,15,15,15
845,2021,1,389,-0.9419596195220947,-0.9419596195220947,1,2,russell,williams,16,16,16
839,2021,1,389,-1.0101478099822998,-1.0101478099822998,1,115,stroll,aston_martin,17,17,17
847,2021,1,389,-1.3697140216827393,-1.3697140216827393,1,2,latifi,williams,18,18,18
831,2021,2,390,1.2773281335830688,1.283812940120697,2,5,sainz,ferrari,1,1,2
829,2021,2,390,1.2660629749298096,1.272306501865387,2,8,max_verstappen,red_bull,2,1,2
7,2021,2,390,1.1902093887329102,1.196579098701477,2,49,raikkonen,alfa,3,3,3
0,2021,2,390,1.1399741172790527,1.1460928916931152,2,129,hamilton,mercedes,4,4,4
19,2021,2,390,1.0827223062515259,1.0890512466430664,2,115,vettel,aston_martin,5,5,6
814,2021,2,390,1.0751097202301025,1.0812796354293823,2,8,perez,red_bull,6,5,6
842,2021,2,390,1.0562773942947388,1.062304675579071,2,5,leclerc,ferrari,7,7,7
844,2021,2,390,0.9577244520187378,0.9640921652317047,2,0,norris,mclaren,8,8,8
3,2021,2,390,0.8254418969154358,0.8254418969154358,1,210,alonso,alpine,9,9,9
816,2021,2,390,0.7960195541381836,0.802388459444046,2,0,ricciardo,mclaren,10,10,10
452,2021,2,390,0.5446478724479675,0.5511364638805389,2,209,gasly,alphatauri,11,11,11
838,2021,2,390,0.20859269797801971,0.21529119461774826,2,210,ocon,alpine,12,12,12
850,2021,2,390,-0.8503061532974243,-0.7888759076595306,2,209,tsunoda,alphatauri,13,13,13
840,2021,2,390,-0.885033130645752,-0.8784714043140411,2,49,giovinazzi,alfa,14,14,14
852,2021,2,390,-1.0434033870697021,-0.9731959700584412,2,207,mick_schumacher,haas,15,15,16
839,2021,2,390,-1.0233255624771118,-1.0167366862297058,2,115,stroll,aston_martin,16,15,16
851,2021,2,390,-1.0824885368347168,-1.0824885368347168,1,207,mazepin,haas,17,17,17
821,2021,3,391,1.5242092609405518,1.5045759677886963,2,129,bottas,mercedes,1,1,1
831,2021,3,391,1.3300895690917969,1.2992384831110637,3,5,sainz,ferrari,2,2,3
829,2021,3,391,1.3192417621612549,1.2879515886306763,3,8,max_verstappen,red_bull,3,2,3
0,2021,3,391,1.193368911743164,1.1618515650431316,3,129,hamilton,mercedes,4,4,4
19,2021,3,391,1.1357536315917969,1.1046187082926433,3,115,vettel,aston_martin,5,5,7
814,2021,3,391,1.1284161806106567,1.0969918171564739,3,8,perez,red_bull,6,5,7
842,2021,3,391,1.1098302602767944,1.0781465371449788,3,5,leclerc,ferrari,7,6,7
844,2021,3,391,1.0106885433197021,0.9796242912610372,3,0,norris,mclaren,8,8,8
3,2021,3,391,0.877077043056488,0.8512594699859619,2,210,alonso,alpine,9,9,10
816,2021,3,391,0.8489816784858704,0.8179195324579874,3,0,ricciardo,mclaren,10,9,10
452,2021,3,391,0.5974028706550598,0.5665585994720459,3,209,gasly,alphatauri,11,11,11
838,2021,3,391,0.26098448038101196,0.2305222898721695,3,210,ocon,alpine,12,12,12
850,2021,3,391,-0.8005699515342712,-0.7927739222844442,3,209,tsunoda,alphatauri,13,13,13
840,2021,3,391,-0.8324045538902283,-0.8631157875061035,3,49,giovinazzi,alfa,14,14,14
845,2021,3,391,-0.9028888940811157,-0.9224242568016052,2,2,russell,williams,15,15,16
852,2021,3,391,-0.9939303994178772,-0.9801074465115865,3,207,mick_schumacher,haas,16,15,17
839,2021,3,391,-0.9707440733909607,-1.0014058152834575,3,115,stroll,aston_martin,17,16,17
851,2021,3,391,-1.177164912223816,-1.1298267245292664,2,207,mazepin,haas,18,18,18
847,2021,3,391,-1.3305401802062988,-1.350127100944519,2,2,latifi,williams,19,19,19
821,2021,4,392,1.4907567501068115,1.4999695618947346,3,129,bottas,mercedes,1,1,1
831,2021,4,392,1.2963467836380005,1.2985155582427979,4,5,sainz,ferrari,2,2,3
829,2021,4,392,1.2858600616455078,1.2874287068843842,4,8,max_verstappen,red_bull,3,2,3
7,2021,4,392,1.2064423561096191,1.1998668511708577,3,49,raikkonen,alfa,4,4,4
0,2021,4,392,1.1601738929748535,1.161432147026062,4,129,hamilton,mercedes,5,5,5
19,2021,4,392,1.1022440195083618,1.1040250360965729,4,115,vettel,aston_martin,6,6,7
814,2021,4,392,1.095144510269165,1.0965299904346466,4,8,perez,red_bull,7,6,8
842,2021,4,392,1.0767720937728882,1.0778029263019562,4,5,leclerc,ferrari,8,7,8
844,2021,4,392,0.9771209359169006,0.978998452425003,4,0,norris,mclaren,9,9,9
3,2021,4,392,0.8423597812652588,0.8482929070790609,3,210,alonso,alpine,10,10,10
816,2021,4,392,0.8154122233390808,0.8172927051782608,4,0,ricciardo,mclaren,11,10,11
452,2021,4,392,0.563654363155365,0.5658325403928757,4,209,gasly,alphatauri,12,12,12
838,2021,4,392,0.2269219011068344,0.22962219268083572,4,210,ocon,alpine,13,13,13
840,2021,4,392,-0.8662624359130859,-0.8639024496078491,4,49,giovinazzi,alfa,14,14,14
845,2021,4,392,-0.9365109205245972,-0.9271198113759359,3,2,russell,williams,15,15,15
852,2021,4,392,-1.0305176973342896,-0.9927100092172623,4,207,mick_schumacher,haas,16,16,17
839,2021,4,392,-1.0046424865722656,-1.0022149831056595,4,115,stroll,aston_martin,17,16,17
851,2021,4,392,-1.213752269744873,-1.157801906267802,3,207,mazepin,haas,18,18,18
847,2021,4,392,-1.3640729188919067,-1.3547757069269817,3,2,latifi,williams,19,19,19
831,2021,5,393,1.3535449504852295,1.3095214366912842,5,5,sainz,ferrari,1,1,2
829,2021,5,393,1.3433704376220703,1.2986170530319214,5,8,max_verstappen,red_bull,2,1,2
7,2021,5,393,1.2642155885696411,1.2159540355205536,4,49,raikkonen,alfa,3,3,3
0,2021,5,393,1.2178457975387573,1.1727148771286011,5,129,hamilton,mercedes,4,4,4
19,2021,5,393,1.1596437692642212,1.1151487827301025,5,115,vettel,aston_martin,5,5,6
814,2021,5,393,1.1527502536773682,1.1077740430831908,5,8,perez,red_bull,6,5,6
844,2021,5,393,1.0344704389572144,0.9900928497314453,5,0,norris,mclaren,7,7,7
3,2021,5,393,0.8987148404121399,0.8608983904123306,4,210,alonso,alpine,8,8,9
816,2021,5,393,0.8727603554725647,0.8283862352371216,5,0,ricciardo,mclaren,9,8,9
452,2021,5,393,0.6208475828170776,0.576835548877716,5,209,gasly,alphatauri,10,10,10
838,2021,5,393,0.2838432788848877,0.2404664099216461,5,210,ocon,alpine,11,11,11
850,2021,5,393,-0.7806605696678162,-0.7897455841302872,4,209,tsunoda,alphatauri,12,12,12
840,2021,5,393,-0.8091638684272766,-0.8529547333717347,5,49,giovinazzi,alfa,13,13,13
845,2021,5,393,-0.879208505153656,-0.9151419848203659,4,2,russell,williams,14,14,14
852,2021,5,393,-0.9757803678512573,-0.9893240809440613,5,207,mick_schumacher,haas,15,15,16
839,2021,5,393,-0.9475792646408081,-0.9912878394126892,5,115,stroll,aston_martin,16,15,16
851,2021,5,393,-1.1590147018432617,-1.1581051051616669,4,207,mazepin,haas,17,17,17
847,2021,5,393,-1.3066933155059814,-1.3427551090717316,4,2,latifi,williams,18,18,18
821,2021,6,394,1.4772404432296753,1.4942872822284698,4,129,bottas,mercedes,1,1,1
831,2021,6,394,1.2859152555465698,1.305587073167165,6,5,sainz,ferrari,2,2,2
7,2021,6,394,1.1970834732055664,1.212179923057556,5,49,raikkonen,alfa,3,3,3
0,2021,6,394,1.1506260633468628,1.169033408164978,6,129,hamilton,mercedes,4,4,4
19,2021,6,394,1.092188835144043,1.1113221247990925,6,115,vettel,aston_martin,5,5,6
814,2021,6,394,1.0854734182357788,1.1040572722752888,6,8,perez,red_bull,6,5,6
842,2021,6,394,1.0635969638824463,1.0749617338180542,5,5,leclerc,ferrari,7,6,7
844,2021,6,394,0.9669719934463501,0.9862393736839294,6,0,norris,mclaren,8,8,8
3,2021,6,394,0.830356240272522,0.8547899603843689,5,210,alonso,alpine,9,9,10
816,2021,6,394,0.8052606582641602,0.8245319724082947,6,0,ricciardo,mclaren,10,9,10
452,2021,6,394,0.5532137155532837,0.5728985766569773,6,209,gasly,alphatauri,11,11,11
850,2021,6,394,-0.8504282832145691,-0.8018821239471435,5,209,tsunoda,alphatauri,12,12,12
840,2021,6,394,-0.8768795728683472,-0.85694220662117,6,49,giovinazzi,alfa,13,13,13
852,2021,6,394,-1.0455381870269775,-0.9986930986245474,6,207,mick_schumacher,haas,14,14,14
851,2021,6,394,-1.2287726402282715,-1.1722386121749877,5,207,mazepin,haas,15,15,15
847,2021,6,394,-1.3741657733917236,-1.34903724193573,5,2,latifi,williams,16,16,16
821,2021,7,395,1.511117696762085,1.4976533651351929,5,129,bottas,mercedes,1,1,1
831,2021,7,395,1.3191248178482056,1.307521036693028,7,5,sainz,ferrari,2,2,3
829,2021,7,395,1.3095283508300781,1.3004356026649475,6,8,max_verstappen,red_bull,3,2,3
7,2021,7,395,1.2307236194610596,1.2152705391248066,6,49,raikkonen,alfa,4,4,4
0,2021,7,395,1.184190273284912,1.1711986746106828,7,129,hamilton,mercedes,5,5,5
19,2021,7,395,1.1255494356155396,1.1133545977728707,7,115,vettel,aston_martin,6,6,7
814,2021,7,395,1.118988037109375,1.1061902386801583,7,8,perez,red_bull,7,6,7
842,2021,7,395,1.0977691411972046,1.0787629683812459,6,5,leclerc,ferrari,8,8,8
844,2021,7,395,1.0002950429916382,0.9882473264421735,7,0,norris,mclaren,9,9,9
3,2021,7,395,0.8629352450370789,0.8561475078264872,6,210,alonso,alpine,10,10,10
816,2021,7,395,0.8385825157165527,0.8265391928809029,7,0,ricciardo,mclaren,11,11,11
452,2021,7,395,0.5864198207855225,0.5748301829610553,7,209,gasly,alphatauri,12,12,12
838,2021,7,395,0.2494920939207077,0.24197069058815637,6,210,ocon,alpine,13,13,13
850,2021,7,395,-0.8190680742263794,-0.8047464489936829,6,209,tsunoda,alphatauri,14,14,14
840,2021,7,395,-0.8437443375587463,-0.8550567967551095,7,49,giovinazzi,alfa,15,15,15
845,2021,7,395,-0.9132300019264221,-0.9147595882415771,5,2,russell,williams,16,16,16
839,2021,7,395,-0.9818076491355896,-0.9897078076998392,6,115,stroll,aston_martin,17,17,18
852,2021,7,395,-1.014169692993164,-1.000904040677207,7,207,mick_schumacher,haas,18,17,18
851,2021,7,395,-1.1974037885665894,-1.1764328082402546,6,207,mazepin,haas,19,19,19
847,2021,7,395,-1.3408203125,-1.3476677536964417,6,2,latifi,williams,20,20,20
821,2021,8,396,1.4948108196258545,1.4971796075503032,6,129,bottas,mercedes,1,1,1
831,2021,8,396,1.3022406101226807,1.3068609833717346,8,5,sainz,ferrari,2,2,3
829,2021,8,396,1.292836308479309,1.2993499892098563,7,8,max_verstappen,red_bull,3,2,3
7,2021,8,396,1.2142114639282227,1.2151192426681519,7,49,raikkonen,alfa,4,4,4
0,2021,8,396,1.1676127910614014,1.1707504391670227,8,129,hamilton,mercedes,5,5,5
19,2021,8,396,1.1087956428527832,1.1127847284078598,8,115,vettel,aston_martin,6,6,7
814,2021,8,396,1.102367639541626,1.1057124137878418,8,8,perez,red_bull,7,6,7
842,2021,8,396,1.0817174911499023,1.0791850430624825,7,5,leclerc,ferrari,8,8,8
844,2021,8,396,0.983508825302124,0.9876550137996674,8,0,norris,mclaren,9,9,9
3,2021,8,396,0.8455055356025696,0.8546272260802132,7,210,alonso,alpine,10,10,10
816,2021,8,396,0.8217953443527222,0.8259462118148804,8,0,ricciardo,mclaren,11,11,11
838,2021,8,396,0.23235924541950226,0.24059762699263437,7,210,ocon,alpine,12,12,12
850,2021,8,396,-0.8375521898269653,-0.8094329833984375,7,209,tsunoda,alphatauri,13,13,13
840,2021,8,396,-0.8606930375099182,-0.8557613268494606,8,49,giovinazzi,alfa,14,14,14
839,2021,8,396,-0.9988343119621277,-0.9910115940230233,7,115,stroll,aston_martin,15,15,16
852,2021,8,396,-1.0326464176177979,-1.0048718377947807,8,207,mick_schumacher,haas,16,15,16
851,2021,8,396,-1.2158806324005127,-1.18206821169172,7,207,mazepin,haas,17,17,17
847,2021,8,396,-1.3575868606567383,-1.349084768976484,7,2,latifi,williams,18,18,18
821,2021,9,397,1.5121160745620728,1.4993133885519845,7,129,bottas,mercedes,1,1,1
831,2021,9,397,1.3190463781356812,1.3082149161232843,9,5,sainz,ferrari,2,2,3
829,2021,9,397,1.3098081350326538,1.300657257437706,8,8,max_verstappen,red_bull,3,2,3
7,2021,9,397,1.2313393354415894,1.2171467542648315,8,49,raikkonen,alfa,4,4,4
0,2021,9,397,1.1846837997436523,1.1722985903422039,9,129,hamilton,mercedes,5,5,5
19,2021,9,397,1.1257145404815674,1.1142213741938274,9,115,vettel,aston_martin,6,6,7
814,2021,9,397,1.1194015741348267,1.1072334316041734,9,8,perez,red_bull,7,6,7
842,2021,9,397,1.0992435216903687,1.0816923528909683,8,5,leclerc,ferrari,8,8,8
844,2021,9,397,1.0003994703292847,0.9890710645251803,9,0,norris,mclaren,9,9,9
3,2021,9,397,0.8618394136428833,0.855528749525547,8,210,alonso,alpine,10,10,10
816,2021,9,397,0.838685154914856,0.8273616499370999,9,0,ricciardo,mclaren,11,11,11
452,2021,9,397,0.586079478263855,0.5762363448739052,8,209,gasly,alphatauri,12,12,12
850,2021,9,397,-0.8221303224563599,-0.8110201507806778,8,209,tsunoda,alphatauri,13,13,13
840,2021,9,397,-0.8439428806304932,-0.8544481661584642,9,49,giovinazzi,alfa,14,14,14
845,2021,9,397,-0.9135305881500244,-0.914554754892985,6,2,russell,williams,15,15,15
839,2021,9,397,-0.9821517467498779,-0.9899041131138802,8,115,stroll,aston_martin,16,16,17
852,2021,9,397,-1.0172182321548462,-1.0062436593903437,9,207,mick_schumacher,haas,17,16,17
851,2021,9,397,-1.2004523277282715,-1.184366226196289,8,207,mazepin,haas,18,18,18
847,2021,9,397,-1.340679407119751,-1.3480340987443924,8,2,latifi,williams,19,19,19
821,2021,10,398,1.547827124595642,1.5053776055574417,8,129,bottas,mercedes,1,1,1
831,2021,10,398,1.3543254137039185,1.3128259658813477,10,5,sainz,ferrari,2,2,2
7,2021,10,398,1.2668968439102173,1.2226745420032077,9,49,raikkonen,alfa,3,3,3
0,2021,10,398,1.2201921939849854,1.177087950706482,10,129,hamilton,mercedes,4,4,4
814,2021,10,398,1.1548779010772705,1.1119978785514832,10,8,perez,red_bull,5,5,6
842,2021,10,398,1.1351454257965088,1.0876315832138062,9,5,leclerc,ferrari,6,5,6
844,2021,10,398,1.0357518196105957,0.9937391400337219,10,0,norris,mclaren,7,7,7
3,2021,10,398,0.8967103362083435,0.860104481379191,9,210,alonso,alpine,8,8,8
816,2021,10,398,0.8740367293357849,0.8320291578769684,10,0,ricciardo,mclaren,9,9,9
452,2021,10,398,0.621390700340271,0.5812534954812791,9,209,gasly,alphatauri,10,10,10
838,2021,10,398,0.283260703086853,0.2459305115044117,8,210,ocon,alpine,11,11,11
850,2021,10,398,-0.7880481481552124,-0.808467706044515,9,209,tsunoda,alphatauri,12,12,12
840,2021,10,398,-0.8087121844291687,-0.8498745679855346,10,49,giovinazzi,alfa,13,13,13
845,2021,10,398,-0.878184974193573,-0.9093590719359261,7,2,russell,williams,14,14,14
839,2021,10,398,-0.946979284286499,-0.9851346876886156,9,115,stroll,aston_martin,15,15,16
852,2021,10,398,-0.9831308126449585,-1.003932374715805,10,207,mick_schumacher,haas,16,15,16
851,2021,10,398,-1.1663647890090942,-1.182366066508823,9,207,mazepin,haas,17,17,17
847,2021,10,398,-1.3053123950958252,-1.3432872427834406,9,2,latifi,williams,18,18,18
831,2021,11,399,1.3601555824279785,1.3171286582946777,11,5,sainz,ferrari,1,1,2
829,2021,11,399,1.3486796617507935,1.3059930801391602,9,8,max_verstappen,red_bull,2,1,2
7,2021,11,399,1.2729681730270386,1.227703905105591,10,49,raikkonen,alfa,3,3,3
0,2021,11,399,1.2262210845947266,1.1815545992417769,11,129,hamilton,mercedes,4,4,4
3,2021,11,399,0.9021874666213989,0.8643127799034118,10,210,alonso,alpine,5,5,5
816,2021,11,399,0.8799299597740173,0.8363837762312456,11,0,ricciardo,mclaren,6,6,6
452,2021,11,399,0.6272488236427307,0.5858530282974244,10,209,gasly,alphatauri,7,7,7
838,2021,11,399,0.28903573751449585,0.2507199810610877,9,210,ocon,alpine,8,8,8
850,2021,11,399,-0.7832533121109009,-0.8059462666511535,10,209,tsunoda,alphatauri,9,9,9
840,2021,11,399,-0.8029235601425171,-0.8456062945452604,11,49,giovinazzi,alfa,10,10,10
845,2021,11,399,-0.8722972273826599,-0.9047263413667679,8,2,russell,williams,11,11,11
852,2021,11,399,-0.9783312082290649,-1.0016049959442832,11,207,mick_schumacher,haas,12,12,12
847,2021,11,399,-1.2994060516357422,-1.3388991236686707,10,2,latifi,williams,13,13,13
821,2021,12,400,1.5160242319107056,1.5065605640411377,9,129,bottas,mercedes,1,1,1
831,2021,12,400,1.3243640661239624,1.317731608947118,12,5,sainz,ferrari,2,2,3
829,2021,12,400,1.3133337497711182,1.306727147102356,10,8,max_verstappen,red_bull,3,2,3
7,2021,12,400,1.2373849153518677,1.2285839969461614,11,49,raikkonen,alfa,4,4,4
0,2021,12,400,1.190601110458374,1.1823084751764934,12,129,hamilton,mercedes,5,5,5
19,2021,12,400,1.1265331506729126,1.1154525518417358,10,115,vettel,aston_martin,6,6,7
814,2021,12,400,1.1228723526000977,1.1129864671013572,11,8,perez,red_bull,7,6,7
842,2021,12,400,1.1035077571868896,1.0892192006111145,10,5,leclerc,ferrari,8,7,8
844,2021,12,400,1.0036388635635376,0.9946391149000688,11,0,norris,mclaren,9,9,9
3,2021,12,400,0.8660904765129089,0.8644743886860934,11,210,alonso,alpine,10,10,10
816,2021,12,400,0.8441927433013916,0.8370345234870911,12,0,ricciardo,mclaren,11,11,11
452,2021,12,400,0.5914812684059143,0.5863646864891052,11,209,gasly,alphatauri,12,12,12
838,2021,12,400,0.2531964182853699,0.2509676247835159,10,210,ocon,alpine,13,13,13
850,2021,12,400,-0.8199405670166016,-0.8072184757752852,11,209,tsunoda,alphatauri,14,14,14
840,2021,12,400,-0.8387511372566223,-0.8450350314378738,12,49,giovinazzi,alfa,15,15,15
845,2021,12,400,-0.908038854598999,-0.9050943983925713,9,2,russell,williams,16,16,16
839,2021,12,400,-0.9792478680610657,-0.9845460057258606,10,115,stroll,aston_martin,17,17,18
852,2021,12,400,-1.0150141716003418,-1.0027224272489548,12,207,mick_schumacher,haas,18,17,18
851,2021,12,400,-1.1995720863342285,-1.1840866684913636,10,207,mazepin,haas,19,19,19
847,2021,12,400,-1.3351317644119263,-1.338556636463512,11,2,latifi,williams,20,20,20
821,2021,13,401,1.5077950954437256,1.5066840171813964,10,129,bottas,mercedes,1,1,1
831,2021,13,401,1.3155125379562378,1.3175609111785889,13,5,sainz,ferrari,2,2,3
829,2021,13,401,1.3048678636550903,1.3065581213344226,11,8,max_verstappen,red_bull,3,2,3
0,2021,13,401,1.1818981170654297,1.18227690916795,13,129,hamilton,mercedes,4,4,4
19,2021,13,401,1.1183867454528809,1.1157192967154763,11,115,vettel,aston_martin,5,5,6
814,2021,13,401,1.1144675016403198,1.1131098866462708,12,8,perez,red_bull,6,5,6
842,2021,13,401,1.095421552658081,1.0897830507972024,11,5,leclerc,ferrari,7,7,7
844,2021,13,401,0.9951412677764893,0.9946809609731039,12,0,norris,mclaren,8,8,8
3,2021,13,401,0.856974720954895,0.8638494163751602,12,210,alonso,alpine,9,9,9
816,2021,13,401,0.83538818359375,0.8369078819568341,13,0,ricciardo,mclaren,10,10,10
452,2021,13,401,0.5826505422592163,0.5860551744699478,12,209,gasly,alphatauri,11,11,11
838,2021,13,401,0.24430349469184875,0.25036179477518256,11,210,ocon,alpine,12,12,12
840,2021,13,401,-0.8476338982582092,-0.8452349442702073,13,49,giovinazzi,alfa,13,13,13
845,2021,13,401,-0.9168474078178406,-0.9062696993350983,10,2,russell,williams,14,14,14
8,2021,13,401,-0.9480412006378174,-0.9480412006378174,1,49,kubica,alfa,15,15,15
839,2021,13,401,-0.9878801107406616,-0.9848491061817516,11,115,stroll,aston_martin,16,16,17
852,2021,13,401,-1.02463698387146,-1.0044081623737628,13,207,mick_schumacher,haas,17,16,17
847,2021,13,401,-1.3439264297485352,-1.339004119237264,12,2,latifi,williams,18,18,18
821,2021,14,402,1.553758144378662,1.5109634832902388,11,129,bottas,mercedes,1,1,1
831,2021,14,402,1.3609373569488525,1.3206592287336076,14,5,sainz,ferrari,2,2,2
19,2021,14,402,1.1644214391708374,1.1197778085867565,12,115,vettel,aston_martin,3,3,4
814,2021,14,402,1.1602787971496582,1.1167382643773005,13,8,perez,red_bull,4,3,4
842,2021,14,402,1.1415082216262817,1.0940934816996257,12,5,leclerc,ferrari,5,5,5
844,2021,14,402,1.04087233543396,0.9982341436239389,13,0,norris,mclaren,6,6,6
3,2021,14,402,0.9021711349487305,0.8667972408808194,13,210,alonso,alpine,7,7,7
816,2021,14,402,0.8808536529541016,0.840046865599496,14,0,ricciardo,mclaren,8,8,8
838,2021,14,402,0.2896925210952759,0.253639355301857,12,210,ocon,alpine,9,9,9
840,2021,14,402,-0.8022360801696777,-0.8421635968344552,14,49,giovinazzi,alfa,10,10,10
845,2021,14,402,-0.8713852167129517,-0.903098382733085,11,2,russell,williams,11,11,12
8,2021,14,402,-0.9000367522239685,-0.9240389764308929,2,49,kubica,alfa,12,11,12
839,2021,14,402,-0.9422656297683716,-0.9813004831473032,12,115,stroll,aston_martin,13,13,13
852,2021,14,402,-0.9798793196678162,-1.002656102180481,14,207,mick_schumacher,haas,14,14,14
847,2021,14,402,-1.298452377319336,-1.3358847544743464,13,2,latifi,williams,15,15,15
821,2021,15,403,1.4955048561096191,1.5096752643585205,12,129,bottas,mercedes,1,1,1
831,2021,15,403,1.3022184371948242,1.319429842631022,15,5,sainz,ferrari,2,2,3
829,2021,15,403,1.2900514602661133,1.3051825662453969,12,8,max_verstappen,red_bull,3,2,3
7,2021,15,403,1.2137932777404785,1.2273514370123546,12,49,raikkonen,alfa,4,4,4
0,2021,15,403,1.1668765544891357,1.1811768838337489,14,129,hamilton,mercedes,5,5,5
19,2021,15,403,1.1062301397323608,1.1187356802133412,13,115,vettel,aston_martin,6,6,7
814,2021,15,403,1.1018941402435303,1.115677969796317,14,8,perez,red_bull,7,6,7
842,2021,15,403,1.0833618640899658,1.0932679726527288,13,5,leclerc,ferrari,8,8,8
844,2021,15,403,0.9824181795120239,0.9971044319016593,14,0,norris,mclaren,9,9,9
3,2021,15,403,0.8432546257972717,0.8651156255177089,14,210,alonso,alpine,10,10,10
816,2021,15,403,0.8221699595451355,0.8388550718625386,15,0,ricciardo,mclaren,11,11,11
452,2021,15,403,0.5675185918807983,0.5846292835015517,13,209,gasly,alphatauri,12,12,12
838,2021,15,403,0.23094268143177032,0.2518934573118503,13,210,ocon,alpine,13,13,13
850,2021,15,403,-0.8444873094558716,-0.8103242119153341,12,209,tsunoda,alphatauri,14,14,14
840,2021,15,403,-0.860978364944458,-0.8434179147084554,15,49,giovinazzi,alfa,15,15,15
845,2021,15,403,-0.9300719499588013,-0.9053461800018946,12,2,russell,williams,16,16,16
839,2021,15,403,-1.0008201599121094,-0.982801996744596,13,115,stroll,aston_martin,17,17,17
851,2021,15,403,-1.2239365577697754,-1.187709385698492,11,207,mazepin,haas,18,18,18
847,2021,15,403,-1.357128620147705,-1.3374021734510149,14,2,latifi,williams,19,19,19
821,2021,16,404,1.5185472965240479,1.5103577283712535,13,129,bottas,mercedes,1,1,1
831,2021,16,404,1.3248579502105713,1.319769099354744,16,5,sainz,ferrari,2,2,3
829,2021,16,404,1.313230276107788,1.3058016208501964,13,8,max_verstappen,red_bull,3,2,3
7,2021,16,404,1.2368083000183105,1.2280788880128126,13,49,raikkonen,alfa,4,4,4
0,2021,16,404,1.1898777484893799,1.1817569414774576,15,129,hamilton,mercedes,5,5,5
19,2021,16,404,1.1293259859085083,1.119492130620139,14,115,vettel,aston_martin,6,6,7
814,2021,16,404,1.1248228549957275,1.116287628809611,15,8,perez,red_bull,7,6,7
842,2021,16,404,1.1064965724945068,1.094212872641427,14,5,leclerc,ferrari,8,8,8
844,2021,16,404,1.0052869319915771,0.9976499319076538,15,0,norris,mclaren,9,9,9
3,2021,16,404,0.8657231330871582,0.8651561260223388,15,210,alonso,alpine,10,10,10
816,2021,16,404,0.8448399901390076,0.839229129254818,16,0,ricciardo,mclaren,11,11,11
452,2021,16,404,0.5904243588447571,0.5850432174546378,14,209,gasly,alphatauri,12,12,12
838,2021,16,404,0.2535555362701416,0.25201217723744257,14,210,ocon,alpine,13,13,13
850,2021,16,404,-0.8222982883453369,-0.811245294717642,13,209,tsunoda,alphatauri,14,14,14
840,2021,16,404,-0.8383588790893555,-0.8431017249822617,16,49,giovinazzi,alfa,15,15,15
845,2021,16,404,-0.9074046015739441,-0.9055045201228216,13,2,russell,williams,16,16,16
839,2021,16,404,-0.9780387878417969,-0.9824617675372532,14,115,stroll,aston_martin,17,17,18
852,2021,16,404,-1.0154151916503906,-1.0035067081451416,15,207,mick_schumacher,haas,18,17,18
851,2021,16,404,-1.201589822769165,-1.1888660887877147,12,207,mazepin,haas,19,19,19
847,2021,16,404,-1.3344521522521973,-1.3372055053710938,15,2,latifi,williams,20,20,20
821,2021,17,405,1.5336123704910278,1.5120187742369515,14,129,bottas,mercedes,1,1,1
831,2021,17,405,1.3395745754241943,1.3209341273588293,17,5,sainz,ferrari,2,2,3
829,2021,17,405,1.3284132480621338,1.3074167370796204,14,8,max_verstappen,red_bull,3,2,3
7,2021,17,405,1.25184965133667,1.2297767996788025,14,49,raikkonen,alfa,4,4,4
0,2021,17,405,1.2049072980880737,1.1832038387656212,16,129,hamilton,mercedes,5,5,5
19,2021,17,405,1.144437313079834,1.1211551427841187,15,115,vettel,aston_martin,6,6,7
814,2021,17,405,1.1397897005081177,1.1177565082907677,16,8,perez,red_bull,7,6,7
842,2021,17,405,1.1216416358947754,1.096041456858317,15,5,leclerc,ferrari,8,8,8
844,2021,17,405,1.0202016830444336,0.9990594163537025,16,0,norris,mclaren,9,9,9
816,2021,17,405,0.8595830202102661,0.8404264169580796,17,0,ricciardo,mclaren,10,10,10
850,2021,17,405,-0.8079712986946106,-0.811011437858854,14,209,tsunoda,alphatauri,11,11,11
840,2021,17,405,-0.8236597180366516,-0.8419580775148728,17,49,giovinazzi,alfa,12,12,12
845,2021,17,405,-0.892663836479187,-0.9045873284339905,14,2,russell,williams,13,13,13
839,2021,17,405,-0.9631993174552917,-0.9811776041984558,15,115,stroll,aston_martin,14,14,14
852,2021,17,405,-1.0013489723205566,-1.003371849656105,16,207,mick_schumacher,haas,15,15,15
851,2021,17,405,-1.187126636505127,-1.1887322847659771,13,207,mazepin,haas,16,16,16
847,2021,17,405,-1.3197036981582642,-1.336111642420292,16,2,latifi,williams,17,17,17
821,2021,18,406,1.4738131761550903,1.5094717343648274,15,129,bottas,mercedes,1,1,1
831,2021,18,406,1.2794740200042725,1.318630788061354,18,5,sainz,ferrari,2,2,3
829,2021,18,406,1.2687160968780518,1.3048366943995158,15,8,max_verstappen,red_bull,3,2,3
7,2021,18,406,1.1920303106307983,1.2272603670756022,15,49,raikkonen,alfa,4,4,4
0,2021,18,406,1.1450774669647217,1.180961111012627,17,129,hamilton,mercedes,5,5,5
19,2021,18,406,1.084678292274475,1.118875339627266,16,115,vettel,aston_martin,6,6,7
814,2021,18,406,1.0799055099487305,1.1155299789765303,17,8,perez,red_bull,7,6,7
842,2021,18,406,1.061911702156067,1.0939083471894264,16,5,leclerc,ferrari,8,8,8
844,2021,18,406,0.9602726101875305,0.9967778395203983,17,0,norris,mclaren,9,9,9
3,2021,18,406,0.8194471597671509,0.8622993156313896,16,210,alonso,alpine,10,10,10
816,2021,18,406,0.7995051741600037,0.8381530145804087,18,0,ricciardo,mclaren,11,11,11
452,2021,18,406,0.5445264577865601,0.5823421001434326,15,209,gasly,alphatauri,12,12,12
838,2021,18,406,0.20740433037281036,0.24903832077980043,15,210,ocon,alpine,13,13,13
840,2021,18,406,-0.8837754130363464,-0.8442812628216214,18,49,giovinazzi,alfa,14,14,14
845,2021,18,406,-0.952743411064148,-0.9077977339426676,15,2,russell,williams,15,15,15
839,2021,18,406,-1.023193597793579,-0.983803603798151,16,115,stroll,aston_martin,16,16,16
851,2021,18,406,-1.2474462985992432,-1.1929261428969247,14,207,mazepin,haas,17,17,17
847,2021,18,406,-1.3797767162322998,-1.3386801761739395,17,2,latifi,williams,18,18,18
821,2021,19,407,1.5041649341583252,1.509140059351921,16,129,bottas,mercedes,1,1,1
831,2021,19,407,1.3095651865005493,1.318153651137101,19,5,sainz,ferrari,2,2,3
829,2021,19,407,1.2991561889648438,1.3044816628098488,16,8,max_verstappen,red_bull,3,2,3
7,2021,19,407,1.2223644256591797,1.2269543707370758,16,49,raikkonen,alfa,4,4,4
0,2021,19,407,1.1754026412963867,1.1806523071395025,18,129,hamilton,mercedes,5,5,5
19,2021,19,407,1.1150648593902588,1.1186511937309713,17,115,vettel,aston_martin,6,6,7
814,2021,19,407,1.1101837158203125,1.1152329643567402,18,8,perez,red_bull,7,6,7
842,2021,19,407,1.0923234224319458,1.0938151163213394,17,5,leclerc,ferrari,8,8,8
844,2021,19,407,0.990511953830719,0.9964297347598605,18,0,norris,mclaren,9,9,9
3,2021,19,407,0.849510908126831,0.8615470563664156,17,210,alonso,alpine,10,10,10
452,2021,19,407,0.5749171376228333,0.5818780399858952,16,209,gasly,alphatauri,11,11,11
838,2021,19,407,0.23757590353488922,0.24832191970199347,16,210,ocon,alpine,12,12,12
850,2021,19,407,-0.8362236022949219,-0.8126922488212586,15,209,tsunoda,alphatauri,13,13,13
840,2021,19,407,-0.8536972999572754,-0.8447768437234979,19,49,giovinazzi,alfa,14,14,14
845,2021,19,407,-0.9226342439651489,-0.9087250158190727,16,2,russell,williams,15,15,15
852,2021,19,407,-1.0298266410827637,-1.0049280138576733,17,207,mick_schumacher,haas,16,16,16
851,2021,19,407,-1.2175447940826416,-1.1945673863093058,15,207,mazepin,haas,17,17,17
847,2021,19,407,-1.3496617078781128,-1.3392902612686157,18,2,latifi,williams,18,18,18
831,2021,20,408,1.3151904344558716,1.3180054903030396,20,5,sainz,ferrari,1,1,2
829,2021,20,408,1.3050830364227295,1.3045170377282536,17,8,max_verstappen,red_bull,2,1,2
7,2021,20,408,1.2281997203826904,1.2270276265985824,17,49,raikkonen,alfa,3,3,3
0,2021,20,408,1.1812303066253662,1.1806827281650745,19,129,hamilton,mercedes,4,4,4
19,2021,20,408,1.1209454536437988,1.1187786526150174,18,115,vettel,aston_martin,5,5,6
814,2021,20,408,1.1159708499908447,1.1152718004427458,19,8,perez,red_bull,6,5,6
842,2021,20,408,1.0982258319854736,1.094060156080458,18,5,leclerc,ferrari,7,7,7
844,2021,20,408,0.9962654709815979,0.9964210892978468,19,0,norris,mclaren,8,8,8
3,2021,20,408,0.8551122546195984,0.8611895673804812,18,210,alonso,alpine,9,9,9
816,2021,20,408,0.8356043696403503,0.8380188753730372,19,0,ricciardo,mclaren,10,10,10
452,2021,20,408,0.5808014273643494,0.5818147098316866,17,209,gasly,alphatauri,11,11,11
838,2021,20,408,0.2432706207036972,0.24802478446679957,17,210,ocon,alpine,12,12,12
850,2021,20,408,-0.8311727643013,-0.8138472810387611,16,209,tsunoda,alphatauri,13,13,13
840,2021,20,408,-0.84808349609375,-0.8449421763420105,20,49,giovinazzi,alfa,14,14,14
845,2021,20,408,-0.9169935584068298,-0.9092114006771761,17,2,russell,williams,15,15,15
839,2021,20,408,-0.9870222806930542,-0.9839929377331453,17,115,stroll,aston_martin,16,16,16
852,2021,20,408,-1.0249707698822021,-1.0060415003034804,18,207,mick_schumacher,haas,17,17,17
851,2021,20,408,-1.2120835781097412,-1.195662148296833,16,207,mazepin,haas,18,18,18
821,2021,21,409,1.463514804840088,1.506456220851225,17,129,bottas,mercedes,1,1,1
831,2021,21,409,1.2686448097229004,1.3156549817039853,21,5,sainz,ferrari,2,2,3
829,2021,21,409,1.258798599243164,1.3019771244790819,18,8,max_verstappen,red_bull,3,2,3
7,2021,21,409,1.1818360090255737,1.2245169811778598,18,49,raikkonen,alfa,4,4,4
0,2021,21,409,1.1348598003387451,1.178391581773758,20,129,hamilton,mercedes,5,5,5
842,2021,21,409,1.0519201755523682,1.0918422623684532,19,5,leclerc,ferrari,6,6,6
844,2021,21,409,0.9498308300971985,0.9940915763378143,20,0,norris,mclaren,7,7,7
3,2021,21,409,0.8085461854934692,0.8584188630706385,19,210,alonso,alpine,8,8,8
816,2021,21,409,0.7890268564224243,0.8355692744255065,20,0,ricciardo,mclaren,9,9,9
452,2021,21,409,0.534480094909668,0.5791850090026855,18,209,gasly,alphatauri,10,10,10
838,2021,21,409,0.1967853456735611,0.24517814897828633,18,210,ocon,alpine,11,11,11
850,2021,21,409,-0.8782150745391846,-0.8176336218329037,17,209,tsunoda,alphatauri,12,12,12
840,2021,21,409,-0.8946386575698853,-0.8473086754480997,21,49,giovinazzi,alfa,13,13,13
839,2021,21,409,-1.0335371494293213,-0.9867453939384885,18,115,stroll,aston_martin,14,14,14
847,2021,21,409,-1.390516757965088,-1.3419863926736932,19,2,latifi,williams,15,15,15
821,2021,22,410,1.413785457611084,1.5013078451156616,18,129,bottas,mercedes,1,1,1
831,2021,22,410,1.218726634979248,1.311249147761952,22,5,sainz,ferrari,2,2,3
829,2021,22,410,1.2091060876846313,1.2970891751741107,19,8,max_verstappen,red_bull,3,2,3
0,2021,22,410,1.0850931406021118,1.1739487988608224,21,129,hamilton,mercedes,4,4,4
19,2021,22,410,1.0268338918685913,1.1139394546809949,19,115,vettel,aston_martin,5,5,6
814,2021,22,410,1.0217782258987427,1.1105971217155457,20,8,perez,red_bull,6,5,6
842,2021,22,410,1.0022094249725342,1.0873606204986572,20,5,leclerc,ferrari,7,7,7
844,2021,22,410,0.9000085592269897,0.9896114326658703,21,0,norris,mclaren,8,8,8
3,2021,22,410,0.7586101293563843,0.8534284263849259,20,210,alonso,alpine,9,9,9
816,2021,22,410,0.7390810251235962,0.8309745958873204,21,0,ricciardo,mclaren,10,10,10
452,2021,22,410,0.48475581407546997,0.5742150513749373,19,209,gasly,alphatauri,11,11,11
838,2021,22,410,0.1469191610813141,0.24000662329949832,19,210,ocon,alpine,12,12,12
850,2021,22,410,-0.9285629987716675,-0.8237963649961684,18,209,tsunoda,alphatauri,13,13,13
839,2021,22,410,-1.0834290981292725,-0.9918340099485297,19,115,stroll,aston_martin,14,14,15
852,2021,22,410,-1.1199688911437988,-1.0120376787687604,19,207,mick_schumacher,haas,15,14,15
821,2022,1,411,1.5171055793762207,1.5171055793762207,1,49,bottas,alfa,1,1,1
831,2022,1,411,1.3218833208084106,1.3218833208084106,1,5,sainz,ferrari,2,2,2
829,2022,1,411,1.3124580383300781,1.3124580383300781,1,8,max_verstappen,red_bull,3,3,3
0,2022,1,411,1.1883808374404907,1.1883808374404907,1,129,hamilton,mercedes,4,4,4
807,2022,1,411,1.1724618673324585,1.1724618673324585,1,115,hulkenberg,aston_martin,5,5,5
814,2022,1,411,1.1247683763504028,1.1247683763504028,1,8,perez,red_bull,6,6,6
842,2022,1,411,1.1055454015731812,1.1055454015731812,1,5,leclerc,ferrari,7,7,7
844,2022,1,411,1.0032482147216797,1.0032482147216797,1,0,norris,mclaren,8,8,8
3,2022,1,411,0.8617514371871948,0.8617514371871948,1,210,alonso,alpine,9,9,9
816,2022,1,411,0.8422136306762695,0.8422136306762695,1,0,ricciardo,mclaren,10,10,10
846,2022,1,411,0.7091758251190186,0.7091758251190186,1,2,albon,williams,11,11,11
838,2022,1,411,0.2501208484172821,0.2501208484172821,1,210,ocon,alpine,12,12,12
824,2022,1,411,-0.6669118404388428,-0.6669118404388428,1,207,kevin_magnussen,haas,13,13,13
853,2022,1,411,-0.7778511047363281,-0.7778511047363281,1,49,zhou,alfa,14,14,14
850,2022,1,411,-0.8257781863212585,-0.8257781863212585,1,209,tsunoda,alphatauri,15,15,15
845,2022,1,411,-0.9041619896888733,-0.9041619896888733,1,129,russell,mercedes,16,16,16
839,2022,1,411,-0.98024982213974,-0.98024982213974,1,115,stroll,aston_martin,17,17,17
852,2022,1,411,-1.0176756381988525,-1.0176756381988525,1,207,mick_schumacher,haas,18,18,18
847,2022,1,411,-1.3332726955413818,-1.3332726955413818,1,2,latifi,williams,19,19,19
831,2022,2,412,1.2754106521606445,1.2986469864845276,2,5,sainz,ferrari,1,1,2
829,2022,2,412,1.2661542892456055,1.2893061637878418,2,8,max_verstappen,red_bull,2,1,2
0,2022,2,412,1.1420214176177979,1.1652011275291443,2,129,hamilton,mercedes,3,3,4
807,2022,2,412,1.1281912326812744,1.1503265500068665,2,115,hulkenberg,aston_martin,4,3,4
814,2022,2,412,1.0781514644622803,1.1014599204063416,2,8,perez,red_bull,5,5,6
842,2022,2,412,1.0592279434204102,1.0823866724967957,2,5,leclerc,ferrari,6,5,6
844,2022,2,412,0.9568471908569336,0.9800477027893066,2,0,norris,mclaren,7,7,7
846,2022,2,412,0.6641702055931091,0.6866730153560638,2,2,albon,williams,8,8,8
452,2022,2,412,0.5402402877807617,0.5402402877807617,1,209,gasly,alphatauri,9,9,9
838,2022,2,412,0.20368702709674835,0.22690393775701523,2,210,ocon,alpine,10,10,10
824,2022,2,412,-0.712151825428009,-0.6895318329334259,2,207,kevin_magnussen,haas,11,11,11
853,2022,2,412,-0.934545636177063,-0.8561983704566956,2,49,zhou,alfa,12,12,13
845,2022,2,412,-0.9514501094818115,-0.9278060495853424,2,129,russell,mercedes,13,12,13
839,2022,2,412,-1.026702880859375,-1.0034763514995575,2,115,stroll,aston_martin,14,14,14
821,2022,3,413,1.5714837312698364,1.5442946553230286,2,49,bottas,alfa,1,1,1
0,2022,3,413,1.2418583631515503,1.1907535394032795,3,129,hamilton,mercedes,2,2,3
814,2022,3,413,1.1777657270431519,1.1268951892852783,3,8,perez,red_bull,3,2,4
842,2022,3,413,1.159101128578186,1.107958157857259,3,5,leclerc,ferrari,4,3,4
844,2022,3,413,1.0566482543945312,1.005581219991048,3,0,norris,mclaren,5,5,5
3,2022,3,413,0.9159746170043945,0.8888630270957947,2,210,alonso,alpine,6,6,7
816,2022,3,413,0.8964294195175171,0.8693215250968933,2,0,ricciardo,mclaren,7,6,7
846,2022,3,413,0.7651782035827637,0.7128414114316305,3,2,albon,williams,8,8,8
452,2022,3,413,0.6403088569641113,0.5902745723724365,2,209,gasly,alphatauri,9,9,9
838,2022,3,413,0.30345964431762695,0.2524225066105525,3,210,ocon,alpine,10,10,10
824,2022,3,413,-0.6113465428352356,-0.6634700695673624,3,207,kevin_magnussen,haas,11,11,11
850,2022,3,413,-0.7718632221221924,-0.7988207042217255,2,209,tsunoda,alphatauri,12,12,13
853,2022,3,413,-0.8376220464706421,-0.8500062624613444,3,49,zhou,alfa,13,12,14
845,2022,3,413,-0.8524162769317627,-0.9026761253674825,3,129,russell,mercedes,14,13,14
839,2022,3,413,-0.9269468784332275,-0.9779665271441141,3,115,stroll,aston_martin,15,15,16
852,2022,3,413,-0.9641859531402588,-0.9909307956695557,2,207,mick_schumacher,haas,16,15,16
847,2022,3,413,-1.2795650959014893,-1.3064188957214355,2,2,latifi,williams,17,17,17
821,2022,4,414,1.5476773977279663,1.5454222361246746,3,49,bottas,alfa,1,1,1
829,2022,4,414,1.338549256324768,1.3057205279668171,3,8,max_verstappen,red_bull,2,2,2
0,2022,4,414,1.218145489692688,1.1976015269756317,4,129,hamilton,mercedes,3,3,4
19,2022,4,414,1.155273199081421,1.155273199081421,1,115,vettel,aston_martin,4,4,5
814,2022,4,414,1.153860330581665,1.133636474609375,4,8,perez,red_bull,5,4,6
842,2022,4,414,1.1354196071624756,1.1148235201835632,4,5,leclerc,ferrari,6,5,6
844,2022,4,414,1.0329043865203857,1.0124120116233826,4,0,norris,mclaren,7,7,7
816,2022,4,414,0.8724828958511353,0.8703753153483073,3,0,ricciardo,mclaren,8,8,8
846,2022,4,414,0.7424783706665039,0.7202506512403488,4,2,albon,williams,9,9,9
452,2022,4,414,0.6167964339256287,0.5991151928901672,3,209,gasly,alphatauri,10,10,10
838,2022,4,414,0.279691219329834,0.25923968479037285,4,210,ocon,alpine,11,11,11
824,2022,4,414,-0.6342217922210693,-0.6561580002307892,4,207,kevin_magnussen,haas,12,12,12
850,2022,4,414,-0.7960699200630188,-0.7979037761688232,3,209,tsunoda,alphatauri,13,13,14
853,2022,4,414,-0.8638548851013184,-0.8534684181213379,4,49,zhou,alfa,14,13,15
845,2022,4,414,-0.8768237233161926,-0.89621302485466,4,129,russell,mercedes,15,14,15
839,2022,4,414,-0.9507296681404114,-0.9711573123931885,4,115,stroll,aston_martin,16,16,17
852,2022,4,414,-0.9887605309486389,-0.9902073740959167,3,207,mick_schumacher,haas,17,16,17
847,2022,4,414,-1.3039512634277344,-1.3055963516235352,3,2,latifi,williams,18,18,18
821,2022,5,415,1.5154327154159546,1.5379248559474945,4,49,bottas,alfa,1,1,1
829,2022,5,415,1.3069370985031128,1.3060246706008911,4,8,max_verstappen,red_bull,2,2,3
831,2022,5,415,1.3134651184082031,1.3035863637924194,3,5,sainz,ferrari,3,2,3
0,2022,5,415,1.1859817504882812,1.1952775716781616,5,129,hamilton,mercedes,4,4,4
19,2022,5,415,1.123504638671875,1.139388918876648,2,115,vettel,aston_martin,5,5,7
814,2022,5,415,1.1215299367904663,1.1312151670455932,5,8,perez,red_bull,6,5,7
842,2022,5,415,1.1032830476760864,1.112515425682068,5,5,leclerc,ferrari,7,5,7
3,2022,5,415,0.857840359210968,0.8785221378008524,3,210,alonso,alpine,8,8,9
816,2022,5,415,0.8401170372962952,0.8628107458353043,4,0,ricciardo,mclaren,9,8,9
846,2022,5,415,0.7111908197402954,0.7184386849403381,5,2,albon,williams,10,10,10
838,2022,5,415,0.2474793642759323,0.2568876206874847,5,210,ocon,alpine,11,11,11
824,2022,5,415,-0.6656610369682312,-0.6580586075782776,5,207,kevin_magnussen,haas,12,12,12
850,2022,5,415,-0.828660786151886,-0.8055930286645889,4,209,tsunoda,alphatauri,13,13,13
845,2022,5,415,-0.9095885157585144,-0.8988881230354309,5,129,russell,mercedes,14,14,14
839,2022,5,415,-0.9829540848731995,-0.9735166668891907,5,115,stroll,aston_martin,15,15,16
852,2022,5,415,-1.021669626235962,-0.998072937130928,4,207,mick_schumacher,haas,16,15,16
847,2022,5,415,-1.3366973400115967,-1.3133715987205505,4,2,latifi,williams,17,17,17
821,2022,6,416,1.5126571655273438,1.5328713178634643,5,49,bottas,alfa,1,1,1
829,2022,6,416,1.3047086000442505,1.305761456489563,5,8,max_verstappen,red_bull,2,2,3
831,2022,6,416,1.3114588260650635,1.3055544793605804,4,5,sainz,ferrari,3,2,3
0,2022,6,416,1.1832762956619263,1.193277359008789,6,129,hamilton,mercedes,4,4,4
19,2022,6,416,1.121140718460083,1.1333061854044597,3,115,vettel,aston_martin,5,5,6
814,2022,6,416,1.1186802387237549,1.1291260123252869,6,8,perez,red_bull,6,5,6
844,2022,6,416,0.9977905750274658,1.0094877243041993,5,0,norris,mclaren,7,7,7
3,2022,6,416,0.8552122116088867,0.872694656252861,4,210,alonso,alpine,8,8,9
816,2022,6,416,0.8372365832328796,0.8576959133148193,5,0,ricciardo,mclaren,9,8,9
846,2022,6,416,0.7092430591583252,0.7169060806433359,6,2,albon,williams,10,10,10
452,2022,6,416,0.5818828344345093,0.5948071032762527,4,209,gasly,alphatauri,11,11,11
838,2022,6,416,0.2447320818901062,0.2548616975545883,6,210,ocon,alpine,12,12,12
824,2022,6,416,-0.667739987373352,-0.6596721708774567,6,207,kevin_magnussen,haas,13,13,13
850,2022,6,416,-0.8317360877990723,-0.8108216404914856,5,209,tsunoda,alphatauri,14,14,14
845,2022,6,416,-0.9128139615058899,-0.9012090961138407,6,129,russell,mercedes,15,15,15
839,2022,6,416,-0.9857120513916016,-0.9755492309729258,6,115,stroll,aston_martin,16,16,17
852,2022,6,416,-1.0250201225280762,-1.0034623742103577,5,207,mick_schumacher,haas,17,16,17
847,2022,6,416,-1.339906930923462,-1.3186786651611329,5,2,latifi,williams,18,18,18
821,2022,7,417,1.4828895330429077,1.5245410203933716,6,49,bottas,alfa,1,1,1
831,2022,7,417,1.2823562622070312,1.3009148359298706,5,5,sainz,ferrari,2,2,3
829,2022,7,417,1.2754138708114624,1.300703525543213,6,8,max_verstappen,red_bull,3,2,3
0,2022,7,417,1.153568983078003,1.1876047338758196,7,129,hamilton,mercedes,4,4,4
814,2022,7,417,1.0888482332229614,1.1233720438820975,7,8,perez,red_bull,5,5,7
19,2022,7,417,1.0917291641235352,1.1229119300842285,4,115,vettel,aston_martin,6,5,7
842,2022,7,417,1.0708369016647339,1.1055690050125122,6,5,leclerc,ferrari,7,5,7
844,2022,7,417,0.9680894613265991,1.0025880138079326,6,0,norris,mclaren,8,8,8
3,2022,7,417,0.8255720138549805,0.8632701277732849,5,210,alonso,alpine,9,9,10
816,2022,7,417,0.8073780536651611,0.8493096033732096,6,0,ricciardo,mclaren,10,9,10
452,2022,7,417,0.5523548126220703,0.5863166451454163,5,209,gasly,alphatauri,11,11,11
838,2022,7,417,0.21498876810073853,0.24916556477546692,7,210,ocon,alpine,12,12,12
850,2022,7,417,-0.8617630004882812,-0.8193118671576182,6,209,tsunoda,alphatauri,13,13,13
853,2022,7,417,-0.9308856129646301,-0.8689518570899963,5,49,zhou,alfa,14,13,15
845,2022,7,417,-0.9429709315299988,-0.9071750726018634,7,129,russell,mercedes,15,14,15
839,2022,7,417,-1.0154646635055542,-0.9812514356204441,7,115,stroll,aston_martin,16,16,16
847,2022,7,417,-1.3700499534606934,-1.3272405465443928,6,2,latifi,williams,17,17,17
821,2022,8,418,1.5111788511276245,1.5226321390696935,7,49,bottas,alfa,1,1,1
829,2022,8,418,1.3041125535964966,1.3011905295508248,7,8,max_verstappen,red_bull,2,2,2
0,2022,8,418,1.181910753250122,1.1868929862976074,8,129,hamilton,mercedes,3,3,3
814,2022,8,418,1.1170822381973267,1.1225858181715012,8,8,perez,red_bull,4,4,5
19,2022,8,418,1.1203266382217407,1.122394871711731,5,115,vettel,aston_martin,5,4,5
844,2022,8,418,0.9964364767074585,1.001709222793579,7,0,norris,mclaren,6,6,6
3,2022,8,418,0.8539717197418213,0.8617203931013743,6,210,alonso,alpine,7,7,8
816,2022,8,418,0.8355889320373535,0.8473495074680873,7,0,ricciardo,mclaren,8,7,8
846,2022,8,418,0.709823489189148,0.7158942818641663,7,2,albon,williams,9,9,9
452,2022,8,418,0.5808515548706055,0.5854057967662811,6,209,gasly,alphatauri,10,10,10
838,2022,8,418,0.24329930543899536,0.24843228235840797,8,210,ocon,alpine,11,11,11
850,2022,8,418,-0.8336977958679199,-0.8213669998305184,7,209,tsunoda,alphatauri,12,12,12
845,2022,8,418,-0.9150180816650391,-0.9081554487347603,8,129,russell,mercedes,13,13,13
839,2022,8,418,-0.9871622323989868,-0.981990285217762,8,115,stroll,aston_martin,14,14,15
852,2022,8,418,-1.0256531238555908,-1.0071608324845631,6,207,mick_schumacher,haas,15,14,15
847,2022,8,418,-1.3420851230621338,-1.3293612003326416,7,2,latifi,williams,16,16,16
821,2022,9,419,1.486847996711731,1.5181591212749481,8,49,bottas,alfa,1,1,1
829,2022,9,419,1.2801357507705688,1.2985586822032928,8,8,max_verstappen,red_bull,2,2,3
831,2022,9,419,1.2867183685302734,1.2985487580299377,6,5,sainz,ferrari,3,2,3
0,2022,9,419,1.1576250791549683,1.183640996615092,9,129,hamilton,mercedes,4,4,4
19,2022,9,419,1.0962623357772827,1.1180394490559895,6,115,vettel,aston_martin,5,5,6
842,2022,9,419,1.0747036933898926,1.1011596747807093,7,5,leclerc,ferrari,6,5,6
844,2022,9,419,0.9721553325653076,0.9980149865150452,8,0,norris,mclaren,7,7,7
3,2022,9,419,0.8297361135482788,0.857151210308075,7,210,alonso,alpine,8,8,9
816,2022,9,419,0.8111900687217712,0.8428295776247978,8,0,ricciardo,mclaren,9,8,9
846,2022,9,419,0.6859307289123535,0.7121488377451897,8,2,albon,williams,10,10,10
452,2022,9,419,0.5566999912261963,0.5813049674034119,7,209,gasly,alphatauri,11,11,11
838,2022,9,419,0.21898673474788666,0.24516055484612784,9,210,ocon,alpine,12,12,12
824,2022,9,419,-0.6917760372161865,-0.6642584374972752,7,207,kevin_magnussen,haas,13,13,13
853,2022,9,419,-0.9288953542709351,-0.8789424399534861,6,49,zhou,alfa,14,14,15
845,2022,9,419,-0.9396402835845947,-0.9116537637180753,9,129,russell,mercedes,15,14,15
839,2022,9,419,-1.011481761932373,-0.9852671159638299,9,115,stroll,aston_martin,16,16,16
847,2022,9,419,-1.3666969537734985,-1.3340281695127487,8,2,latifi,williams,17,17,17
831,2022,10,420,1.3042575120925903,1.2993642943246024,7,5,sainz,ferrari,1,1,2
829,2022,10,420,1.2974601984024048,1.2984366284476385,9,8,max_verstappen,red_bull,2,1,2
0,2022,10,420,1.1746824979782104,1.1827451467514039,10,129,hamilton,mercedes,3,3,3
814,2022,10,420,1.11067533493042,1.1212624311447144,9,8,perez,red_bull,4,4,6
19,2022,10,420,1.1135109663009644,1.1173925229481287,7,115,vettel,aston_martin,5,4,6
842,2022,10,420,1.0918145179748535,1.0999915301799774,8,5,leclerc,ferrari,6,4,6
844,2022,10,420,0.989216685295105,0.9970373974906074,9,0,norris,mclaren,7,7,7
3,2022,10,420,0.8468369245529175,0.8558619245886803,8,210,alonso,alpine,8,8,9
816,2022,10,420,0.8281494379043579,0.8411984509891934,9,0,ricciardo,mclaren,9,8,9
824,2022,10,420,-0.6743946075439453,-0.665525458753109,8,207,kevin_magnussen,haas,10,10,10
850,2022,10,420,-0.8402507305145264,-0.8237274661660194,8,209,tsunoda,alphatauri,11,11,11
839,2022,10,420,-0.9944537878036499,-0.9861857831478119,10,115,stroll,aston_martin,12,12,13
852,2022,10,420,-1.0326234102249146,-1.0107983435903276,7,207,mick_schumacher,haas,13,12,13
847,2022,10,420,-1.3499215841293335,-1.3357941044701471,9,2,latifi,williams,14,14,14
821,2022,11,421,1.5220400094985962,1.5185903310775757,9,49,bottas,alfa,1,1,1
829,2022,11,421,1.315882682800293,1.300181233882904,10,8,max_verstappen,red_bull,2,2,2
0,2022,11,421,1.1928739547729492,1.1836659474806352,11,129,hamilton,mercedes,3,3,3
19,2022,11,421,1.1318680047988892,1.1192019581794739,8,115,vettel,aston_martin,4,4,5
842,2022,11,421,1.1100521087646484,1.1011093722449408,9,5,leclerc,ferrari,5,4,5
844,2022,11,421,1.0074114799499512,0.9980748057365417,10,0,norris,mclaren,6,6,6
3,2022,11,421,0.8650659918785095,0.8568845987319946,9,210,alonso,alpine,7,7,8
816,2022,11,421,0.8462562561035156,0.8417042315006256,10,0,ricciardo,mclaren,8,7,8
846,2022,11,421,0.7215020060539246,0.7131880786683824,9,2,albon,williams,9,9,9
452,2022,11,421,0.5920473337173462,0.5826477631926537,8,209,gasly,alphatauri,10,10,10
838,2022,11,421,0.2541947066783905,0.2460639700293541,10,210,ocon,alpine,11,11,11
824,2022,11,421,-0.6559228301048279,-0.6644585000144111,9,207,kevin_magnussen,haas,12,12,12
850,2022,11,421,-0.8223896026611328,-0.8235788146654764,9,209,tsunoda,alphatauri,13,13,13
853,2022,11,421,-0.8952337503433228,-0.8812697700091771,7,49,zhou,alfa,14,14,15
845,2022,11,421,-0.904699981212616,-0.9109583854675293,10,129,russell,mercedes,15,14,15
839,2022,11,421,-0.9762876629829407,-0.9852859540419145,11,115,stroll,aston_martin,16,16,16
852,2022,11,421,-1.0151233673095703,-1.011338971555233,8,207,mick_schumacher,haas,17,17,17
821,2022,12,422,1.4574034214019775,1.5124716401100158,10,49,bottas,alfa,1,1,1
829,2022,12,422,1.2514774799346924,1.295753619887612,11,8,max_verstappen,red_bull,2,2,3
831,2022,12,422,1.25742769241333,1.2941222190856934,8,5,sainz,ferrari,3,2,3
0,2022,12,422,1.1282687187194824,1.179049511750539,12,129,hamilton,mercedes,4,4,4
814,2022,12,422,1.0632244348526,1.1154586315155028,10,8,perez,red_bull,5,5,6
19,2022,12,422,1.067406177520752,1.113446871439616,9,115,vettel,aston_martin,6,5,6
844,2022,12,422,0.9428093433380127,0.993050672791221,11,0,norris,mclaren,7,7,7
3,2022,12,422,0.8004932403564453,0.8512454628944397,10,210,alonso,alpine,8,8,9
816,2022,12,422,0.7815779447555542,0.8362382054328918,11,0,ricciardo,mclaren,9,8,9
846,2022,12,422,0.6571931838989258,0.7075885891914367,10,2,albon,williams,10,10,10
452,2022,12,422,0.5275449156761169,0.5765252245797051,9,209,gasly,alphatauri,11,11,11
838,2022,12,422,0.18957175314426422,0.2409283139488914,11,210,ocon,alpine,12,12,12
853,2022,12,422,-0.9611942768096924,-0.8912603333592415,8,49,zhou,alfa,13,13,14
845,2022,12,422,-0.9695544242858887,-0.9162852980873801,11,129,russell,mercedes,14,13,14
839,2022,12,422,-1.04091477394104,-0.9899216890335083,12,115,stroll,aston_martin,15,15,15
852,2022,12,422,-1.080326795578003,-1.0190042853355408,9,207,mick_schumacher,haas,16,16,16
821,2022,13,423,1.5178873538970947,1.512963977727023,11,49,bottas,alfa,1,1,1
829,2022,13,423,1.3121615648269653,1.2971209486325581,12,8,max_verstappen,red_bull,2,2,3
831,2022,13,423,1.3184120655059814,1.2968210909101698,9,5,sainz,ferrari,3,2,3
0,2022,13,423,1.1887800693511963,1.1797980161813588,13,129,hamilton,mercedes,4,4,4
814,2022,13,423,1.1236716508865356,1.1162052696401423,11,8,perez,red_bull,5,5,7
19,2022,13,423,1.1280412673950195,1.1149063110351562,10,115,vettel,aston_martin,6,5,7
842,2022,13,423,1.108222484588623,1.1018206834793092,10,5,leclerc,ferrari,7,5,7
844,2022,13,423,1.0033233165740967,0.9939067264397939,12,0,norris,mclaren,8,8,8
3,2022,13,423,0.8610326051712036,0.8521352031014182,11,210,alonso,alpine,9,9,10
816,2022,13,423,0.8420259356498718,0.8367205162843069,12,0,ricciardo,mclaren,10,9,10
846,2022,13,423,0.7179607152938843,0.7085315097462047,11,2,albon,williams,11,11,11
452,2022,13,423,0.5881451368331909,0.5776872158050537,10,209,gasly,alphatauri,12,12,12
838,2022,13,423,0.25006771087646484,0.2416899303595225,12,210,ocon,alpine,13,13,13
824,2022,13,423,-0.6575500965118408,-0.6637676596641541,10,207,kevin_magnussen,haas,14,14,14
850,2022,13,423,-0.8245449662208557,-0.8236754298210144,10,209,tsunoda,alphatauri,15,15,15
853,2022,13,423,-0.9018553495407104,-0.8924375573794047,9,49,zhou,alfa,16,16,17
845,2022,13,423,-0.9092588424682617,-0.9156997601191202,12,129,russell,mercedes,17,16,17
839,2022,13,423,-0.9804224371910095,-0.9891909773533161,13,115,stroll,aston_martin,18,18,18
852,2022,13,423,-1.0203328132629395,-1.0191371381282806,10,207,mick_schumacher,haas,19,19,19
847,2022,13,423,-1.334676742553711,-1.3356823682785035,10,2,latifi,williams,20,20,20
831,2022,14,424,1.3578587770462036,1.3029248595237732,10,5,sainz,ferrari,1,1,2
829,2022,14,424,1.351348638534546,1.3012923093942494,13,8,max_verstappen,red_bull,2,1,2
814,2022,14,424,1.1626536846160889,1.1200759708881378,12,8,perez,red_bull,3,3,5
19,2022,14,424,1.16718590259552,1.1196590011770076,11,115,vettel,aston_martin,4,3,5
842,2022,14,424,1.1469943523406982,1.1059273806485264,11,5,leclerc,ferrari,5,3,5
844,2022,14,424,1.0423630475997925,0.9976341357597938,13,0,norris,mclaren,6,6,6
3,2022,14,424,0.9000945091247559,0.8561318119366964,12,210,alonso,alpine,7,7,8
816,2022,14,424,0.8810086846351624,0.8401272984651419,13,0,ricciardo,mclaren,8,7,8
846,2022,14,424,0.7572200894355774,0.7125888913869858,12,2,albon,williams,9,9,9
452,2022,14,424,0.6272595524787903,0.5821937918663025,11,209,gasly,alphatauri,10,10,10
838,2022,14,424,0.28909191489219666,0.2453362368620359,13,210,ocon,alpine,11,11,11
824,2022,14,424,-0.618602991104126,-0.6596617807041515,11,207,kevin_magnussen,haas,12,12,12
850,2022,14,424,-0.7860548496246338,-0.8202553770758889,11,209,tsunoda,alphatauri,13,13,13
853,2022,14,424,-0.8638319373130798,-0.8895769953727722,10,49,zhou,alfa,14,14,15
845,2022,14,424,-0.8704079389572144,-0.9122157738758967,13,129,russell,mercedes,15,14,15
839,2022,14,424,-0.9414012432098389,-0.9857774249144963,14,115,stroll,aston_martin,16,16,16
852,2022,14,424,-0.9817427396774292,-1.0157376473600215,11,207,mick_schumacher,haas,17,17,17
847,2022,14,424,-1.2960381507873535,-1.3320783485065808,11,2,latifi,williams,18,18,18
831,2022,15,425,1.3226525783538818,1.3047182885083286,11,5,sainz,ferrari,1,1,2
829,2022,15,425,1.3159178495407104,1.3023369908332825,14,8,max_verstappen,red_bull,2,1,2
0,2022,15,425,1.1897633075714111,1.18050982270922,14,129,hamilton,mercedes,3,3,3
19,2022,15,425,1.131718397140503,1.1206639508406322,12,115,vettel,aston_martin,4,4,6
814,2022,15,425,1.1270453929901123,1.1206120802805974,13,8,perez,red_bull,5,4,6
842,2022,15,425,1.1112045049667358,1.106367141008377,12,5,leclerc,ferrari,6,4,6
844,2022,15,425,1.0068047046661377,0.9982891763959613,14,0,norris,mclaren,7,7,7
3,2022,15,425,0.8645553588867188,0.8567797770866981,13,210,alonso,alpine,8,8,9
816,2022,15,425,0.8454010486602783,0.8405039949076516,14,0,ricciardo,mclaren,9,8,9
846,2022,15,425,0.721851646900177,0.7133014110418466,13,2,albon,williams,10,10,10
452,2022,15,425,0.591765820980072,0.5829914609591166,12,209,gasly,alphatauri,11,11,11
838,2022,15,425,0.2535201907157898,0.24592080499444688,14,210,ocon,alpine,12,12,12
824,2022,15,425,-0.6542415618896484,-0.6592100958029429,12,207,kevin_magnussen,haas,13,13,13
853,2022,15,425,-0.9002693295478821,-0.8905490257523276,11,49,zhou,alfa,14,14,15
845,2022,15,425,-0.9061294794082642,-0.9117810385567802,14,129,russell,mercedes,15,14,15
839,2022,15,425,-0.976975679397583,-0.9851906418800354,15,115,stroll,aston_martin,16,16,16
852,2022,15,425,-1.0176900625228882,-1.0159003486235936,12,207,mick_schumacher,haas,17,17,17
847,2022,15,425,-1.3319432735443115,-1.3320670922597249,12,2,latifi,williams,18,18,18
821,2022,16,426,1.563604712486267,1.51718403895696,12,49,bottas,alfa,1,1,1
831,2022,16,426,1.3681609630584717,1.3100051780541737,12,5,sainz,ferrari,2,2,3
829,2022,16,426,1.361232042312622,1.3062633275985718,15,8,max_verstappen,red_bull,3,2,3
0,2022,16,426,1.235302448272705,1.1841626644134522,15,129,hamilton,mercedes,4,4,4
814,2022,16,426,1.172206163406372,1.1242973719324385,14,8,perez,red_bull,5,5,6
842,2022,16,426,1.1562079191207886,1.110201047017024,13,5,leclerc,ferrari,6,5,6
844,2022,16,426,1.0520087480545044,1.0018704811731973,15,0,norris,mclaren,7,7,7
452,2022,16,426,0.6370255947113037,0.5871479327862079,13,209,gasly,alphatauri,8,8,8
838,2022,16,426,0.29871249198913574,0.24944025079409282,15,210,ocon,alpine,9,9,9
824,2022,16,426,-0.6091070175170898,-0.6553560128578773,13,207,kevin_magnussen,haas,10,10,10
850,2022,16,426,-0.7773312926292419,-0.8166783700386683,12,209,tsunoda,alphatauri,11,11,11
854,2022,16,426,-0.8513241410255432,-0.8513241410255432,1,2,de_vries,williams,12,12,12
853,2022,16,426,-0.8558259606361389,-0.8876554369926453,12,49,zhou,alfa,13,13,14
845,2022,16,426,-0.8610668182373047,-0.9084000905354818,15,129,russell,mercedes,14,13,14
852,2022,16,426,-0.9728226661682129,-1.0125866807424104,13,207,mick_schumacher,haas,15,15,15
847,2022,16,426,-1.2870393991470337,-1.3286034235587487,13,2,latifi,williams,16,16,16
821,2022,17,427,1.445210576057434,1.5116476187339196,13,49,bottas,alfa,1,1,1
831,2022,17,427,1.2496551275253296,1.3053628664750319,13,5,sainz,ferrari,2,2,3
829,2022,17,427,1.242558240890503,1.3022817596793175,16,8,max_verstappen,red_bull,3,2,3
0,2022,17,427,1.1168230772018433,1.1799539402127266,16,129,hamilton,mercedes,4,4,4
814,2022,17,427,1.0533995628356934,1.1195708513259888,15,8,perez,red_bull,5,5,7
19,2022,17,427,1.0558314323425293,1.1156768340330858,13,115,vettel,aston_martin,6,5,7
842,2022,17,427,1.0372655391693115,1.1049913678850447,14,5,leclerc,ferrari,7,5,7
844,2022,17,427,0.9332395195960999,0.9975810460746288,16,0,norris,mclaren,8,8,8
816,2022,17,427,0.769392728805542,0.8357632438341777,15,0,ricciardo,mclaren,9,9,9
452,2022,17,427,0.518304705619812,0.5822305594171796,14,209,gasly,alphatauri,10,10,10
824,2022,17,427,-0.7279362678527832,-0.6605403167860848,14,207,kevin_magnussen,haas,11,11,11
845,2022,17,427,-0.979958176612854,-0.9128724709153175,16,129,russell,mercedes,12,12,12
839,2022,17,427,-1.0529552698135376,-0.9894259311258793,16,115,stroll,aston_martin,13,13,13
852,2022,17,427,-1.0918829441070557,-1.018250699554171,14,207,mick_schumacher,haas,14,14,14
821,2022,18,428,1.5436124801635742,1.513930823121752,14,49,bottas,alfa,1,1,1
829,2022,18,428,1.3407185077667236,1.3045427448609297,17,8,max_verstappen,red_bull,2,2,2
0,2022,18,428,1.2151515483856201,1.1820243877523087,17,129,hamilton,mercedes,3,3,3
814,2022,18,428,1.1514451503753662,1.1215629950165749,16,8,perez,red_bull,4,4,6
19,2022,18,428,1.1543011665344238,1.1184357149260384,14,115,vettel,aston_martin,5,4,6
842,2022,18,428,1.1351933479309082,1.1070048332214355,15,5,leclerc,ferrari,6,4,6
844,2022,18,428,1.0313172340393066,0.9995655277196098,17,0,norris,mclaren,7,7,7
3,2022,18,428,0.8900603652000427,0.859156961951937,14,210,alonso,alpine,8,8,8
816,2022,18,428,0.8677577376365662,0.8377628996968269,16,0,ricciardo,mclaren,9,9,9
452,2022,18,428,0.6164243221282959,0.5845101435979208,15,209,gasly,alphatauri,10,10,10
838,2022,18,428,0.2813873887062073,0.25143694691359997,16,210,ocon,alpine,11,11,11
824,2022,18,428,-0.6299103498458862,-0.6584983189900716,15,207,kevin_magnussen,haas,12,12,12
850,2022,18,428,-0.7949972748756409,-0.8150105934876662,13,209,tsunoda,alphatauri,13,13,13
853,2022,18,428,-0.8737987875938416,-0.8865895408850449,13,49,zhou,alfa,14,14,15
845,2022,18,428,-0.8819860816001892,-0.9110556244850159,17,129,russell,mercedes,15,14,15
839,2022,18,428,-0.9545654654502869,-0.9873753154979032,17,115,stroll,aston_martin,16,16,16
852,2022,18,428,-0.9940568804740906,-1.0166377782821656,15,207,mick_schumacher,haas,17,17,17
847,2022,18,428,-1.3046139478683472,-1.326889889580863,14,2,latifi,williams,18,18,18
829,2022,19,429,1.3336418867111206,1.3061593638526068,18,8,max_verstappen,red_bull,1,1,1
0,2022,19,429,1.2082204818725586,1.1834797263145447,18,129,hamilton,mercedes,2,2,2
814,2022,19,429,1.144269347190857,1.1228986627915327,17,8,perez,red_bull,3,3,5
19,2022,19,429,1.1474922895431519,1.1203728199005127,15,115,vettel,aston_martin,4,3,5
842,2022,19,429,1.1279157400131226,1.108311764895916,16,5,leclerc,ferrari,5,3,5
844,2022,19,429,1.0241694450378418,1.000932412015067,18,0,norris,mclaren,6,6,6
3,2022,19,429,0.882794976234436,0.8607328295707702,15,210,alonso,alpine,7,7,7
816,2022,19,429,0.8608582019805908,0.8391214468899895,17,0,ricciardo,mclaren,8,8,8
846,2022,19,429,0.7387117147445679,0.7151164327348981,14,2,albon,williams,9,9,9
452,2022,19,429,0.6093126535415649,0.5860603004693985,16,209,gasly,alphatauri,10,10,10
838,2022,19,429,0.2737750709056854,0.2527509542072521,17,210,ocon,alpine,11,11,11
824,2022,19,429,-0.6371031999588013,-0.6571611240506172,16,207,kevin_magnussen,haas,12,12,12
850,2022,19,429,-0.8029046058654785,-0.8141458800860814,14,209,tsunoda,alphatauri,13,13,13
853,2022,19,429,-0.8819714784622192,-0.8862596792834145,14,49,zhou,alfa,14,14,15
845,2022,19,429,-0.8892253637313843,-0.9098428322209252,18,129,russell,mercedes,15,14,15
852,2022,19,429,-1.0014225244522095,-1.0156868249177933,16,207,mick_schumacher,haas,16,16,16
847,2022,19,429,-1.3124421834945679,-1.32592670917511,15,2,latifi,williams,17,17,17
821,2022,20,430,1.4987691640853882,1.512920045852661,15,49,bottas,alfa,1,1,1
829,2022,20,430,1.2967548370361328,1.305664388757003,19,8,max_verstappen,red_bull,2,2,3
831,2022,20,430,1.3011919260025024,1.3050649421555656,14,5,sainz,ferrari,3,2,3
0,2022,20,430,1.1714591979980469,1.182847066929466,19,129,hamilton,mercedes,4,4,4
814,2022,20,430,1.107296347618103,1.1220318675041199,18,8,perez,red_bull,5,5,7
19,2022,20,430,1.1108366250991821,1.1197768077254295,16,115,vettel,aston_martin,6,5,7
842,2022,20,430,1.0908547639846802,1.1072848824893726,17,5,leclerc,ferrari,7,5,7
844,2022,20,430,0.9872206449508667,1.0002107400643199,19,0,norris,mclaren,8,8,8
3,2022,20,430,0.8457445502281189,0.8597960621118546,16,210,alonso,alpine,9,9,9
816,2022,20,430,0.8241242170333862,0.8382882674535116,18,0,ricciardo,mclaren,10,10,10
846,2022,20,430,0.7019952535629272,0.7142416874567667,15,2,albon,williams,11,11,11
452,2022,20,430,0.5723949670791626,0.5852564573287964,17,209,gasly,alphatauri,12,12,12
838,2022,20,430,0.23642440140247345,0.2518439234958755,18,210,ocon,alpine,13,13,13
824,2022,20,430,-0.6740908622741699,-0.6581569910049438,17,207,kevin_magnussen,haas,14,14,14
853,2022,20,430,-0.919806718826294,-0.8884961485862732,15,49,zhou,alfa,15,15,16
845,2022,20,430,-0.9262533187866211,-0.9107065420401724,19,129,russell,mercedes,16,15,16
839,2022,20,430,-0.9994195699691772,-0.9880444407463074,18,115,stroll,aston_martin,17,17,17
852,2022,20,430,-1.038559913635254,-1.0170323007247026,17,207,mick_schumacher,haas,18,18,18
847,2022,20,430,-1.3499796390533447,-1.3274300172924995,16,2,latifi,williams,19,19,19
821,2022,21,431,1.5232570171356201,1.513566106557846,16,49,bottas,alfa,1,1,1
831,2022,21,431,1.32585608959198,1.3064510186513265,15,5,sainz,ferrari,2,2,3
829,2022,21,431,1.3209145069122314,1.3064268946647644,20,8,max_verstappen,red_bull,3,2,3
0,2022,21,431,1.195727825164795,1.1834911048412322,20,129,hamilton,mercedes,4,4,4
814,2022,21,431,1.1313817501068115,1.122523966588472,19,8,perez,red_bull,5,5,7
19,2022,21,431,1.1351966857910156,1.1206838593763464,17,115,vettel,aston_martin,6,5,7
842,2022,21,431,1.1148639917373657,1.1077059441142612,18,5,leclerc,ferrari,7,5,7
3,2022,21,431,0.8697630167007446,0.8603823535582599,17,210,alonso,alpine,8,8,8
846,2022,21,431,0.726302444934845,0.7149954847991467,16,2,albon,williams,9,9,9
452,2022,21,431,0.5965283513069153,0.5858826736609141,18,209,gasly,alphatauri,10,10,10
838,2022,21,431,0.2601831555366516,0.25228283044539,19,210,ocon,alpine,11,11,11
850,2022,21,431,-0.8155835270881653,-0.8142417232195537,15,209,tsunoda,alphatauri,12,12,12
853,2022,21,431,-0.8964671492576599,-0.8889943361282349,16,49,zhou,alfa,13,13,14
845,2022,21,431,-0.9022154211997986,-0.9102819859981537,20,129,russell,mercedes,14,13,14
839,2022,21,431,-0.974941074848175,-0.9873547899095636,19,115,stroll,aston_martin,15,15,15
852,2022,21,431,-1.0146164894104004,-1.0168980889850192,18,207,mick_schumacher,haas,16,16,16
847,2022,21,431,-1.3263823986053467,-1.3273683926638435,17,2,latifi,williams,17,17,17
821,2022,22,432,1.5288069248199463,1.514462625279146,17,49,bottas,alfa,1,1,1
831,2022,22,432,1.3315587043762207,1.3080202490091324,16,5,sainz,ferrari,2,2,3
829,2022,22,432,1.3261809349060059,1.3073675632476807,21,8,max_verstappen,red_bull,3,2,3
0,2022,22,432,1.2010884284973145,1.1843290726343791,21,129,hamilton,mercedes,4,4,4
814,2022,22,432,1.136583924293518,1.1232269644737243,20,8,perez,red_bull,5,5,7
19,2022,22,432,1.1406362056732178,1.121792323059506,18,115,vettel,aston_martin,6,5,7
842,2022,22,432,1.1200002431869507,1.108353012486508,19,5,leclerc,ferrari,7,5,7
844,2022,22,432,1.0161350965499878,1.0010069578886032,20,0,norris,mclaren,8,8,8
816,2022,22,432,0.853224515914917,0.8390743857935855,19,0,ricciardo,mclaren,9,9,9
846,2022,22,432,0.731696605682373,0.7159779036746305,17,2,albon,williams,10,10,10
452,2022,22,432,0.6017720103263855,0.5867189545380441,19,209,gasly,alphatauri,11,11,11
838,2022,22,432,0.265102744102478,0.2529238261282444,20,210,ocon,alpine,12,12,12
824,2022,22,432,-0.6452100276947021,-0.657437715265486,18,207,kevin_magnussen,haas,13,13,13
850,2022,22,432,-0.8110423684120178,-0.8140417635440826,16,209,tsunoda,alphatauri,14,14,14
853,2022,22,432,-0.8919102549552917,-0.8891658607651206,17,49,zhou,alfa,15,15,16
845,2022,22,432,-0.8970543742179871,-0.9096520997229076,21,129,russell,mercedes,16,15,16
839,2022,22,432,-0.969399094581604,-0.9864570051431656,20,115,stroll,aston_martin,17,17,17
852,2022,22,432,-1.0095372200012207,-1.0165106748279773,19,207,mick_schumacher,haas,18,18,18
847,2022,22,432,-1.321602463722229,-1.3270480632781982,18,2,latifi,williams,19,19,19
821,2023,1,433,1.5355288982391357,1.5355288982391357,1,49,bottas,alfa,1,1,1
831,2023,1,433,1.3384127616882324,1.3384127616882324,1,5,sainz,ferrari,2,2,2
829,2023,1,433,1.3326574563980103,1.3326574563980103,1,8,max_verstappen,red_bull,3,3,3
0,2023,1,433,1.207646369934082,1.207646369934082,1,129,hamilton,mercedes,4,4,4
807,2023,1,433,1.1879922151565552,1.1879922151565552,1,207,hulkenberg,haas,5,5,5
814,2023,1,433,1.1430048942565918,1.1430048942565918,1,8,perez,red_bull,6,6,6
844,2023,1,433,1.022627353668213,1.022627353668213,1,0,norris,mclaren,7,7,7
3,2023,1,433,0.8807710409164429,0.8807710409164429,1,115,alonso,aston_martin,8,8,8
846,2023,1,433,0.7382837533950806,0.7382837533950806,1,2,albon,williams,9,9,9
452,2023,1,433,0.6082289218902588,0.6082289218902588,1,210,gasly,alpine,10,10,10
824,2023,1,433,-0.6387467384338379,-0.6387467384338379,1,207,kevin_magnussen,haas,11,11,11
850,2023,1,433,-0.8051929473876953,-0.8051929473876953,1,209,tsunoda,alphatauri,12,12,12
853,2023,1,433,-0.8860473036766052,-0.8860473036766052,1,49,zhou,alfa,13,13,13
845,2023,1,433,-0.8906688690185547,-0.8906688690185547,1,129,russell,mercedes,14,14,14
856,2023,1,433,-0.9148669242858887,-0.9148669242858887,1,2,sargeant,williams,15,15,15
839,2023,1,433,-0.962683916091919,-0.962683916091919,1,115,stroll,aston_martin,16,16,16
854,2023,1,433,-0.9900290966033936,-0.9900290966033936,1,209,de_vries,alphatauri,17,17,17
821,2023,2,434,1.5129433870315552,1.5242361426353455,2,49,bottas,alfa,1,1,1
831,2023,2,434,1.315941572189331,1.3271771669387817,2,5,sainz,ferrari,2,2,3
829,2023,2,434,1.3098597526550293,1.3212586045265198,2,8,max_verstappen,red_bull,3,2,3
0,2023,2,434,1.1849191188812256,1.1962827444076538,2,129,hamilton,mercedes,4,4,5
807,2023,2,434,1.1678578853607178,1.1779250502586365,2,207,hulkenberg,haas,5,4,5
814,2023,2,434,1.1201591491699219,1.1315820217132568,2,8,perez,red_bull,6,6,6
842,2023,2,434,1.1027727127075195,1.1027727127075195,1,5,leclerc,ferrari,7,7,7
844,2023,2,434,0.9998432397842407,1.0112352967262268,2,0,norris,mclaren,8,8,8
3,2023,2,434,0.8579502701759338,0.8693606555461884,2,115,alonso,aston_martin,9,9,9
452,2023,2,434,0.5854140520095825,0.5968214869499207,2,210,gasly,alpine,10,10,10
838,2023,2,434,0.24768772721290588,0.24768772721290588,1,210,ocon,alpine,11,11,11
855,2023,2,434,0.027959242463111877,0.027959242463111877,1,0,piastri,mclaren,12,12,12
824,2023,2,434,-0.6615561246871948,-0.6501514315605164,2,207,kevin_magnussen,haas,13,13,13
850,2023,2,434,-0.8285333514213562,-0.8168631494045258,2,209,tsunoda,alphatauri,14,14,14
853,2023,2,434,-0.9093759059906006,-0.8977116048336029,2,49,zhou,alfa,15,15,16
845,2023,2,434,-0.9135454297065735,-0.9021071493625641,2,129,russell,mercedes,16,15,16
856,2023,2,434,-1.058809518814087,-0.9868382215499878,2,2,sargeant,williams,17,17,18
854,2023,2,434,-1.0166279077529907,-1.0033285021781921,2,209,de_vries,alphatauri,18,17,18
821,2023,3,435,1.5299912691116333,1.5261545181274414,3,49,bottas,alfa,1,1,1
831,2023,3,435,1.3330881595611572,1.329147497812907,3,5,sainz,ferrari,2,2,3
829,2023,3,435,1.3267238140106201,1.32308034102122,3,8,max_verstappen,red_bull,3,2,3
0,2023,3,435,1.2018442153930664,1.198136568069458,3,129,hamilton,mercedes,4,4,4
807,2023,3,435,1.187026023864746,1.1809587081273396,3,207,hulkenberg,haas,5,5,5
814,2023,3,435,1.136981725692749,1.1333819230397542,3,8,perez,red_bull,6,6,6
844,2023,3,435,1.0167189836502075,1.0130631923675537,3,0,norris,mclaren,7,7,7
3,2023,3,435,0.8747944831848145,0.8711719314257304,3,115,alonso,aston_martin,8,8,8
452,2023,3,435,0.6022634506225586,0.5986354748407999,3,210,gasly,alpine,9,9,9
838,2023,3,435,0.26439952850341797,0.2560436278581619,2,210,ocon,alpine,10,10,10
855,2023,3,435,0.014411665499210358,0.021185453981161118,2,0,piastri,mclaren,11,11,11
824,2023,3,435,-0.6447019577026367,-0.6483349402745565,3,207,kevin_magnussen,haas,12,12,12
850,2023,3,435,-0.812138557434082,-0.8152882854143778,3,209,tsunoda,alphatauri,13,13,13
853,2023,3,435,-0.8929709792137146,-0.8961313962936401,3,49,zhou,alfa,14,14,14
839,2023,3,435,-0.968036413192749,-0.965360164642334,2,115,stroll,aston_martin,15,15,16
854,2023,3,435,-1.0030517578125,-1.0032362540562947,3,209,de_vries,alphatauri,16,16,17
856,2023,3,435,-1.0444374084472656,-1.006037950515747,3,2,sargeant,williams,17,15,17
821,2023,4,436,1.4832524061203003,1.5154289901256561,4,49,bottas,alfa,1,1,1
831,2023,4,436,1.2864347696304321,1.3184693157672882,4,5,sainz,ferrari,2,2,3
829,2023,4,436,1.2798264026641846,1.312266856431961,4,8,max_verstappen,red_bull,3,2,3
0,2023,4,436,1.1549993753433228,1.1873522698879242,4,129,hamilton,mercedes,4,4,5
807,2023,4,436,1.1421213150024414,1.1712493598461151,4,207,hulkenberg,haas,5,4,5
814,2023,4,436,1.09004807472229,1.1225484609603882,4,8,perez,red_bull,6,6,6
842,2023,4,436,1.0722975730895996,1.0875351428985596,2,5,leclerc,ferrari,7,7,7
844,2023,4,436,0.9698317646980286,1.0022553354501724,4,0,norris,mclaren,8,8,8
3,2023,4,436,0.827879786491394,0.8603488951921463,4,115,alonso,aston_martin,9,9,9
846,2023,4,436,0.6854715347290039,0.7118776440620422,2,2,albon,williams,10,10,10
452,2023,4,436,0.5553532242774963,0.5878149121999741,4,210,gasly,alpine,11,11,11
838,2023,4,436,0.21737028658390045,0.24315251410007477,3,210,ocon,alpine,12,12,12
855,2023,4,436,-0.03262336552143097,0.003249180813630422,3,0,piastri,mclaren,13,13,13
824,2023,4,436,-0.6916081309318542,-0.6591532379388809,4,207,kevin_magnussen,haas,14,14,14
850,2023,4,436,-0.8594420552253723,-0.8263267278671265,4,209,tsunoda,alphatauri,15,15,15
845,2023,4,436,-0.9440985321998596,-0.916104276974996,3,129,russell,mercedes,16,16,16
839,2023,4,436,-1.0148061513900757,-0.9818421602249146,3,115,stroll,aston_martin,17,17,18
856,2023,4,436,-1.0934906005859375,-1.0279011130332947,4,2,sargeant,williams,18,17,18
821,2023,5,437,1.528592586517334,1.5180617094039917,5,49,bottas,alfa,1,1,1
831,2023,5,437,1.3318488597869873,1.321145224571228,5,5,sainz,ferrari,2,2,3
829,2023,5,437,1.3250291347503662,1.3148193120956422,5,8,max_verstappen,red_bull,3,2,3
0,2023,5,437,1.2002477645874023,1.18993136882782,5,129,hamilton,mercedes,4,4,5
807,2023,5,437,1.1890480518341064,1.1748090982437134,5,207,hulkenberg,haas,5,4,5
814,2023,5,437,1.1352198123931885,1.1250827312469482,5,8,perez,red_bull,6,6,6
842,2023,5,437,1.1175698041915894,1.0975466966629028,3,5,leclerc,ferrari,7,6,7
844,2023,5,437,1.0150433778762817,1.0048129439353943,5,0,norris,mclaren,8,8,8
3,2023,5,437,0.8730678558349609,0.8628926873207092,5,115,alonso,aston_martin,9,9,9
846,2023,5,437,0.7307673692703247,0.7181742191314697,3,2,albon,williams,10,10,10
452,2023,5,437,0.6005450487136841,0.5903609395027161,5,210,gasly,alpine,11,11,11
838,2023,5,437,0.2624591886997223,0.24797918274998665,4,210,ocon,alpine,12,12,12
855,2023,5,437,0.012460581958293915,0.005552031099796295,4,0,piastri,mclaren,13,13,13
824,2023,5,437,-0.6464127898216248,-0.6566051483154297,5,207,kevin_magnussen,haas,14,14,14
850,2023,5,437,-0.8145903944969177,-0.8239794611930847,5,209,tsunoda,alphatauri,15,15,15
853,2023,5,437,-0.8933225274085999,-0.8954291790723801,4,49,zhou,alfa,16,16,17
845,2023,5,437,-0.8988936543464661,-0.9118016213178635,4,129,russell,mercedes,17,16,17
839,2023,5,437,-0.9694926142692566,-0.9787547737360001,4,115,stroll,aston_martin,18,18,19
854,2023,5,437,-1.005850076675415,-1.0038897097110748,4,209,de_vries,alphatauri,19,19,20
856,2023,5,437,-1.0501521825790405,-1.0323513269424438,5,2,sargeant,williams,20,18,20
821,2023,6,438,1.4880650043487549,1.5130622585614522,6,49,bottas,alfa,1,1,1
831,2023,6,438,1.291385293006897,1.3161852359771729,6,5,sainz,ferrari,2,2,3
829,2023,6,438,1.2843828201293945,1.3097465634346008,6,8,max_verstappen,red_bull,3,2,3
0,2023,6,438,1.1596407890319824,1.184882938861847,6,129,hamilton,mercedes,4,4,5
807,2023,6,438,1.1498926877975464,1.1706563631693523,6,207,hulkenberg,haas,5,4,5
814,2023,6,438,1.0945465564727783,1.1199933687845867,6,8,perez,red_bull,6,6,6
842,2023,6,438,1.0769834518432617,1.0924058854579926,4,5,leclerc,ferrari,7,7,7
844,2023,6,438,0.9744045734405518,0.9997448821862539,6,0,norris,mclaren,8,8,8
3,2023,6,438,0.8324084877967834,0.8578119874000549,6,115,alonso,aston_martin,9,9,9
846,2023,6,438,0.6902013421058655,0.7111809998750687,4,2,albon,williams,10,10,10
452,2023,6,438,0.5598890781402588,0.5852822959423065,6,210,gasly,alpine,11,11,11
838,2023,6,438,0.22171419858932495,0.2427261859178543,5,210,ocon,alpine,12,12,12
855,2023,6,438,-0.02828870713710785,-0.0012161165475845336,5,0,piastri,mclaren,13,13,13
850,2023,6,438,-0.85554039478302,-0.8292396167914072,6,209,tsunoda,alphatauri,14,14,14
853,2023,6,438,-0.934547483921051,-0.9032528400421143,5,49,zhou,alfa,15,15,16
845,2023,6,438,-0.9395384788513184,-0.9173489928245544,5,129,russell,mercedes,16,15,16
854,2023,6,438,-1.0491914749145508,-1.01295006275177,5,209,de_vries,alphatauri,17,17,18
856,2023,6,438,-1.0924113988876343,-1.0423613389333088,6,2,sargeant,williams,18,17,18
821,2023,7,439,1.5283931493759155,1.5152523858206612,7,49,bottas,alfa,1,1,1
831,2023,7,439,1.3317687511444092,1.318411452429635,7,5,sainz,ferrari,2,2,3
829,2023,7,439,1.3246082067489624,1.3118696553366525,7,8,max_verstappen,red_bull,3,2,3
0,2023,7,439,1.1999003887176514,1.1870282888412476,7,129,hamilton,mercedes,4,4,5
807,2023,7,439,1.1914079189300537,1.1736208711351668,7,207,hulkenberg,haas,5,4,5
814,2023,7,439,1.1347486972808838,1.1221012728554862,7,8,perez,red_bull,6,6,6
842,2023,7,439,1.1172608137130737,1.0973768711090088,5,5,leclerc,ferrari,7,7,7
844,2023,7,439,1.014636516571045,1.0018722585269384,7,0,norris,mclaren,8,8,8
3,2023,7,439,0.8726227283477783,0.859927807535444,7,115,alonso,aston_martin,9,9,9
846,2023,7,439,0.7304962873458862,0.7150440573692322,5,2,albon,williams,10,10,10
452,2023,7,439,0.6001061797142029,0.587399993624006,7,210,gasly,alpine,11,11,11
838,2023,7,439,0.2618543207645416,0.24591420839230219,6,210,ocon,alpine,12,12,12
855,2023,7,439,0.01184767484664917,0.0009611820181210836,6,0,piastri,mclaren,13,13,13
824,2023,7,439,-0.6455091238021851,-0.6547558108965555,6,207,kevin_magnussen,haas,14,14,14
850,2023,7,439,-0.8155778646469116,-0.8272879379136222,7,209,tsunoda,alphatauri,15,15,15
853,2023,7,439,-0.8948224782943726,-0.901847779750824,6,49,zhou,alfa,16,16,17
845,2023,7,439,-0.8993115425109863,-0.9143427511056265,6,129,russell,mercedes,17,16,17
839,2023,7,439,-0.9684868454933167,-0.9767011880874634,5,115,stroll,aston_martin,18,18,18
854,2023,7,439,-1.0112974643707275,-1.012674629688263,6,209,de_vries,alphatauri,19,19,20
856,2023,7,439,-1.0535812377929688,-1.043964181627546,7,2,sargeant,williams,20,19,20
821,2023,8,440,1.481658697128296,1.5110531747341156,8,49,bottas,alfa,1,1,1
831,2023,8,440,1.2850821018218994,1.3142452836036682,8,5,sainz,ferrari,2,2,3
829,2023,8,440,1.2777847051620483,1.307609036564827,8,8,max_verstappen,red_bull,3,2,3
0,2023,8,440,1.153106451034546,1.1827880591154099,8,129,hamilton,mercedes,4,4,5
807,2023,8,440,1.145700216293335,1.1701307892799377,8,207,hulkenberg,haas,5,4,5
814,2023,8,440,1.087904930114746,1.1178267300128937,8,8,perez,red_bull,6,6,6
842,2023,8,440,1.0704822540283203,1.092894434928894,6,5,leclerc,ferrari,7,7,7
844,2023,8,440,0.9678187370300293,0.9976155683398247,8,0,norris,mclaren,8,8,8
3,2023,8,440,0.8257896900177002,0.855660542845726,8,115,alonso,aston_martin,9,9,9
846,2023,8,440,0.6837331056594849,0.7098255654176077,6,2,albon,williams,10,10,10
452,2023,8,440,0.5532756447792053,0.5831344500184059,8,210,gasly,alpine,11,11,11
838,2023,8,440,0.21495704352855682,0.24149175626891,7,210,ocon,alpine,12,12,12
855,2023,8,440,-0.03505277633666992,-0.004183669175420489,7,0,piastri,mclaren,13,13,13
824,2023,8,440,-0.692517876625061,-0.6601503917149135,7,207,kevin_magnussen,haas,14,14,14
850,2023,8,440,-0.8626285195350647,-0.8317055106163025,8,209,tsunoda,alphatauri,15,15,15
853,2023,8,440,-0.9420787692070007,-0.9075950639588493,7,49,zhou,alfa,16,16,16
839,2023,8,440,-1.0154073238372803,-0.9831522107124329,6,115,stroll,aston_martin,17,17,17
854,2023,8,440,-1.0601372718811035,-1.019455007144383,7,209,de_vries,alphatauri,18,18,18
821,2023,9,441,1.543696641921997,1.5146802266438801,9,49,bottas,alfa,1,1,1
831,2023,9,441,1.3471612930297852,1.3179026179843478,9,5,sainz,ferrari,2,2,3
829,2023,9,441,1.3397457599639893,1.3111797836091783,9,8,max_verstappen,red_bull,3,2,3
0,2023,9,441,1.2150928974151611,1.18637748559316,9,129,hamilton,mercedes,4,4,4
814,2023,9,441,1.149848461151123,1.1213847001393635,9,8,perez,red_bull,5,5,6
842,2023,9,441,1.1324821710586548,1.098549825804574,7,5,leclerc,ferrari,6,5,6
844,2023,9,441,1.0297846794128418,1.0011899140146043,9,0,norris,mclaren,7,7,7
3,2023,9,441,0.8877423405647278,0.8592251870367262,9,115,alonso,aston_martin,8,8,8
846,2023,9,441,0.7457460761070251,0.7149570669446673,7,2,albon,williams,9,9,9
452,2023,9,441,0.6152303218841553,0.5867006580034891,9,210,gasly,alpine,10,10,10
838,2023,9,441,0.2768542170524597,0.24591206386685371,8,210,ocon,alpine,11,11,11
855,2023,9,441,0.02684158831834793,-0.0003055119886994362,8,0,piastri,mclaren,12,12,12
824,2023,9,441,-0.6307171583175659,-0.6564712375402451,8,207,kevin_magnussen,haas,13,13,13
850,2023,9,441,-0.8008641600608826,-0.8282786938879225,9,209,tsunoda,alphatauri,14,14,14
853,2023,9,441,-0.8804922699928284,-0.9042072147130966,8,49,zhou,alfa,15,15,16
845,2023,9,441,-0.8826549053192139,-0.9098159159932818,7,129,russell,mercedes,16,15,16
839,2023,9,441,-0.9535303115844727,-0.9789205108370099,7,115,stroll,aston_martin,17,17,17
854,2023,9,441,-0.9999205470085144,-1.0170131996273994,8,209,de_vries,alphatauri,18,18,19
856,2023,9,441,-1.0381325483322144,-1.0432352274656296,8,2,sargeant,williams,19,18,19
821,2023,10,442,1.510953426361084,1.5143075466156006,10,49,bottas,alfa,1,1,1
831,2023,10,442,1.3144540786743164,1.3175577640533447,10,5,sainz,ferrari,2,2,3
829,2023,10,442,1.3069361448287964,1.3107554197311402,10,8,max_verstappen,red_bull,3,2,3
0,2023,10,442,1.1823053359985352,1.1859702706336974,10,129,hamilton,mercedes,4,4,5
807,2023,10,442,1.1742730140686035,1.1705910364786785,9,207,hulkenberg,haas,5,4,5
814,2023,10,442,1.1170239448547363,1.1209486246109008,10,8,perez,red_bull,6,6,6
842,2023,10,442,1.0997061729431152,1.0986943691968918,8,5,leclerc,ferrari,7,7,7
844,2023,10,442,0.9969792366027832,1.0007688462734223,10,0,norris,mclaren,8,8,8
3,2023,10,442,0.8549255132675171,0.8587952196598053,10,115,alonso,aston_martin,9,9,9
846,2023,10,442,0.7129815220832825,0.7147101238369942,8,2,albon,williams,10,10,10
452,2023,10,442,0.5824155211448669,0.586272144317627,10,210,gasly,alpine,11,11,11
855,2023,10,442,-0.006025560200214386,-0.0009410729010899862,9,0,piastri,mclaren,12,12,12
850,2023,10,442,-0.8338437676429749,-0.8288352012634277,10,209,tsunoda,alphatauri,13,13,13
853,2023,10,442,-0.9136256575584412,-0.9052537083625793,9,49,zhou,alfa,14,14,15
845,2023,10,442,-0.915668249130249,-0.9105474576354027,8,129,russell,mercedes,15,14,15
839,2023,10,442,-0.9864124059677124,-0.9798569977283478,8,115,stroll,aston_martin,16,16,16
854,2023,10,442,-1.0342388153076172,-1.0189271569252014,9,209,de_vries,alphatauri,17,17,18
856,2023,10,442,-1.0721908807754517,-1.046452522277832,9,2,sargeant,williams,18,17,18
821,2023,11,443,1.4709744453430176,1.5103681737726384,11,49,bottas,alfa,1,1,1
831,2023,11,443,1.2745059728622437,1.3136439648541538,11,5,sainz,ferrari,2,2,3
829,2023,11,443,1.2668994665145874,1.3067685148932717,11,8,max_verstappen,red_bull,3,2,3
0,2023,11,443,1.1422878503799438,1.18199914151972,11,129,hamilton,mercedes,4,4,5
807,2023,11,443,1.1352794170379639,1.167059874534607,10,207,hulkenberg,haas,5,4,5
814,2023,11,443,1.0769742727279663,1.1169509562579067,11,8,perez,red_bull,6,6,6
842,2023,11,443,1.0596985816955566,1.0943615039189656,9,5,leclerc,ferrari,7,7,7
844,2023,11,443,0.9569462537765503,0.9967849742282521,11,0,norris,mclaren,8,8,8
3,2023,11,443,0.8148826360702515,0.8548031666062095,11,115,alonso,aston_martin,9,9,9
816,2023,11,443,0.7951797246932983,0.7951797246932983,1,209,ricciardo,alphatauri,10,10,10
846,2023,11,443,0.6729837656021118,0.7100738618108962,9,2,albon,williams,11,11,11
855,2023,11,443,-0.04611203819513321,-0.005458169430494308,10,0,piastri,mclaren,12,12,12
824,2023,11,443,-0.7034914493560791,-0.6616957055197822,9,207,kevin_magnussen,haas,13,13,13
850,2023,11,443,-0.8740276098251343,-0.8329436020417647,11,209,tsunoda,alphatauri,14,14,14
853,2023,11,443,-0.9539424180984497,-0.9101225793361664,10,49,zhou,alfa,15,15,16
845,2023,11,443,-0.9558812379837036,-0.9155845443407694,9,129,russell,mercedes,16,15,16
839,2023,11,443,-1.026511788368225,-0.9850408633550009,9,115,stroll,aston_martin,17,17,17
821,2023,12,444,1.5068740844726562,1.5100769996643066,12,49,bottas,alfa,1,1,1
829,2023,12,444,1.3027496337890625,1.3064336081345875,12,8,max_verstappen,red_bull,2,2,2
0,2023,12,444,1.178154468536377,1.1816787521044414,12,129,hamilton,mercedes,3,3,4
807,2023,12,444,1.1720318794250488,1.1675118749791926,11,207,hulkenberg,haas,4,3,4
814,2023,12,444,1.1128129959106445,1.1166061262289684,12,8,perez,red_bull,5,5,5
842,2023,12,444,1.095573902130127,1.0944827437400817,10,5,leclerc,ferrari,6,6,6
844,2023,12,444,0.9927995800971985,0.9964528580506643,12,0,norris,mclaren,7,7,7
3,2023,12,444,0.8507273197174072,0.8544635126988093,12,115,alonso,aston_martin,8,8,8
816,2023,12,444,0.831039309501648,0.8131095170974731,2,209,ricciardo,alphatauri,9,9,9
846,2023,12,444,0.7088675498962402,0.7099532306194305,10,2,albon,williams,10,10,10
452,2023,12,444,0.5801986455917358,0.5857200080698187,11,210,gasly,alpine,11,11,11
838,2023,12,444,0.2419879287481308,0.24547604885366228,9,210,ocon,alpine,12,12,12
824,2023,12,444,-0.6677898168563843,-0.6623051166534424,10,207,kevin_magnussen,haas,13,13,13
850,2023,12,444,-0.8383048176765442,-0.8333903700113297,12,209,tsunoda,alphatauri,14,14,14
853,2023,12,444,-0.9183347225189209,-0.9108691378073259,11,49,zhou,alfa,15,15,16
845,2023,12,444,-0.9201837182044983,-0.9160444617271424,10,129,russell,mercedes,16,15,16
839,2023,12,444,-0.9907161593437195,-0.9856083929538727,10,115,stroll,aston_martin,17,17,17
856,2023,12,444,-1.0754833221435547,-1.0493556022644044,10,2,sargeant,williams,18,18,18
821,2023,13,445,1.4937407970428467,1.5088203686934252,13,49,bottas,alfa,1,1,1
831,2023,13,445,1.2972615957260132,1.3122787674268086,12,5,sainz,ferrari,2,2,3
829,2023,13,445,1.289572834968567,1.3051366255833552,13,8,max_verstappen,red_bull,3,2,3
0,2023,13,445,1.164992094039917,1.1803951630225549,13,129,hamilton,mercedes,4,4,5
807,2023,13,445,1.1596357822418213,1.1668555339177449,12,207,hulkenberg,haas,5,4,5
814,2023,13,445,1.0996265411376953,1.1153000042988703,13,8,perez,red_bull,6,6,6
844,2023,13,445,0.9796256422996521,0.9951584568390479,13,0,norris,mclaren,7,7,7
3,2023,13,445,0.8375459909439087,0.8531621648715093,13,115,alonso,aston_martin,8,8,8
846,2023,13,445,0.6957200765609741,0.7086593075232073,11,2,albon,williams,9,9,9
452,2023,13,445,0.5667514204978943,0.584139292438825,12,210,gasly,alpine,10,10,10
838,2023,13,445,0.22846852242946625,0.24377529621124266,10,210,ocon,alpine,11,11,11
855,2023,13,445,-0.02347598969936371,-0.007096153091300617,11,0,piastri,mclaren,12,12,12
824,2023,13,445,-0.6810948252677917,-0.6640132719820196,11,207,kevin_magnussen,haas,13,13,13
850,2023,13,445,-0.8515915274620056,-0.834790459045997,13,209,tsunoda,alphatauri,14,14,14
845,2023,13,445,-0.9334922432899475,-0.9176306236873973,11,129,russell,mercedes,15,15,15
839,2023,13,445,-1.0039396286010742,-0.9872748689218,11,115,stroll,aston_martin,16,16,16
857,2023,13,445,-1.0509202480316162,-1.0509202480316162,1,209,lawson,alphatauri,17,17,17
821,2023,14,446,1.5086400508880615,1.5088074888501848,14,49,bottas,alfa,1,1,1
831,2023,14,446,1.3121893405914307,1.312271888439472,13,5,sainz,ferrari,2,2,3
829,2023,14,446,1.3044350147247314,1.305086510522025,14,8,max_verstappen,red_bull,3,2,3
0,2023,14,446,1.1798666715621948,1.1803574136325292,14,129,hamilton,mercedes,4,4,5
807,2023,14,446,1.175173282623291,1.1674953607412486,13,207,hulkenberg,haas,5,4,5
814,2023,14,446,1.1144802570343018,1.1152414509228297,14,8,perez,red_bull,6,6,6
842,2023,14,446,1.0978789329528809,1.0947914882139727,11,5,leclerc,ferrari,7,7,7
844,2023,14,446,0.9944901466369629,0.9951107203960419,14,0,norris,mclaren,8,8,8
3,2023,14,446,0.8524041771888733,0.8531080228941781,14,115,alonso,aston_martin,9,9,9
846,2023,14,446,0.7106074094772339,0.7088216493527094,12,2,albon,williams,10,10,10
452,2023,14,446,0.5813796520233154,0.5839270124068627,13,210,gasly,alpine,11,11,11
855,2023,14,446,-0.008651815354824066,-0.007225791613260905,12,0,piastri,mclaren,12,12,12
824,2023,14,446,-0.6663435697555542,-0.6642074634631475,12,207,kevin_magnussen,haas,13,13,13
853,2023,14,446,-0.9162610769271851,-0.9113184660673141,12,49,zhou,alfa,14,14,15
845,2023,14,446,-0.9187440872192383,-0.9177234123150507,12,129,russell,mercedes,15,14,15
839,2023,14,446,-0.9891180992126465,-0.9874284714460373,12,115,stroll,aston_martin,16,16,16
856,2023,14,446,-1.0744009017944336,-1.051632447676225,11,2,sargeant,williams,17,17,18
857,2023,14,446,-1.1774253845214844,-1.1141728162765503,2,209,lawson,alphatauri,18,17,18
831,2023,15,447,1.3091717958450317,1.3120504532541548,14,5,sainz,ferrari,1,1,2
829,2023,15,447,1.3013609647750854,1.3048381408055623,15,8,max_verstappen,red_bull,2,1,2
0,2023,15,447,1.1768031120300293,1.1801204601923625,15,129,hamilton,mercedes,3,3,4
807,2023,15,447,1.1726831197738647,1.1678659149578638,14,207,hulkenberg,haas,4,3,4
814,2023,15,447,1.1113989353179932,1.1149852832158407,15,8,perez,red_bull,5,5,5
842,2023,15,447,1.094742774963379,1.0947874287764232,12,5,leclerc,ferrari,6,6,6
844,2023,15,447,0.9914181232452393,0.994864547252655,15,0,norris,mclaren,7,7,7
3,2023,15,447,0.8493265509605408,0.852855924765269,15,115,alonso,aston_martin,8,8,8
846,2023,15,447,0.7075550556182861,0.7087242190654461,13,2,albon,williams,9,9,9
452,2023,15,447,0.5781030654907227,0.5835110161985669,14,210,gasly,alpine,10,10,10
855,2023,15,447,-0.011758878827095032,-0.007574490629709684,13,0,piastri,mclaren,11,11,11
824,2023,15,447,-0.6695138216018677,-0.6646156448584336,13,207,kevin_magnussen,haas,12,12,12
853,2023,15,447,-0.9195972681045532,-0.9119552969932556,13,49,zhou,alfa,13,13,14
845,2023,15,447,-0.9219169616699219,-0.9180459930346563,13,129,russell,mercedes,14,13,14
856,2023,15,447,-1.078594446182251,-1.0538792808850606,12,2,sargeant,williams,15,15,15
857,2023,15,447,-1.182112216949463,-1.1368192831675212,3,209,lawson,alphatauri,16,16,16
831,2023,16,448,1.3314003944396973,1.3133404493331908,15,5,sainz,ferrari,1,1,2
829,2023,16,448,1.3235406875610352,1.3060070499777794,16,8,max_verstappen,red_bull,2,1,2
0,2023,16,448,1.198992133140564,1.181299939751625,16,129,hamilton,mercedes,3,3,4
807,2023,16,448,1.1953679323196411,1.1696993827819824,15,207,hulkenberg,haas,4,3,4
842,2023,16,448,1.1168689727783203,1.0964860090842614,13,5,leclerc,ferrari,5,5,5
844,2023,16,448,1.0135996341705322,0.9960354901850224,16,0,norris,mclaren,6,6,6
3,2023,16,448,0.8715031743049622,0.8540213778614998,16,115,alonso,aston_martin,7,7,7
452,2023,16,448,0.600107729434967,0.5846174637476603,15,210,gasly,alpine,8,8,8
838,2023,16,448,0.2619529068470001,0.24542780626903882,11,210,ocon,alpine,9,9,9
855,2023,16,448,0.010392315685749054,-0.006291147321462631,14,0,piastri,mclaren,10,10,10
824,2023,16,448,-0.6474171876907349,-0.6633871836321694,14,207,kevin_magnussen,haas,11,11,11
850,2023,16,448,-0.817905843257904,-0.8335844150611332,14,209,tsunoda,alphatauri,12,12,12
853,2023,16,448,-0.8976441621780396,-0.9109330730778831,14,49,zhou,alfa,13,13,14
845,2023,16,448,-0.8998226523399353,-0.9167443258421761,14,129,russell,mercedes,14,13,14
857,2023,16,448,-1.1613273620605469,-1.1429463028907776,4,209,lawson,alphatauri,15,15,15
821,2023,17,449,1.541453242301941,1.5109838724136353,15,49,bottas,alfa,1,1,1
829,2023,17,449,1.3382290601730347,1.3079024623422062,17,8,max_verstappen,red_bull,2,2,2
807,2023,17,449,1.2104933261871338,1.1722490042448044,16,207,hulkenberg,haas,3,3,3
814,2023,17,449,1.1472558975219727,1.117002196609974,16,8,perez,red_bull,4,4,4
842,2023,17,449,1.1315109729766846,1.0989877922194344,14,5,leclerc,ferrari,5,5,5
844,2023,17,449,1.028289556503296,0.9979327882037443,17,0,norris,mclaren,6,6,6
3,2023,17,449,0.8861889839172363,0.8559135899824255,17,115,alonso,aston_martin,7,7,7
846,2023,17,449,0.7434371709823608,0.71120371563094,14,2,albon,williams,8,8,8
452,2023,17,449,0.6146445870399475,0.5864941589534283,16,210,gasly,alpine,9,9,9
838,2023,17,449,0.2764100730419159,0.24800966183344522,12,210,ocon,alpine,10,10,10
855,2023,17,449,0.02505607157945633,-0.004201332728068034,15,0,piastri,mclaren,11,11,11
824,2023,17,449,-0.6328006982803345,-0.6613480846087137,15,207,kevin_magnussen,haas,12,12,12
850,2023,17,449,-0.8032745122909546,-0.8315637548764546,15,209,tsunoda,alphatauri,13,13,13
853,2023,17,449,-0.8831517696380615,-0.9090809861818949,15,49,zhou,alfa,14,14,15
845,2023,17,449,-0.8852081298828125,-0.9146419127782186,15,129,russell,mercedes,15,14,15
839,2023,17,449,-0.9563723802566528,-0.9850395413545462,13,115,stroll,aston_martin,16,16,16
857,2023,17,449,-1.1478453874588013,-1.1439261198043824,5,209,lawson,alphatauri,17,17,17
821,2023,18,450,1.4967896938323975,1.510096736252308,16,49,bottas,alfa,1,1,1
831,2023,18,450,1.2998181581497192,1.312495306134224,16,5,sainz,ferrari,2,2,3
829,2023,18,450,1.2934008836746216,1.307096819082896,18,8,max_verstappen,red_bull,3,2,3
0,2023,18,450,1.1673755645751953,1.180480858858894,17,129,hamilton,mercedes,4,4,5
807,2023,18,450,1.1660431623458862,1.1718839547213387,17,207,hulkenberg,haas,5,4,5
814,2023,18,450,1.102557897567749,1.1161525319604313,17,8,perez,red_bull,6,6,6
842,2023,18,450,1.0866429805755615,1.0981648047765096,15,5,leclerc,ferrari,7,7,7
844,2023,18,450,0.9834626913070679,0.9971288939317068,18,0,norris,mclaren,8,8,8
816,2023,18,450,0.81961989402771,0.8152796427408854,3,209,ricciardo,alphatauri,9,9,9
846,2023,18,450,0.6987610459327698,0.7103742043177287,15,2,albon,williams,10,10,10
452,2023,18,450,0.5696854591369629,0.5855054119054008,17,210,gasly,alpine,11,11,11
824,2023,18,450,-0.677690863609314,-0.6623695082962513,16,207,kevin_magnussen,haas,12,12,12
850,2023,18,450,-0.8481520414352417,-0.8326005227863789,16,209,tsunoda,alphatauri,13,13,13
853,2023,18,450,-0.9281494617462158,-0.910272765904665,16,49,zhou,alfa,14,14,15
845,2023,18,450,-0.93010014295578,-0.9156080521643162,16,129,russell,mercedes,15,14,15
839,2023,18,450,-1.001094102859497,-0.986186295747757,14,115,stroll,aston_martin,16,16,16
856,2023,18,450,-1.0900126695632935,-1.0566587723218477,13,2,sargeant,williams,17,17,17
821,2023,19,451,1.5005390644073486,1.5095345202614279,17,49,bottas,alfa,1,1,1
831,2023,19,451,1.3036623001098633,1.3119757175445557,17,5,sainz,ferrari,2,2,3
829,2023,19,451,1.2970080375671387,1.3065658305820667,19,8,max_verstappen,red_bull,3,2,3
0,2023,19,451,1.1711900234222412,1.1799647013346355,18,129,hamilton,mercedes,4,4,5
807,2023,19,451,1.1699771881103516,1.1717780232429504,18,207,hulkenberg,haas,5,4,5
842,2023,19,451,1.0902154445648193,1.097667969763279,16,5,leclerc,ferrari,6,6,6
844,2023,19,451,0.9870709776878357,0.9965995299188715,19,0,norris,mclaren,7,7,7
816,2023,19,451,0.8235147595405579,0.8173384219408035,4,209,ricciardo,alphatauri,8,8,8
846,2023,19,451,0.7024995684623718,0.7098820395767689,16,2,albon,williams,9,9,9
452,2023,19,451,0.5731791853904724,0.5848206215434604,18,210,gasly,alpine,10,10,10
838,2023,19,451,0.23578868806362152,0.24706958692807418,13,210,ocon,alpine,11,11,11
855,2023,19,451,-0.01538664847612381,-0.00490041496232152,16,0,piastri,mclaren,12,12,12
850,2023,19,451,-0.8445877432823181,-0.833305653403787,17,209,tsunoda,alphatauri,13,13,13
853,2023,19,451,-0.9246890544891357,-0.9111207828802221,17,49,zhou,alfa,14,14,15
845,2023,19,451,-0.9265483021736145,-0.9162515962825102,17,129,russell,mercedes,15,14,15
839,2023,19,451,-0.9973949790000916,-0.9869335412979126,15,115,stroll,aston_martin,16,16,16
856,2023,19,451,-1.086907148361206,-1.0588193706103735,14,2,sargeant,williams,17,17,17
831,2023,20,452,1.2659125328063965,1.309416651725769,18,5,sainz,ferrari,1,1,2
829,2023,20,452,1.2590529918670654,1.3041901886463165,20,8,max_verstappen,red_bull,2,1,2
0,2023,20,452,1.133414387702942,1.1775146848277043,19,129,hamilton,mercedes,3,3,4
807,2023,20,452,1.1323051452636719,1.1697005033493042,19,207,hulkenberg,haas,4,3,4
814,2023,20,452,1.068816065788269,1.1135227282842,18,8,perez,red_bull,5,5,5
844,2023,20,452,0.9491169452667236,0.9942254006862641,20,0,norris,mclaren,6,6,6
3,2023,20,452,0.8083036541938782,0.8532685935497284,18,115,alonso,aston_martin,7,7,7
816,2023,20,452,0.7858086824417114,0.8110324740409851,5,209,ricciardo,alphatauri,8,8,8
452,2023,20,452,0.5351262092590332,0.5822051261600695,19,210,gasly,alpine,9,9,9
838,2023,20,452,0.19755281507968903,0.24353267465318953,14,210,ocon,alpine,10,10,10
855,2023,20,452,-0.053467974066734314,-0.007757330203757566,17,0,piastri,mclaren,11,11,11
850,2023,20,452,-0.8825796842575073,-0.836043099562327,18,209,tsunoda,alphatauri,12,12,12
839,2023,20,452,-1.0352703332901,-0.9899545907974243,16,115,stroll,aston_martin,13,13,13
856,2023,20,452,-1.125295877456665,-1.0632511377334595,15,2,sargeant,williams,14,14,14
821,2023,21,453,1.5081942081451416,1.5094600584771898,18,49,bottas,alfa,1,1,1
831,2023,21,453,1.3094642162322998,1.3094191551208496,19,5,sainz,ferrari,2,2,3
829,2023,21,453,1.3024272918701172,1.3041062411807833,21,8,max_verstappen,red_bull,3,2,3
0,2023,21,453,1.1769437789916992,1.177486139535904,20,129,hamilton,mercedes,4,4,5
807,2023,21,453,1.1759239435195923,1.1700116753578187,20,207,hulkenberg,haas,5,4,5
814,2023,21,453,1.112221121788025,1.1134542226791382,19,8,perez,red_bull,6,6,6
842,2023,21,453,1.0977171659469604,1.0976708636564367,17,5,leclerc,ferrari,7,7,7
3,2023,21,453,0.85150146484375,0.8531755867757296,19,115,alonso,aston_martin,8,8,8
816,2023,21,453,0.8293982744216919,0.8140934407711029,6,209,ricciardo,alphatauri,9,9,9
846,2023,21,453,0.710145115852356,0.7098975146518034,17,2,albon,williams,10,10,10
452,2023,21,453,0.5784156918525696,0.5820156544446945,20,210,gasly,alpine,11,11,11
838,2023,21,453,0.24068404734134674,0.24334276616573333,15,210,ocon,alpine,12,12,12
855,2023,21,453,-0.010203033685684204,-0.007893202619420158,18,0,piastri,mclaren,13,13,13
824,2023,21,453,-0.6661124229431152,-0.6625896797460669,17,207,kevin_magnussen,haas,14,14,14
850,2023,21,453,-0.8392373919487,-0.8362112202142414,19,209,tsunoda,alphatauri,15,15,15
853,2023,21,453,-0.9172841310501099,-0.9114631911118826,18,49,zhou,alfa,16,16,17
845,2023,21,453,-0.9190642237663269,-0.9164078533649445,18,129,russell,mercedes,17,16,17
839,2023,21,453,-0.9918273091316223,-0.990064750699436,17,115,stroll,aston_martin,18,18,18
856,2023,21,453,-1.0822968482971191,-1.0644414946436882,16,2,sargeant,williams,19,19,19
821,2023,22,454,1.497328519821167,1.5088215564426624,19,49,bottas,alfa,1,1,1
831,2023,22,454,1.2989306449890137,1.308894729614258,20,5,sainz,ferrari,2,2,3
829,2023,22,454,1.2917404174804688,1.3035441582853144,22,8,max_verstappen,red_bull,3,2,3
0,2023,22,454,1.166391134262085,1.1769578059514363,21,129,hamilton,mercedes,4,4,5
807,2023,22,454,1.165448784828186,1.1697943948564076,21,207,hulkenberg,haas,5,4,5
814,2023,22,454,1.1015608310699463,1.1128595530986787,20,8,perez,red_bull,6,6,7
842,2023,22,454,1.086719274520874,1.0970624420377943,18,5,leclerc,ferrari,7,6,7
844,2023,22,454,0.981585681438446,0.9936235092935108,21,0,norris,mclaren,8,8,8
3,2023,22,454,0.840661883354187,0.8525499016046524,20,115,alonso,aston_martin,9,9,9
816,2023,22,454,0.8188976049423218,0.8147797499384198,7,209,ricciardo,alphatauri,10,10,10
846,2023,22,454,0.6992713809013367,0.7093071738878886,18,2,albon,williams,11,11,11
452,2023,22,454,0.5676554441452026,0.5813318349066234,21,210,gasly,alpine,12,12,12
838,2023,22,454,0.22978699207305908,0.2424955302849412,16,210,ocon,alpine,13,13,13
855,2023,22,454,-0.020984478294849396,-0.008582217128653275,19,0,piastri,mclaren,14,14,14
824,2023,22,454,-0.6771975755691528,-0.663401229514016,18,207,kevin_magnussen,haas,15,15,15
850,2023,22,454,-0.849951982498169,-0.8368982583284378,20,209,tsunoda,alphatauri,16,16,16
853,2023,22,454,-0.92836594581604,-0.9123528097805224,19,49,zhou,alfa,17,17,18
845,2023,22,454,-0.9300776720046997,-0.917127317503879,19,129,russell,mercedes,18,17,18
839,2023,22,454,-1.0024546384811401,-0.9907530777984195,18,115,stroll,aston_martin,19,19,19
856,2023,22,454,-1.0933082103729248,-1.066139536745408,17,2,sargeant,williams,20,20,20
821,2024,1,455,1.483016848564148,1.483016848564148,1,14,bottas,sauber,1,1,1
831,2024,1,455,1.2849061489105225,1.2849061489105225,1,5,sainz,ferrari,2,2,2
829,2024,1,455,1.277583122253418,1.277583122253418,1,8,max_verstappen,red_bull,3,3,3
0,2024,1,455,1.1523499488830566,1.1523499488830566,1,129,hamilton,mercedes,4,4,4
807,2024,1,455,1.1514744758605957,1.1514744758605957,1,207,hulkenberg,haas,5,5,5
814,2024,1,455,1.0874266624450684,1.0874266624450684,1,8,perez,red_bull,6,6,6
842,2024,1,455,1.0722928047180176,1.0722928047180176,1,5,leclerc,ferrari,7,7,7
844,2024,1,455,0.9674588441848755,0.9674588441848755,1,0,norris,mclaren,8,8,8
3,2024,1,455,0.8263725638389587,0.8263725638389587,1,115,alonso,aston_martin,9,9,9
846,2024,1,455,0.6849525570869446,0.6849525570869446,1,2,albon,williams,10,10,10
452,2024,1,455,0.5534347295761108,0.5534347295761108,1,210,gasly,alpine,11,11,11
838,2024,1,455,0.21544787287712097,0.21544787287712097,1,210,ocon,alpine,12,12,12
855,2024,1,455,-0.03522355109453201,-0.03522355109453201,1,0,piastri,mclaren,13,13,13
824,2024,1,455,-0.6916993856430054,-0.6916993856430054,1,207,kevin_magnussen,haas,14,14,14
853,2024,1,455,-0.9428648948669434,-0.9428648948669434,1,14,zhou,sauber,15,15,15
845,2024,1,455,-0.9445174932479858,-0.9445174932479858,1,129,russell,mercedes,16,16,16
839,2024,1,455,-1.0165603160858154,-1.0165603160858154,1,115,stroll,aston_martin,17,17,17
856,2024,1,455,-1.1077463626861572,-1.1077463626861572,1,2,sargeant,williams,18,18,18
821,2024,2,456,1.4745988845825195,1.4788078665733337,2,14,bottas,sauber,1,1,1
829,2024,2,456,1.269298791885376,1.273440957069397,2,8,max_verstappen,red_bull,2,2,2
0,2024,2,456,1.144166111946106,1.1482580304145813,2,129,hamilton,mercedes,3,3,4
807,2024,2,456,1.1433484554290771,1.1474114656448364,2,207,hulkenberg,haas,4,3,4
814,2024,2,456,1.0791622400283813,1.0832944512367249,2,8,perez,red_bull,5,5,5
842,2024,2,456,1.063775897026062,1.0680343508720398,2,5,leclerc,ferrari,6,6,6
844,2024,2,456,0.9592007994651794,0.9633298218250275,2,0,norris,mclaren,7,7,7
3,2024,2,456,0.8179740309715271,0.8221732974052429,2,115,alonso,aston_martin,8,8,8
846,2024,2,456,0.6765284538269043,0.6807405054569244,2,2,albon,williams,9,9,9
838,2024,2,456,0.2070062756538391,0.21122707426548004,2,210,ocon,alpine,10,10,10
855,2024,2,456,-0.043578580021858215,-0.039401065558195114,2,0,piastri,mclaren,11,11,11
824,2024,2,456,-0.7002816796302795,-0.6959905326366425,2,207,kevin_magnussen,haas,12,12,12
853,2024,2,456,-0.951444685459137,-0.9471547901630402,2,14,zhou,sauber,13,13,14
845,2024,2,456,-0.9530460238456726,-0.9487817585468292,2,129,russell,mercedes,14,13,14
856,2024,2,456,-1.1162734031677246,-1.112009882926941,2,2,sargeant,williams,15,15,15
821,2024,3,457,1.4848215579986572,1.480812430381775,3,14,bottas,sauber,1,1,1
831,2024,3,457,1.2881724834442139,1.2865393161773682,2,5,sainz,ferrari,2,2,2
807,2024,3,457,1.1538238525390625,1.1495489279429119,3,207,hulkenberg,haas,3,3,3
814,2024,3,457,1.0895178318023682,1.0853689114252727,3,8,perez,red_bull,4,4,4
842,2024,3,457,1.0739127397537231,1.0699938138326008,3,5,leclerc,ferrari,5,5,5
844,2024,3,457,0.969561755657196,0.965407133102417,3,0,norris,mclaren,6,6,6
3,2024,3,457,0.8282134532928467,0.8241866827011108,3,115,alonso,aston_martin,7,7,7
846,2024,3,457,0.6867457628250122,0.6827422579129537,3,2,albon,williams,8,8,8
452,2024,3,457,0.5565313100814819,0.5549830198287964,2,210,gasly,alpine,9,9,9
838,2024,3,457,0.21720856428146362,0.2132209042708079,3,210,ocon,alpine,10,10,10
855,2024,3,457,-0.033301517367362976,-0.03736788282791773,3,0,piastri,mclaren,11,11,11
824,2024,3,457,-0.6902011632919312,-0.694060742855072,3,207,kevin_magnussen,haas,12,12,12
853,2024,3,457,-0.9413619637489319,-0.945223848025004,3,14,zhou,sauber,13,13,14
845,2024,3,457,-0.9429190754890442,-0.9468275308609009,3,129,russell,mercedes,14,13,14
839,2024,3,457,-1.013364315032959,-1.0149623155593872,2,115,stroll,aston_martin,15,15,15
821,2024,4,458,1.4594101905822754,1.4754618704319,4,14,bottas,sauber,1,1,1
831,2024,4,458,1.2628121376037598,1.278630256652832,3,5,sainz,ferrari,2,2,3
829,2024,4,458,1.2547602653503418,1.267214059829712,3,8,max_verstappen,red_bull,3,2,3
807,2024,4,458,1.1286306381225586,1.1443193554878235,4,207,hulkenberg,haas,4,4,5
0,2024,4,458,1.1297144889831543,1.142076849937439,3,129,hamilton,mercedes,5,4,5
814,2024,4,458,1.0642211437225342,1.080081969499588,4,8,perez,red_bull,6,6,6
842,2024,4,458,1.0484271049499512,1.0646021366119385,4,5,leclerc,ferrari,7,7,7
844,2024,4,458,0.9442699551582336,0.9601228386163712,4,0,norris,mclaren,8,8,8
3,2024,4,458,0.8028165102005005,0.8188441395759583,4,115,alonso,aston_martin,9,9,9
452,2024,4,458,0.5310242176055908,0.5469967524210612,3,210,gasly,alpine,10,10,10
838,2024,4,458,0.19177933037281036,0.20786051079630852,4,210,ocon,alpine,11,11,11
855,2024,4,458,-0.05866597592830658,-0.042692406103014946,4,0,piastri,mclaren,12,12,12
824,2024,4,458,-0.7157357335090637,-0.69947949051857,4,207,kevin_magnussen,haas,13,13,13
845,2024,4,458,-0.9684134125709534,-0.952224001288414,4,129,russell,mercedes,14,14,14
839,2024,4,458,-1.038785457611084,-1.0229033629099529,3,115,stroll,aston_martin,15,15,15
856,2024,4,458,-1.1310219764709473,-1.1183472474416096,3,2,sargeant,williams,16,16,16
831,2024,5,459,1.3048069477081299,1.2851744294166565,4,5,sainz,ferrari,1,1,2
829,2024,5,459,1.296738862991333,1.2745952606201172,4,8,max_verstappen,red_bull,2,1,2
807,2024,5,459,1.1707704067230225,1.1496095657348633,5,207,hulkenberg,haas,3,3,4
0,2024,5,459,1.171768069267273,1.1494996547698975,4,129,hamilton,mercedes,4,3,4
814,2024,5,459,1.1062712669372559,1.0853198289871215,5,8,perez,red_bull,5,5,6
842,2024,5,459,1.0903135538101196,1.0697444200515747,5,5,leclerc,ferrari,6,5,6
844,2024,5,459,0.9863240718841553,0.965363085269928,5,0,norris,mclaren,7,7,7
3,2024,5,459,0.8447797298431396,0.8240312576293946,5,115,alonso,aston_martin,8,8,8
846,2024,5,459,0.7048623561859131,0.6882722824811935,4,2,albon,williams,9,9,9
452,2024,5,459,0.5728921294212341,0.5534705966711044,4,210,gasly,alpine,10,10,10
838,2024,5,459,0.2337147295475006,0.21303135454654692,5,210,ocon,alpine,11,11,11
855,2024,5,459,-0.016674600541591644,-0.03748884499073028,5,0,piastri,mclaren,12,12,12
824,2024,5,459,-0.6738914251327515,-0.6943618774414062,5,207,kevin_magnussen,haas,13,13,13
853,2024,5,459,-0.9233618974685669,-0.9397583603858948,4,14,zhou,sauber,14,14,15
845,2024,5,459,-0.9265344142913818,-0.9470860838890076,5,129,russell,mercedes,15,14,15
839,2024,5,459,-0.996843159198761,-1.0163883119821548,4,115,stroll,aston_martin,16,16,16
856,2024,5,459,-1.0892252922058105,-1.11106675863266,4,2,sargeant,williams,17,17,17
821,2024,6,460,1.450385570526123,1.4704466104507445,5,14,bottas,sauber,1,1,1
831,2024,6,460,1.2544606924057007,1.2790316820144654,5,5,sainz,ferrari,2,2,3
829,2024,6,460,1.2463781833648682,1.2689518451690673,5,8,max_verstappen,red_bull,3,2,3
807,2024,6,460,1.120549201965332,1.1447661717732747,6,207,hulkenberg,haas,4,4,5
0,2024,6,460,1.1214724779129028,1.1438942193984984,5,129,hamilton,mercedes,5,4,5
814,2024,6,460,1.055972695350647,1.0804286400477092,6,8,perez,red_bull,6,6,7
842,2024,6,460,1.0398733615875244,1.0647659103075664,6,5,leclerc,ferrari,7,6,7
844,2024,6,460,0.9360290169715881,0.9604740738868713,6,0,norris,mclaren,8,8,8
3,2024,6,460,0.7944058775901794,0.8190936942895254,6,115,alonso,aston_martin,9,9,9
846,2024,6,460,0.6542600989341736,0.6814698457717896,5,2,albon,williams,10,10,10
452,2024,6,460,0.5224359631538391,0.5472636699676514,5,210,gasly,alpine,11,11,11
838,2024,6,460,0.18331685662269592,0.2080789382259051,6,210,ocon,alpine,12,12,12
855,2024,6,460,-0.06702400743961334,-0.04241137206554413,6,0,piastri,mclaren,13,13,13
824,2024,6,460,-0.7243680953979492,-0.6993629137674967,6,207,kevin_magnussen,haas,14,14,14
853,2024,6,460,-0.974064826965332,-0.9466196537017822,5,14,zhou,sauber,15,15,16
845,2024,6,460,-0.9769810438156128,-0.9520685772101084,6,129,russell,mercedes,16,15,16
839,2024,6,460,-1.0472350120544434,-1.0225576519966126,5,115,stroll,aston_martin,17,17,17
821,2024,7,461,1.4844179153442383,1.472775161266327,6,14,bottas,sauber,1,1,1
831,2024,7,461,1.2884464263916016,1.2806008060773213,6,5,sainz,ferrari,2,2,3
829,2024,7,461,1.2803516387939453,1.2708518107732136,6,8,max_verstappen,red_bull,3,2,3
807,2024,7,461,1.1546432971954346,1.1461771896907262,7,207,hulkenberg,haas,4,4,5
0,2024,7,461,1.1555023193359375,1.145828902721405,6,129,hamilton,mercedes,5,4,5
814,2024,7,461,1.0899996757507324,1.0817959308624268,7,8,perez,red_bull,6,6,6
842,2024,7,461,1.0737781524658203,1.066053373473031,7,5,leclerc,ferrari,7,7,7
844,2024,7,461,0.9700591564178467,0.9618433713912964,7,0,norris,mclaren,8,8,8
3,2024,7,461,0.828368067741394,0.8204186047826495,7,115,alonso,aston_martin,9,9,9
452,2024,7,461,0.5563267469406128,0.5487741827964783,6,210,gasly,alpine,10,10,10
838,2024,7,461,0.21725809574127197,0.20939024644238607,7,210,ocon,alpine,11,11,11
855,2024,7,461,-0.033040836453437805,-0.04107272412095751,7,0,piastri,mclaren,12,12,12
824,2024,7,461,-0.6904950141906738,-0.6980960709708077,7,207,kevin_magnussen,haas,13,13,13
853,2024,7,461,-0.9403875470161438,-0.9455809692541758,6,14,zhou,sauber,14,14,15
845,2024,7,461,-0.9430819153785706,-0.9507847683770316,7,129,russell,mercedes,15,14,15
839,2024,7,461,-1.0132884979248047,-1.0210127929846446,6,115,stroll,aston_martin,16,16,16
856,2024,7,461,-1.1040072441101074,-1.1096548557281494,5,2,sargeant,williams,17,17,17
821,2024,8,462,1.4835529327392578,1.474314842905317,7,14,bottas,sauber,1,1,1
831,2024,8,462,1.287541151046753,1.2815922839300973,7,5,sainz,ferrari,2,2,3
829,2024,8,462,1.279435634613037,1.2720780713217599,7,8,max_verstappen,red_bull,3,2,3
0,2024,8,462,1.154634952545166,1.1470869098390852,7,129,hamilton,mercedes,4,4,4
842,2024,8,462,1.0728025436401367,1.0668970197439194,8,5,leclerc,ferrari,5,5,5
844,2024,8,462,0.9691921472549438,0.9627619683742523,8,0,norris,mclaren,6,6,6
3,2024,8,462,0.8274421691894531,0.8212965503334999,8,115,alonso,aston_martin,7,7,7
846,2024,8,462,0.6870249509811401,0.6823956966400146,6,2,albon,williams,8,8,8
452,2024,8,462,0.5553392171859741,0.5497120448521206,7,210,gasly,alpine,9,9,9
855,2024,8,462,-0.03394850343465805,-0.04018219653517008,8,0,piastri,mclaren,10,10,10
853,2024,8,462,-0.9415596723556519,-0.9450064982686724,7,14,zhou,sauber,11,11,12
845,2024,8,462,-0.9440622329711914,-0.9499444514513016,8,129,russell,mercedes,12,11,12
839,2024,8,462,-1.0142278671264648,-1.0200435178620475,7,115,stroll,aston_martin,13,13,13
856,2024,8,462,-1.1052970886230469,-1.1089285612106323,6,2,sargeant,williams,14,14,14
821,2024,9,463,1.506352424621582,1.4783195406198502,8,14,bottas,sauber,1,1,1
829,2024,9,463,1.3021910190582275,1.2758421897888184,8,8,max_verstappen,red_bull,2,2,2
0,2024,9,463,1.1774324178695679,1.1508800983428955,8,129,hamilton,mercedes,3,3,4
807,2024,9,463,1.176559567451477,1.14997498691082,8,207,hulkenberg,haas,4,3,4
844,2024,9,463,0.9919899702072144,0.9660095241334703,9,0,norris,mclaren,5,5,5
3,2024,9,463,0.8501890897750854,0.8245068324936761,9,115,alonso,aston_martin,6,6,6
452,2024,9,463,0.5780327320098877,0.5532521307468414,8,210,gasly,alpine,7,7,7
838,2024,9,463,0.23904211819171906,0.2130967304110527,8,210,ocon,alpine,8,8,8
855,2024,9,463,-0.011185877025127411,-0.03696038325627645,9,0,piastri,mclaren,9,9,9
824,2024,9,463,-0.668769896030426,-0.69443029910326,8,207,kevin_magnussen,haas,10,10,10
853,2024,9,463,-0.9190258383750916,-0.9417589157819748,8,14,zhou,sauber,11,11,12
845,2024,9,463,-0.9213624000549316,-0.946768667962816,9,129,russell,mercedes,12,11,12
839,2024,9,463,-0.9914928078651428,-1.0164746791124344,8,115,stroll,aston_martin,13,13,13
821,2024,10,464,1.47965669631958,1.4784681134753757,9,14,bottas,sauber,1,1,1
831,2024,10,464,1.2825253009796143,1.281708911061287,8,5,sainz,ferrari,2,2,3
829,2024,10,464,1.2754571437835693,1.2757994068993463,9,8,max_verstappen,red_bull,3,2,3
0,2024,10,464,1.1507346630096436,1.150863938861423,9,129,hamilton,mercedes,4,4,5
807,2024,10,464,1.1499195098876953,1.1499688227971394,9,207,hulkenberg,haas,5,4,5
814,2024,10,464,1.0840774774551392,1.0820811241865158,8,8,perez,red_bull,6,6,6
842,2024,10,464,1.0677260160446167,1.066989130443997,9,5,leclerc,ferrari,7,7,7
844,2024,10,464,0.9652926325798035,0.9659378349781036,10,0,norris,mclaren,8,8,8
3,2024,10,464,0.8234476447105408,0.8244009137153625,10,115,alonso,aston_martin,9,9,9
846,2024,10,464,0.6818303465843201,0.682314932346344,7,2,albon,williams,10,10,10
452,2024,10,464,0.5512452125549316,0.5530291398366293,9,210,gasly,alpine,11,11,11
838,2024,10,464,0.21228773891925812,0.21300684246751997,9,210,ocon,alpine,12,12,12
855,2024,10,464,-0.03791360557079315,-0.037055705487728116,10,0,piastri,mclaren,13,13,13
824,2024,10,464,-0.6955753564834595,-0.6945575277010599,9,207,kevin_magnussen,haas,14,14,14
853,2024,10,464,-0.945951521396637,-0.9422247608502706,9,14,zhou,sauber,15,15,16
845,2024,10,464,-0.9481446146965027,-0.9469062626361847,10,129,russell,mercedes,16,15,16
839,2024,10,464,-1.0182442665100098,-1.0166712999343872,9,115,stroll,aston_martin,17,17,17
856,2024,10,464,-1.1106455326080322,-1.1091738428388322,7,2,sargeant,williams,18,18,18
821,2024,11,465,1.4794573783874512,1.4785670399665833,10,14,bottas,sauber,1,1,1
831,2024,11,465,1.2824424505233765,1.2817904154459636,9,5,sainz,ferrari,2,2,3
829,2024,11,465,1.2752251625061035,1.275741982460022,10,8,max_verstappen,red_bull,3,2,3
0,2024,11,465,1.1505341529846191,1.1508309602737428,10,129,hamilton,mercedes,4,4,5
807,2024,11,465,1.1497687101364136,1.149948811531067,10,207,hulkenberg,haas,5,4,5
814,2024,11,465,1.0840305089950562,1.082297722498576,9,8,perez,red_bull,6,6,6
842,2024,11,465,1.0675908327102661,1.0670493006706239,10,5,leclerc,ferrari,7,7,7
844,2024,11,465,0.9650922417640686,0.9658609628677368,11,0,norris,mclaren,8,8,8
3,2024,11,465,0.8232092261314392,0.8242925784804604,11,115,alonso,aston_martin,9,9,9
846,2024,11,465,0.6815930604934692,0.6822246983647346,8,2,albon,williams,10,10,10
452,2024,11,465,0.5509668588638306,0.5528229117393494,10,210,gasly,alpine,11,11,11
838,2024,11,465,0.21203798055648804,0.2129099562764168,10,210,ocon,alpine,12,12,12
855,2024,11,465,-0.038140274584293365,-0.03715430267832496,11,0,piastri,mclaren,13,13,13
824,2024,11,465,-0.6958691477775574,-0.6946886897087097,10,207,kevin_magnussen,haas,14,14,14
853,2024,11,465,-0.9463493824005127,-0.9426372230052948,10,14,zhou,sauber,15,15,16
845,2024,11,465,-0.9484182596206665,-0.9470437169075012,11,129,russell,mercedes,16,15,16
839,2024,11,465,-1.018491506576538,-1.0168533205986023,10,115,stroll,aston_martin,17,17,17
856,2024,11,465,-1.111016035079956,-1.1094041168689728,8,2,sargeant,williams,18,18,18
821,2024,12,466,1.4548869132995605,1.4764143011786721,11,14,bottas,sauber,1,1,1
831,2024,12,466,1.2579724788665771,1.279408621788025,10,5,sainz,ferrari,2,2,3
829,2024,12,466,1.2506260871887207,1.27345871925354,11,8,max_verstappen,red_bull,3,2,3
0,2024,12,466,1.125962495803833,1.1485701907764783,11,129,hamilton,mercedes,4,4,5
807,2024,12,466,1.1252399682998657,1.1477025530555032,11,207,hulkenberg,haas,5,4,5
814,2024,12,466,1.0595916509628296,1.0800271153450012,10,8,perez,red_bull,6,6,6
842,2024,12,466,1.0430753231048584,1.064869848164645,11,5,leclerc,ferrari,7,7,7
844,2024,12,466,0.940520703792572,0.9637492746114731,12,0,norris,mclaren,8,8,8
3,2024,12,466,0.7986047267913818,0.8221519241730372,12,115,alonso,aston_martin,9,9,9
846,2024,12,466,0.6569893956184387,0.6794207758373685,9,2,albon,williams,10,10,10
838,2024,12,466,0.1874237209558487,0.21059302579272876,11,210,ocon,alpine,11,11,11
855,2024,12,466,-0.06273460388183594,-0.03928599444528421,12,0,piastri,mclaren,12,12,12
824,2024,12,466,-0.7205215692520142,-0.6970371333035555,11,207,kevin_magnussen,haas,13,13,13
853,2024,12,466,-0.9710918068885803,-0.9452240033583208,11,14,zhou,sauber,14,14,14
839,2024,12,466,-1.0431034564971924,-1.0192396965893833,11,115,stroll,aston_martin,15,15,15
856,2024,12,466,-1.1357349157333374,-1.1123297611872356,9,2,sargeant,williams,16,16,16
821,2024,13,467,1.4816021919250488,1.4768466254075368,12,14,bottas,sauber,1,1,1
831,2024,13,467,1.2847747802734375,1.279896454377608,11,5,sainz,ferrari,2,2,3
829,2024,13,467,1.2773168087005615,1.2737802267074585,12,8,max_verstappen,red_bull,3,2,3
0,2024,13,467,1.1526765823364258,1.1489123900731404,12,129,hamilton,mercedes,4,4,5
807,2024,13,467,1.151991367340088,1.1480599542458851,12,207,hulkenberg,haas,5,4,5
814,2024,13,467,1.0864206552505493,1.0806083462455056,11,8,perez,red_bull,6,6,6
842,2024,13,467,1.0698384046554565,1.0652838945388794,12,5,leclerc,ferrari,7,7,7
844,2024,13,467,0.9672349691390991,0.964017404959752,13,0,norris,mclaren,8,8,8
3,2024,13,467,0.8252905011177063,0.822393353168781,13,115,alonso,aston_martin,9,9,9
846,2024,13,467,0.6836760640144348,0.6798463046550751,10,2,albon,williams,10,10,10
838,2024,13,467,0.2141011357307434,0.21088536828756332,12,210,ocon,alpine,11,11,11
855,2024,13,467,-0.03603993356227875,-0.03903629745428379,13,0,piastri,mclaren,12,12,12
824,2024,13,467,-0.6938771605491638,-0.6967738022406896,12,207,kevin_magnussen,haas,13,13,13
853,2024,13,467,-0.9445252418518066,-0.945165773232778,12,14,zhou,sauber,14,14,15
845,2024,13,467,-0.9450153708457947,-0.9468746880690256,12,129,russell,mercedes,15,14,15
839,2024,13,467,-1.0164241790771484,-1.0190050701300304,12,115,stroll,aston_martin,16,16,16
856,2024,13,467,-1.1091477870941162,-1.1120115637779235,10,2,sargeant,williams,17,17,17
821,2024,14,468,1.4522989988327026,1.4749583464402418,13,14,bottas,sauber,1,1,1
831,2024,14,468,1.2555469274520874,1.2778673271338146,12,5,sainz,ferrari,2,2,3
829,2024,14,468,1.2479922771453857,1.2717965382796068,13,8,max_verstappen,red_bull,3,2,3
0,2024,14,468,1.1233725547790527,1.1469477873582106,13,129,hamilton,mercedes,4,4,5
807,2024,14,468,1.122719407081604,1.1461106813870943,13,207,hulkenberg,haas,5,4,5
814,2024,14,468,1.057215929031372,1.0786589781443279,12,8,perez,red_bull,6,6,6
842,2024,14,468,1.040576457977295,1.0633833224956806,13,5,leclerc,ferrari,7,7,7
844,2024,14,468,0.9379310607910156,0.9621540946619851,14,0,norris,mclaren,8,8,8
3,2024,14,468,0.7959619760513306,0.8205053976603917,14,115,alonso,aston_martin,9,9,9
846,2024,14,468,0.6543480753898621,0.677528283812783,11,2,albon,williams,10,10,10
452,2024,14,468,0.5249451398849487,0.5502885688434948,11,210,gasly,alpine,11,11,11
838,2024,14,468,0.18476516008377075,0.2088761215026562,13,210,ocon,alpine,12,12,12
855,2024,14,468,-0.06536093354225159,-0.04091662860342434,14,0,piastri,mclaren,13,13,13
824,2024,14,468,-0.7232416272163391,-0.6988097887772781,13,207,kevin_magnussen,haas,14,14,14
845,2024,14,468,-0.9745528697967529,-0.9490037789711585,13,129,russell,mercedes,15,15,15
839,2024,14,468,-1.0457584857940674,-1.0210630251811101,13,115,stroll,aston_martin,16,16,16
856,2024,14,468,-1.1385619640350342,-1.11442523652857,11,2,sargeant,williams,17,17,17
821,2024,15,469,1.4776228666305542,1.4751486693109785,14,14,bottas,sauber,1,1,1
831,2024,15,469,1.280935525894165,1.2781033424230723,13,5,sainz,ferrari,2,2,3
829,2024,15,469,1.2732973098754883,1.271903736250741,14,8,max_verstappen,red_bull,3,2,3
0,2024,15,469,1.1486952304840088,1.1470726047243391,14,129,hamilton,mercedes,4,4,5
807,2024,15,469,1.1480700969696045,1.146250639642988,14,207,hulkenberg,haas,5,4,5
814,2024,15,469,1.0826246738433838,1.0789640316596398,13,8,perez,red_bull,6,6,6
842,2024,15,469,1.0659358501434326,1.0635656458990914,14,5,leclerc,ferrari,7,7,7
844,2024,15,469,0.9632540345191956,0.9622274239857992,15,0,norris,mclaren,8,8,8
3,2024,15,469,0.8212635517120361,0.8205559412638347,15,115,alonso,aston_martin,9,9,9
846,2024,15,469,0.6796503067016602,0.6777051190535227,12,2,albon,williams,10,10,10
452,2024,15,469,0.5500468015670776,0.55026842157046,12,210,gasly,alpine,11,11,11
838,2024,15,469,0.2100604772567749,0.20896071834223612,14,210,ocon,alpine,12,12,12
855,2024,15,469,-0.040052734315395355,-0.04085903565088908,15,0,piastri,mclaren,13,13,13
824,2024,15,469,-0.6979711055755615,-0.6987498828342983,14,207,kevin_magnussen,haas,14,14,14
853,2024,15,469,-0.9474111199378967,-0.9453384922100947,13,14,zhou,sauber,15,15,16
845,2024,15,469,-0.9494320750236511,-0.9490343715463366,14,129,russell,mercedes,16,15,16
839,2024,15,469,-1.0204617977142334,-1.0210200803620475,14,115,stroll,aston_martin,17,17,17
856,2024,15,469,-1.1133344173431396,-1.114334334929784,12,2,sargeant,williams,18,18,18
821,2024,16,470,1.4483442306518555,1.4733617067337037,15,14,bottas,sauber,1,1,1
831,2024,16,470,1.251713514328003,1.2762183547019958,14,5,sainz,ferrari,2,2,3
829,2024,16,470,1.2440030574798584,1.2700436909993489,15,8,max_verstappen,red_bull,3,2,3
0,2024,16,470,1.1194161176681519,1.1452288389205934,15,129,hamilton,mercedes,4,4,5
807,2024,16,470,1.1188150644302368,1.144421601295471,15,207,hulkenberg,haas,5,4,5
814,2024,16,470,1.0534199476242065,1.0771394542285375,14,8,perez,red_bull,6,6,6
842,2024,16,470,1.0366883277893066,1.0617738246917725,15,5,leclerc,ferrari,7,7,7
844,2024,16,470,0.9339749217033386,0.9604616425931454,16,0,norris,mclaren,8,8,8
3,2024,16,470,0.7919660806655884,0.8187690749764442,16,115,alonso,aston_martin,9,9,9
846,2024,16,470,0.6503533124923706,0.6756011339334341,13,2,albon,williams,10,10,10
452,2024,16,470,0.5205762982368469,0.547984412083259,13,210,gasly,alpine,11,11,11
838,2024,16,470,0.18075750768184662,0.20708050429821015,15,210,ocon,alpine,12,12,12
855,2024,16,470,-0.06934453547000885,-0.042639379389584064,16,0,piastri,mclaren,13,13,13
824,2024,16,470,-0.7272953987121582,-0.7006529172261556,15,207,kevin_magnussen,haas,14,14,14
853,2024,16,470,-0.9769659638404846,-0.9475975973265511,14,14,zhou,sauber,15,15,16
845,2024,16,470,-0.9788858890533447,-0.9510244727134705,15,129,russell,mercedes,16,15,16
839,2024,16,470,-1.0497636795043945,-1.0229363203048707,15,115,stroll,aston_martin,17,17,17
821,2024,17,471,1.423149585723877,1.4702234491705894,16,14,bottas,sauber,1,1,1
831,2024,17,471,1.2265676259994507,1.2729083061218263,15,5,sainz,ferrari,2,2,3
829,2024,17,471,1.218794584274292,1.266840621829033,16,8,max_verstappen,red_bull,3,2,3
0,2024,17,471,1.0942208766937256,1.142040841281414,16,129,hamilton,mercedes,4,4,5
807,2024,17,471,1.093640685081482,1.1412477940320969,16,207,hulkenberg,haas,5,4,5
814,2024,17,471,1.0282889604568481,1.0738827546437582,15,8,perez,red_bull,6,6,6
842,2024,17,471,1.0115203857421875,1.0586329847574234,16,5,leclerc,ferrari,7,7,7
844,2024,17,471,0.9087797403335571,0.9574215306955225,17,0,norris,mclaren,8,8,8
3,2024,17,471,0.7667549252510071,0.8157094191102421,17,115,alonso,aston_martin,9,9,9
846,2024,17,471,0.6251426935195923,0.6719969596181598,14,2,albon,williams,10,10,10
452,2024,17,471,0.49521559476852417,0.5442152108464923,14,210,gasly,alpine,11,11,11
838,2024,17,471,0.15554171800613403,0.2038593301549554,16,210,ocon,alpine,12,12,12
855,2024,17,471,-0.09455066919326782,-0.0456929846721537,17,0,piastri,mclaren,13,13,13
853,2024,17,471,-1.0023994445800781,-0.9512510538101197,15,14,zhou,sauber,14,14,15
845,2024,17,471,-1.0042321681976318,-0.9543499536812305,16,129,russell,mercedes,15,14,15
839,2024,17,471,-1.0749783515930176,-1.0261889472603798,16,115,stroll,aston_martin,16,16,16
821,2024,18,472,1.4504010677337646,1.4690574267331291,17,14,bottas,sauber,1,1,1
831,2024,18,472,1.2538610696792603,1.2717178538441658,16,5,sainz,ferrari,2,2,3
829,2024,18,472,1.246034026145935,1.2656167044359095,17,8,max_verstappen,red_bull,3,2,3
0,2024,18,472,1.1214717626571655,1.1408308954799877,17,129,hamilton,mercedes,4,4,5
807,2024,18,472,1.120909571647644,1.140051428009482,17,207,hulkenberg,haas,5,4,5
814,2024,18,472,1.0555956363677979,1.0727398097515106,16,8,perez,red_bull,6,6,6
842,2024,18,472,1.038794994354248,1.057466044145472,17,5,leclerc,ferrari,7,7,7
844,2024,18,472,0.9360308647155762,0.9562331603633033,18,0,norris,mclaren,8,8,8
3,2024,18,472,0.7939920425415039,0.8145028981897566,18,115,alonso,aston_martin,9,9,9
452,2024,18,472,0.5223233699798584,0.5427557547887166,15,210,gasly,alpine,10,10,10
838,2024,18,472,0.18277479708194733,0.20261906350360198,17,210,ocon,alpine,11,11,11
855,2024,18,472,-0.06730923056602478,-0.0468938872218132,18,0,piastri,mclaren,12,12,12
824,2024,18,472,-0.7231564521789551,-0.7020593881607056,16,207,kevin_magnussen,haas,13,13,13
853,2024,18,472,-0.9753547310829163,-0.9527575336396694,16,14,zhou,sauber,14,14,15
845,2024,18,472,-0.9771120548248291,-0.9556889008073246,17,129,russell,mercedes,15,14,15
839,2024,18,472,-1.0477442741394043,-1.0274569076650284,17,115,stroll,aston_martin,16,16,16
821,2024,19,473,1.4598348140716553,1.4685450593630474,18,14,bottas,sauber,1,1,1
831,2024,19,473,1.263331413269043,1.271224533810335,17,5,sainz,ferrari,2,2,3
829,2024,19,473,1.2554575204849243,1.2650523053275213,18,8,max_verstappen,red_bull,3,2,3
807,2024,19,473,1.1303585767745972,1.1395129362742107,18,207,hulkenberg,haas,4,4,4
814,2024,19,473,1.0650770664215088,1.0722890601438635,17,8,perez,red_bull,5,5,5
842,2024,19,473,1.0482487678527832,1.0569539732403226,18,5,leclerc,ferrari,6,6,6
844,2024,19,473,0.9454642534255981,0.9556663757876346,19,0,norris,mclaren,7,7,7
3,2024,19,473,0.8034135699272156,0.8139192493338334,19,115,alonso,aston_martin,8,8,8
846,2024,19,473,0.6623275876045227,0.6713523348172505,15,2,albon,williams,9,9,9
452,2024,19,473,0.5316328406333923,0.5420605726540089,16,210,gasly,alpine,10,10,10
838,2024,19,473,0.19219276309013367,0.20203982459174263,18,210,ocon,alpine,11,11,11
855,2024,19,473,-0.05788405239582062,-0.047472316967813594,19,0,piastri,mclaren,12,12,12
824,2024,19,473,-0.714043378829956,-0.7027643287883085,17,207,kevin_magnussen,haas,13,13,13
853,2024,19,473,-0.9660997986793518,-0.9535423727596507,17,14,zhou,sauber,14,14,15
845,2024,19,473,-0.9677916765213013,-0.9563612772358788,18,129,russell,mercedes,15,14,15
839,2024,19,473,-1.038325548171997,-1.0280607210265265,18,115,stroll,aston_martin,16,16,16
821,2024,20,474,1.4581060409545898,1.4679956373415495,19,14,bottas,sauber,1,1,1
831,2024,20,474,1.2616338729858398,1.2706917193200853,18,5,sainz,ferrari,2,2,3
829,2024,20,474,1.2537195682525635,1.264455845481471,19,8,max_verstappen,red_bull,3,2,3
0,2024,20,474,1.129172682762146,1.1401832169956632,18,129,hamilton,mercedes,4,4,5
807,2024,20,474,1.1286425590515137,1.1389408111572266,19,207,hulkenberg,haas,5,4,5
814,2024,20,474,1.0633893013000488,1.0717946290969849,18,8,perez,red_bull,6,6,6
842,2024,20,474,1.0465370416641235,1.0564057136836804,19,5,leclerc,ferrari,7,7,7
844,2024,20,474,0.943734884262085,0.9550698012113571,20,0,norris,mclaren,8,8,8
452,2024,20,474,0.529796302318573,0.5413391449872185,17,210,gasly,alpine,9,9,9
838,2024,20,474,0.19044998288154602,0.2014298329227849,19,210,ocon,alpine,10,10,10
855,2024,20,474,-0.05962051451206207,-0.04807972684502602,20,0,piastri,mclaren,11,11,11
824,2024,20,474,-0.71604984998703,-0.7035024132993486,18,207,kevin_magnussen,haas,12,12,12
853,2024,20,474,-0.9679834842681885,-0.9543446567323473,18,14,zhou,sauber,13,13,14
845,2024,20,474,-0.9696189165115356,-0.9570590477240714,19,129,russell,mercedes,14,13,14
839,2024,20,474,-1.0400676727294922,-1.0286926658529985,19,115,stroll,aston_martin,15,15,15
821,2024,21,475,1.4186761379241943,1.4655296623706817,20,14,bottas,sauber,1,1,1
829,2024,21,475,1.2142821550369263,1.2619471609592439,20,8,max_verstappen,red_bull,2,2,2
0,2024,21,475,1.0897430181503296,1.137528469688014,19,129,hamilton,mercedes,3,3,3
814,2024,21,475,1.023995280265808,1.069278873895344,19,8,perez,red_bull,4,4,4
842,2024,21,475,1.007122278213501,1.0539415419101714,20,5,leclerc,ferrari,5,5,5
844,2024,21,475,0.9043048620223999,0.9526524231547401,21,0,norris,mclaren,6,6,6
3,2024,21,475,0.7623192071914673,0.8113392472267151,20,115,alonso,aston_martin,7,7,7
452,2024,21,475,0.4902735948562622,0.5385021699799432,18,210,gasly,alpine,8,8,8
838,2024,21,475,0.15100835263729095,0.1989087589085102,20,210,ocon,alpine,9,9,9
855,2024,21,475,-0.09905673563480377,-0.05050720345406305,21,0,piastri,mclaren,10,10,10
853,2024,21,475,-1.00754714012146,-0.9571447874370375,19,14,zhou,sauber,11,11,12
845,2024,21,475,-1.0091335773468018,-0.9596627742052078,20,129,russell,mercedes,12,11,12
821,2024,22,476,1.450638771057129,1.4648205723081316,21,14,bottas,sauber,1,1,1
831,2024,22,476,1.256029725074768,1.2699200354124371,19,5,sainz,ferrari,2,2,3
829,2024,22,476,1.246237874031067,1.2611990996769495,21,8,max_verstappen,red_bull,3,2,3
807,2024,22,476,1.1230225563049316,1.1381448984146119,20,207,hulkenberg,haas,4,4,5
0,2024,22,476,1.1217055320739746,1.136737322807312,20,129,hamilton,mercedes,5,4,5
814,2024,22,476,1.0559885501861572,1.0686143577098846,20,8,perez,red_bull,6,6,6
842,2024,22,476,1.0390976667404175,1.0532346907116117,21,5,leclerc,ferrari,7,7,7
844,2024,22,476,0.9362671375274658,0.9519076374444094,22,0,norris,mclaren,8,8,8
3,2024,22,476,0.7942622303962708,0.8105260559490749,21,115,alonso,aston_martin,9,9,9
838,2024,22,476,0.1829605996608734,0.19814932275386082,21,210,ocon,alpine,10,10,10
855,2024,22,476,-0.06709986180067062,-0.05126141519709067,22,0,piastri,mclaren,11,11,11
824,2024,22,476,-0.7219213247299194,-0.7044718296904313,19,207,kevin_magnussen,haas,12,12,12
853,2024,22,476,-0.975700318813324,-0.9580725640058517,20,14,zhou,sauber,13,13,14
845,2024,22,476,-0.9772445559501648,-0.9605000019073486,21,129,russell,mercedes,14,13,14
839,2024,22,476,-1.0457103252410889,-1.029543548822403,20,115,stroll,aston_martin,15,15,15
821,2024,23,477,1.432236671447754,1.4633394859053872,22,14,bottas,sauber,1,1,1
831,2024,23,477,1.2374035120010376,1.268294209241867,20,5,sainz,ferrari,2,2,3
829,2024,23,477,1.2278300523757935,1.2596823247996243,22,8,max_verstappen,red_bull,3,2,3
0,2024,23,477,1.1033036708831787,1.135145244144258,21,129,hamilton,mercedes,4,4,4
842,2024,23,477,1.0207067728042603,1.0517561489885503,22,5,leclerc,ferrari,5,5,5
844,2024,23,477,0.9178647994995117,0.9504275140555009,23,0,norris,mclaren,6,6,6
3,2024,23,477,0.775843620300293,0.808949581601403,22,115,alonso,aston_martin,7,7,7
846,2024,23,477,0.6366260051727295,0.669181939214468,16,2,albon,williams,8,8,8
452,2024,23,477,0.5038206577301025,0.5366768272299516,19,210,gasly,alpine,9,9,9
855,2024,23,477,-0.08550671488046646,-0.05275034127028092,23,0,piastri,mclaren,10,10,10
824,2024,23,477,-0.7407787442207336,-0.7062871754169464,20,207,kevin_magnussen,haas,11,11,11
853,2024,23,477,-0.9942024350166321,-0.9597930340539842,21,14,zhou,sauber,12,12,13
845,2024,23,477,-0.995710015296936,-0.9621004570614208,22,129,russell,mercedes,13,12,13
831,2024,24,478,1.280815839767456,1.2688904773621332,21,5,sainz,ferrari,1,1,2
829,2024,24,478,1.2714312076568604,1.2601931457934172,23,8,max_verstappen,red_bull,2,1,2
807,2024,24,478,1.1488717794418335,1.138655702273051,21,207,hulkenberg,haas,3,3,4
0,2024,24,478,1.1469098329544067,1.135679998181083,22,129,hamilton,mercedes,4,3,4
842,2024,24,478,1.064322829246521,1.0523025263910708,23,5,leclerc,ferrari,5,5,5
844,2024,24,478,0.9614710211753845,0.950887660185496,24,0,norris,mclaren,6,6,6
3,2024,24,478,0.8194353580474854,0.8094054849251456,23,115,alonso,aston_martin,7,7,7
846,2024,24,478,0.6798948645591736,0.6698121112935683,17,2,albon,williams,8,8,8
452,2024,24,478,0.5473483204841614,0.537210401892662,20,210,gasly,alpine,9,9,9
855,2024,24,478,-0.04190463572740555,-0.052298436872661114,24,0,piastri,mclaren,10,10,10
824,2024,24,478,-0.6975664496421814,-0.7058719027610052,21,207,kevin_magnussen,haas,11,11,11
853,2024,24,478,-0.9506827592849731,-0.9593789306553927,22,14,zhou,sauber,12,12,13
845,2024,24,478,-0.9521588087081909,-0.9616682114808456,23,129,russell,mercedes,13,12,13
839,2024,24,478,-1.0198805332183838,-1.0290834052222115,21,115,stroll,aston_martin,14,14,14
829,2025,1,479,1.2455401420593262,1.2455401420593262,1,8,max_verstappen,red_bull,1,1,1
807,2025,1,479,1.1226598024368286,1.1226598024368286,1,14,hulkenberg,sauber,2,2,2
0,2025,1,479,1.1210229396820068,1.1210229396820068,1,5,hamilton,ferrari,3,3,3
842,2025,1,479,1.0384443998336792,1.0384443998336792,1,5,leclerc,ferrari,4,4,4
844,2025,1,479,0.9355839490890503,0.9355839490890503,1,0,norris,mclaren,5,5,5
846,2025,1,479,0.6537161469459534,0.6537161469459534,1,2,albon,williams,6,6,6
452,2025,1,479,0.5213934183120728,0.5213934183120728,1,210,gasly,alpine,7,7,7
838,2025,1,479,0.1819140762090683,0.1819140762090683,1,207,ocon,haas,8,8,8
855,2025,1,479,-0.06779508292675018,-0.06779508292675018,1,0,piastri,mclaren,9,9,9
845,2025,1,479,-0.978093147277832,-0.978093147277832,1,129,russell,mercedes,10,10,10
839,2025,1,479,-1.0461093187332153,-1.0461093187332153,1,115,stroll,aston_martin,11,11,11
831,2025,2,480,1.3289048671722412,1.3289048671722412,1,2,sainz,williams,1,1,1
829,2025,2,480,1.3195304870605469,1.2825353145599365,2,8,max_verstappen,red_bull,2,2,2
807,2025,2,480,1.1963727474212646,1.1595162749290466,2,14,hulkenberg,sauber,3,3,3
844,2025,2,480,1.0095778703689575,0.9725809097290039,2,0,norris,mclaren,4,4,4
846,2025,2,480,0.7274579405784607,0.690587043762207,2,2,albon,williams,5,5,5
838,2025,2,480,0.2559484541416168,0.21893126517534256,2,207,ocon,haas,6,6,6
855,2025,2,480,0.0061959028244018555,-0.030799590051174164,2,0,piastri,mclaren,7,7,7
845,2025,2,480,-0.9041401743888855,-0.9411166608333588,2,129,russell,mercedes,8,8,9
839,2025,2,480,-0.9724111557006836,-1.0092602372169495,2,115,stroll,aston_martin,9,8,9
857,2025,2,480,-1.1518785953521729,-1.1518785953521729,1,8,lawson,red_bull,10,10,10
831,2025,3,481,1.2601814270019531,1.2945431470870972,2,2,sainz,williams,1,1,2
829,2025,3,481,1.2509691715240479,1.272013266881307,3,8,max_verstappen,red_bull,2,1,2
807,2025,3,481,1.1275713443756104,1.1488679647445679,3,14,hulkenberg,sauber,3,3,3
0,2025,3,481,1.123252034187317,1.1221374869346619,2,5,hamilton,ferrari,4,4,4
842,2025,3,481,1.0406805276870728,1.039562463760376,2,5,leclerc,ferrari,5,5,5
844,2025,3,481,0.941019594669342,0.9620604713757833,3,0,norris,mclaren,6,6,6
3,2025,3,481,0.7959145903587341,0.7959145903587341,1,115,alonso,aston_martin,7,7,7
846,2025,3,481,0.6586813926696777,0.6799518267313639,3,2,albon,williams,8,8,8
452,2025,3,481,0.5235636234283447,0.5224785208702087,2,210,gasly,alpine,9,9,9
838,2025,3,481,0.1874251514673233,0.20842922727266947,3,207,ocon,haas,10,10,10
855,2025,3,481,-0.06236492097377777,-0.041321367025375366,3,0,piastri,mclaren,11,11,11
850,2025,3,481,-0.8817288279533386,-0.8817288279533386,1,8,tsunoda,red_bull,12,12,12
845,2025,3,481,-0.9727338552474976,-0.9516557256380717,3,129,russell,mercedes,13,13,13
839,2025,3,481,-1.0412251949310303,-1.019915223121643,3,115,stroll,aston_martin,14,14,14
829,2025,4,482,1.293373465538025,1.2773533165454865,4,8,max_verstappen,red_bull,1,1,1
0,2025,4,482,1.1660921573638916,1.136789043744405,3,5,hamilton,ferrari,2,2,2
842,2025,4,482,1.0835267305374146,1.0542172193527222,3,5,leclerc,ferrari,3,3,3
844,2025,4,482,0.9834265112876892,0.9674019813537598,4,0,norris,mclaren,4,4,4
3,2025,4,482,0.8387234807014465,0.8173190355300903,2,115,alonso,aston_martin,5,5,5
846,2025,4,482,0.700899600982666,0.6851887702941895,4,2,albon,williams,6,6,6
452,2025,4,482,0.5663526654243469,0.5371032357215881,3,210,gasly,alpine,7,7,7
838,2025,4,482,0.2298622727394104,0.2137874886393547,4,207,ocon,haas,8,8,8
855,2025,4,482,-0.019960232079029083,-0.035981083288788795,4,0,piastri,mclaren,9,9,9
850,2025,4,482,-0.8405628800392151,-0.8611458539962769,2,8,tsunoda,red_bull,10,10,10
845,2025,4,482,-0.9303576946258545,-0.9463312178850174,4,129,russell,mercedes,11,11,11
839,2025,4,482,-0.9990395903587341,-1.0146963149309158,4,115,stroll,aston_martin,12,12,12
831,2025,5,483,1.2257089614868164,1.2715984185536702,3,2,sainz,williams,1,1,2
829,2025,5,483,1.2181694507598877,1.2655165433883666,5,8,max_verstappen,red_bull,2,1,2
807,2025,5,483,1.0930315256118774,1.1349088549613953,4,14,hulkenberg,sauber,3,3,4
0,2025,5,483,1.0912649631500244,1.12540802359581,4,5,hamilton,ferrari,4,3,4
842,2025,5,483,1.0087051391601562,1.0428391993045807,4,5,leclerc,ferrari,5,5,5
844,2025,5,483,0.9082249402999878,0.9555665731430054,5,0,norris,mclaren,6,6,6
3,2025,5,483,0.7638695240020752,0.7995025316874186,3,115,alonso,aston_martin,7,7,7
846,2025,5,483,0.6255345940589905,0.6732579350471497,5,2,albon,williams,8,8,8
838,2025,5,483,0.15468674898147583,0.20196734070777894,5,207,ocon,haas,9,9,9
855,2025,5,483,-0.09516384452581406,-0.04781763553619385,5,0,piastri,mclaren,10,10,10
845,2025,5,483,-1.005585789680481,-0.9581821322441101,5,129,russell,mercedes,11,11,11
839,2025,5,483,-1.074432611465454,-1.0266435742378235,5,115,stroll,aston_martin,12,12,12
831,2025,6,484,1.25785231590271,1.2681618928909302,4,2,sainz,williams,1,1,2
829,2025,6,484,1.2502270936965942,1.2629683017730713,6,8,max_verstappen,red_bull,2,1,2
807,2025,6,484,1.1251164674758911,1.1329503774642944,5,14,hulkenberg,sauber,3,3,4
0,2025,6,484,1.123648762702942,1.1250561714172362,5,5,hamilton,ferrari,4,3,4
842,2025,6,484,1.0410935878753662,1.0424900770187377,5,5,leclerc,ferrari,5,5,5
844,2025,6,484,0.9402846097946167,0.9530195792516073,6,0,norris,mclaren,6,6,6
3,2025,6,484,0.796230137348175,0.7986844331026077,4,115,alonso,aston_martin,7,7,7
846,2025,6,484,0.6574530601501465,0.6706237892309824,6,2,albon,williams,8,8,8
452,2025,6,484,0.5256667733192444,0.5342441201210022,4,210,gasly,alpine,9,9,9
838,2025,6,484,0.1867690235376358,0.1994342878460884,6,207,ocon,haas,10,10,10
855,2025,6,484,-0.06310580670833588,-0.050365664064884186,6,0,piastri,mclaren,11,11,11
850,2025,6,484,-0.8826525807380676,-0.8683147629102071,3,8,tsunoda,red_bull,12,12,12
845,2025,6,484,-0.9735490679740906,-0.9607432881991068,6,129,russell,mercedes,13,13,13
839,2025,6,484,-1.0425384044647217,-1.0292927126089733,6,115,stroll,aston_martin,14,14,14
831,2025,7,485,1.2516446113586426,1.2648584365844726,5,2,sainz,williams,1,1,2
829,2025,7,485,1.243945598602295,1.2602507727486747,7,8,max_verstappen,red_bull,2,1,2
807,2025,7,485,1.1188584566116333,1.1306017239888508,6,14,hulkenberg,sauber,3,3,4
0,2025,7,485,1.1176491975784302,1.1238216757774353,6,5,hamilton,ferrari,4,3,4
842,2025,7,485,1.0350979566574097,1.0412580569585164,6,5,leclerc,ferrari,5,5,5
844,2025,7,485,0.9340047240257263,0.9503031713621957,7,0,norris,mclaren,6,6,6
3,2025,7,485,0.7902104258537292,0.796989631652832,5,115,alonso,aston_martin,7,7,7
846,2025,7,485,0.6510510444641113,0.6678276828357151,7,2,albon,williams,8,8,8
452,2025,7,485,0.5193858742713928,0.5312724709510803,5,210,gasly,alpine,9,9,9
855,2025,7,485,-0.06938712298870087,-0.05308301533971514,7,0,piastri,mclaren,10,10,10
850,2025,7,485,-0.890147864818573,-0.8737730383872986,4,8,tsunoda,red_bull,11,11,11
845,2025,7,485,-0.9798488020896912,-0.9634726473263332,7,129,russell,mercedes,12,12,12
839,2025,7,485,-1.0489615201950073,-1.032102542264121,7,115,stroll,aston_martin,13,13,13
831,2025,8,486,1.2706010341644287,1.265815536181132,6,2,sainz,williams,1,1,2
829,2025,8,486,1.2628377676010132,1.260574147105217,8,8,max_verstappen,red_bull,2,1,2
807,2025,8,486,1.1377711296081543,1.1316259247916085,7,14,hulkenberg,sauber,3,3,4
0,2025,8,486,1.1367853879928589,1.1256736346653529,7,5,hamilton,ferrari,4,3,4
842,2025,8,486,1.054237723350525,1.0431122950145177,7,5,leclerc,ferrari,5,5,5
844,2025,8,486,0.9528984427452087,0.9506275802850723,8,0,norris,mclaren,6,6,6
846,2025,8,486,0.6698391437530518,0.6680791154503822,8,2,albon,williams,7,7,7
838,2025,8,486,0.1999312937259674,0.19950528868607112,7,207,ocon,haas,8,8,8
855,2025,8,486,-0.05049459636211395,-0.05275946296751499,8,0,piastri,mclaren,9,9,9
850,2025,8,486,-0.8723053932189941,-0.8734795093536377,5,8,tsunoda,red_bull,10,10,10
845,2025,8,486,-0.9609721899032593,-0.9631600901484489,8,129,russell,mercedes,11,11,11
839,2025,8,486,-1.0301916599273682,-1.0318636819720268,8,115,stroll,aston_martin,12,12,12
831,2025,9,487,1.2235262393951416,1.2597742080688477,7,2,sainz,williams,1,1,2
829,2025,9,487,1.215707540512085,1.255588968594869,9,8,max_verstappen,red_bull,2,1,2
807,2025,9,487,1.0906586647033691,1.1265050172805786,8,14,hulkenberg,sauber,3,3,4
0,2025,9,487,1.0898661613464355,1.1211977005004883,8,5,hamilton,ferrari,4,3,4
842,2025,9,487,1.0073217153549194,1.0386384725570679,8,5,leclerc,ferrari,5,5,5
844,2025,9,487,0.9057696461677551,0.9456433653831482,9,0,norris,mclaren,6,6,6
3,2025,9,487,0.76178377866745,0.7911219894886017,6,115,alonso,aston_martin,7,7,7
452,2025,9,487,0.4907333254814148,0.5245159467061361,6,210,gasly,alpine,8,8,8
838,2025,9,487,0.1527479737997055,0.19366062432527542,8,207,ocon,haas,9,9,9
855,2025,9,487,-0.09762457013130188,-0.05774447487460242,9,0,piastri,mclaren,10,10,10
850,2025,9,487,-0.9203436970710754,-0.881290207306544,6,8,tsunoda,red_bull,11,11,11
845,2025,9,487,-1.0081160068511963,-0.9681551920043098,9,129,russell,mercedes,12,12,12
831,2025,10,488,1.2626031637191772,1.2601278275251389,8,2,sainz,williams,1,1,2
829,2025,10,488,1.2547366619110107,1.255503737926483,10,8,max_verstappen,red_bull,2,1,2
807,2025,10,488,1.1297028064727783,1.126860327190823,9,14,hulkenberg,sauber,3,3,4
0,2025,10,488,1.129077672958374,1.1220732529958088,9,5,hamilton,ferrari,4,3,4
842,2025,10,488,1.0465357303619385,1.039515945646498,9,5,leclerc,ferrari,5,5,5
844,2025,10,488,0.9447997808456421,0.9455590069293975,10,0,norris,mclaren,6,6,6
3,2025,10,488,0.8010647296905518,0.7925423809460231,7,115,alonso,aston_martin,7,7,7
452,2025,10,488,0.5298188924789429,0.5252735103879657,7,210,gasly,alpine,8,8,8
838,2025,10,488,0.19173094630241394,0.1934462156560686,9,207,ocon,haas,9,9,9
855,2025,10,488,-0.05859540402889252,-0.057829567790031434,10,0,piastri,mclaren,10,10,10
850,2025,10,488,-0.8821002244949341,-0.8814059240477425,7,8,tsunoda,red_bull,11,11,11
845,2025,10,488,-0.969098687171936,-0.9682495415210723,10,129,russell,mercedes,12,12,12
839,2025,10,488,-1.0366184711456299,-1.032391991880205,9,115,stroll,aston_martin,13,13,13
807,2025,11,489,1.1812984943389893,1.1323041439056396,10,14,hulkenberg,sauber,1,1,2
0,2025,11,489,1.1808180809020996,1.127947735786438,10,5,hamilton,ferrari,2,1,2
842,2025,11,489,1.0982784032821655,1.0453921914100648,10,5,leclerc,ferrari,3,3,3
844,2025,11,489,0.9963832497596741,0.9501793926412408,11,0,norris,mclaren,4,4,4
3,2025,11,489,0.8528652787208557,0.8000827431678772,8,115,alonso,aston_martin,5,5,5
452,2025,11,489,0.581450343132019,0.5322956144809723,8,210,gasly,alpine,6,6,6
838,2025,11,489,0.24327366054058075,0.1984289601445198,10,207,ocon,haas,7,7,7
855,2025,11,489,-0.0070127397775650024,-0.053209856152534485,11,0,piastri,mclaren,8,8,8
850,2025,11,489,-0.8311970233917236,-0.8751298114657402,8,8,tsunoda,red_bull,9,9,9
845,2025,11,489,-0.9175263047218323,-0.9636383381756869,11,129,russell,mercedes,10,10,10
839,2025,11,489,-0.9853678941726685,-1.0276895821094514,10,115,stroll,aston_martin,11,11,11
831,2025,12,490,1.256188154220581,1.2596900860468547,9,2,sainz,williams,1,1,2
829,2025,12,490,1.2482801675796509,1.2548470497131348,11,8,max_verstappen,red_bull,2,1,2
807,2025,12,490,1.1258354187011719,1.1317160779779607,11,14,hulkenberg,sauber,3,3,4
0,2025,12,490,1.1254801750183105,1.1277234120802446,11,5,hamilton,ferrari,4,3,4
842,2025,12,490,1.0429424047470093,1.0451694835316052,11,5,leclerc,ferrari,5,5,5
844,2025,12,490,0.9409094452857971,0.9494068970282873,12,0,norris,mclaren,6,6,6
3,2025,12,490,0.797579288482666,0.799804581536187,9,115,alonso,aston_martin,7,7,7
846,2025,12,490,0.6566753387451172,0.6668120291497972,9,2,albon,williams,8,8,8
452,2025,12,490,0.5260181427001953,0.5315981176164415,9,210,gasly,alpine,9,9,9
838,2025,12,490,0.18776465952396393,0.19745947826992383,11,207,ocon,haas,10,10,10
855,2025,12,490,-0.062487147748470306,-0.05398296378552914,12,0,piastri,mclaren,11,11,11
850,2025,12,490,-0.8872593641281128,-0.8764775395393372,9,8,tsunoda,red_bull,12,12,12
845,2025,12,490,-0.9730096459388733,-0.9644192804892858,12,129,russell,mercedes,13,13,13
839,2025,12,490,-1.041129469871521,-1.0289113900878213,11,115,stroll,aston_martin,14,14,14
831,2025,13,491,1.2562971115112305,1.2593507885932922,10,2,sainz,williams,1,1,2
829,2025,13,491,1.2483532428741455,1.254305899143219,12,8,max_verstappen,red_bull,2,1,2
807,2025,13,491,1.1255720853805542,1.1312040785948436,12,14,hulkenberg,sauber,3,3,4
0,2025,13,491,1.1253252029418945,1.1275235613187153,12,5,hamilton,ferrari,4,3,4
842,2025,13,491,1.042789101600647,1.044971118370692,12,5,leclerc,ferrari,5,5,5
844,2025,13,491,0.9406371116638184,0.9487322981540973,13,0,norris,mclaren,6,6,6
3,2025,13,491,0.7974692583084106,0.7995710492134094,10,115,alonso,aston_martin,7,7,7
846,2025,13,491,0.656470000743866,0.6657778263092041,10,2,albon,williams,8,8,8
452,2025,13,491,0.5257816314697266,0.53101646900177,10,210,gasly,alpine,9,9,9
838,2025,13,491,0.18746180832386017,0.19662633910775185,12,207,ocon,haas,10,10,10
855,2025,13,491,-0.06276015937328339,-0.05465813267689485,13,0,piastri,mclaren,11,11,11
850,2025,13,491,-0.8880409002304077,-0.8776338756084442,10,8,tsunoda,red_bull,12,12,12
845,2025,13,491,-0.9732903242111206,-0.9651016684678885,13,129,russell,mercedes,13,13,13
839,2025,13,491,-1.0416510105133057,-1.0299730251232784,12,115,stroll,aston_martin,14,14,14
831,2025,14,492,1.256394863128662,1.2590820680965076,11,2,sainz,williams,1,1,2
829,2025,14,492,1.248420000076294,1.2538531376765325,13,8,max_verstappen,red_bull,2,1,2
807,2025,14,492,1.1253482103347778,1.1307536271902232,13,14,hulkenberg,sauber,3,3,4
0,2025,14,492,1.125194787979126,1.1273444249079778,13,5,hamilton,ferrari,4,3,4
842,2025,14,492,1.0426599979400635,1.0447933398760283,13,5,leclerc,ferrari,5,5,5
844,2025,14,492,0.940405011177063,0.948137491941452,14,0,norris,mclaren,6,6,6
3,2025,14,492,0.7973778247833252,0.7993716651743109,11,115,alonso,aston_martin,7,7,7
846,2025,14,492,0.6562961339950562,0.6649158542806451,11,2,albon,williams,8,8,8
452,2025,14,492,0.5255807638168335,0.5305223139849576,11,210,gasly,alpine,9,9,9
838,2025,14,492,0.18720336258411407,0.19590149475977972,13,207,ocon,haas,10,10,10
855,2025,14,492,-0.06299270689487457,-0.05525345940675054,14,0,piastri,mclaren,11,11,11
850,2025,14,492,-0.8887133002281189,-0.8786410960284147,11,8,tsunoda,red_bull,12,12,12
845,2025,14,492,-0.973529577255249,-0.9657036619527,14,129,russell,mercedes,13,13,13
839,2025,14,492,-1.0420985221862793,-1.0309057556665862,13,115,stroll,aston_martin,14,14,14
831,2025,15,493,1.2931426763534546,1.26192045211792,12,2,sainz,williams,1,1,2
829,2025,15,493,1.2851409912109375,1.2560879843575614,14,8,max_verstappen,red_bull,2,1,2
807,2025,15,493,1.1618174314498901,1.132972470351628,14,14,hulkenberg,sauber,3,3,3
844,2025,15,493,0.9768674969673157,0.9500528256098429,15,0,norris,mclaren,4,4,4
3,2025,15,493,0.8339617252349854,0.8022541701793671,12,115,alonso,aston_martin,5,5,5
846,2025,15,493,0.6928088665008545,0.6672402719656626,12,2,albon,williams,6,6,6
452,2025,15,493,0.5620700120925903,0.5331512888272604,12,210,gasly,alpine,7,7,7
838,2025,15,493,0.22364303469657898,0.19788303332669394,14,207,ocon,haas,8,8,8
855,2025,15,493,-0.02653069794178009,-0.053338608642419176,15,0,piastri,mclaren,9,9,9
850,2025,15,493,-0.852631688117981,-0.8764736453692118,12,8,tsunoda,red_bull,10,10,10
845,2025,15,493,-0.9370732307434082,-0.9637949665387472,15,129,russell,mercedes,11,11,11
839,2025,15,493,-1.0058223009109497,-1.0291140803268977,14,115,stroll,aston_martin,12,12,12
831,2025,16,494,1.2875949144363403,1.2638954107577984,13,2,sainz,williams,1,1,2
829,2025,16,494,1.2795698642730713,1.2576534430185953,15,8,max_verstappen,red_bull,2,1,2
0,2025,16,494,1.1545430421829224,1.1292871832847595,14,5,hamilton,ferrari,3,3,3
842,2025,16,494,1.0720096826553345,1.0467373643602644,14,5,leclerc,ferrari,4,4,4
844,2025,16,494,0.9710729122161865,0.9513665810227394,16,0,norris,mclaren,5,5,5
846,2025,16,494,0.6870577335357666,0.6687646920864398,13,2,albon,williams,6,6,6
452,2025,16,494,0.5562987327575684,0.534931861437284,13,210,gasly,alpine,7,7,7
838,2025,16,494,0.21782872080802917,0.19921274582544962,15,207,ocon,haas,8,8,8
855,2025,16,494,-0.03232571482658386,-0.05202530277892947,16,0,piastri,mclaren,9,9,9
850,2025,16,494,-0.858755886554718,-0.87511074084502,13,8,tsunoda,red_bull,10,10,10
845,2025,16,494,-0.9428732395172119,-0.9624873585999012,16,129,russell,mercedes,11,11,11
839,2025,16,494,-1.0117781162261963,-1.027958349386851,15,115,stroll,aston_martin,12,12,12
831,2025,17,495,1.246086597442627,1.2626233526638575,14,2,sainz,williams,1,1,2
829,2025,17,495,1.238041639328003,1.2564277052879333,16,8,max_verstappen,red_bull,2,1,2
807,2025,17,495,1.113413691520691,1.1316685517628988,15,14,hulkenberg,sauber,3,3,4
0,2025,17,495,1.1130872964859009,1.1282071908315023,15,5,hamilton,ferrari,4,3,4
842,2025,17,495,1.030555009841919,1.045658540725708,15,5,leclerc,ferrari,5,5,5
844,2025,17,495,0.9293511509895325,0.9500715557266685,17,0,norris,mclaren,6,6,6
3,2025,17,495,0.7856573462486267,0.8009774914154639,13,115,alonso,aston_martin,7,7,7
846,2025,17,495,0.6453737020492554,0.6670939070837838,14,2,albon,williams,8,8,8
452,2025,17,495,0.5145971179008484,0.53347937975611,14,210,gasly,alpine,9,9,9
838,2025,17,495,0.17608992755413055,0.19776756968349218,16,207,ocon,haas,10,10,10
850,2025,17,495,-0.9007625579833984,-0.8769430134977613,14,8,tsunoda,red_bull,11,11,11
845,2025,17,495,-0.9845997095108032,-0.9637880851240719,17,129,russell,mercedes,12,12,12
839,2025,17,495,-1.0536391735076904,-1.0295634008944035,16,115,stroll,aston_martin,13,13,13
831,2025,18,496,1.2579445838928223,1.2623114347457887,15,2,sainz,williams,1,1,2
829,2025,18,496,1.2498822212219238,1.2560426768134623,17,8,max_verstappen,red_bull,2,1,2
807,2025,18,496,1.1252127885818481,1.131265066564083,16,14,hulkenberg,sauber,3,3,4
0,2025,18,496,1.124990701675415,1.1280061602592468,16,5,hamilton,ferrari,4,3,4
842,2025,18,496,1.0424593687057495,1.0454585924744606,16,5,leclerc,ferrari,5,5,5
844,2025,18,496,0.9410244822502136,0.949568940533532,18,0,norris,mclaren,6,6,6
3,2025,18,496,0.7975420951843262,0.8007321059703827,14,115,alonso,aston_martin,7,7,7
846,2025,18,496,0.6570795774459839,0.6664262851079304,15,2,albon,williams,8,8,8
452,2025,18,496,0.5262877941131592,0.5329999407132466,15,210,gasly,alpine,9,9,9
838,2025,18,496,0.18774846196174622,0.19717821040574243,17,207,ocon,haas,10,10,10
855,2025,18,496,-0.06122946739196777,-0.052566724226755256,17,0,piastri,mclaren,11,11,11
850,2025,18,496,-0.8893358111381531,-0.8777692000071208,15,8,tsunoda,red_bull,12,12,12
845,2025,18,496,-0.9729303121566772,-0.9642959866258833,18,129,russell,mercedes,13,13,13
839,2025,18,496,-1.0420866012573242,-1.030300059739281,17,115,stroll,aston_martin,14,14,14
829,2025,19,497,1.271108627319336,1.2568796740637884,18,8,max_verstappen,red_bull,1,1,1
807,2025,19,497,1.146403193473816,1.1321555446175968,17,14,hulkenberg,sauber,2,2,3
0,2025,19,497,1.1462714672088623,1.1290805900798124,17,5,hamilton,ferrari,3,2,3
842,2025,19,497,1.0637409687042236,1.046534026370329,17,5,leclerc,ferrari,4,4,4
844,2025,19,497,0.9621062278747559,0.9502287977620175,19,0,norris,mclaren,5,5,5
3,2025,19,497,0.8188067674636841,0.8019370834032694,15,115,alonso,aston_martin,6,6,6
846,2025,19,497,0.6781893968582153,0.6671614795923233,16,2,albon,williams,7,7,7
452,2025,19,497,0.5473846197128296,0.5338989831507206,16,210,gasly,alpine,8,8,8
838,2025,19,497,0.2088174819946289,0.197824836605125,18,207,ocon,haas,9,9,9
855,2025,19,497,-0.04030255973339081,-0.05188538175490168,18,0,piastri,mclaren,10,10,10
850,2025,19,497,-0.8684672713279724,-0.877187829464674,16,8,tsunoda,red_bull,11,11,11
845,2025,19,497,-0.9518521428108215,-0.9636410474777222,19,129,russell,mercedes,12,12,12
839,2025,19,497,-1.0211091041564941,-1.029789451095793,18,115,stroll,aston_martin,13,13,13
831,2025,20,498,1.287453055381775,1.2638827860355377,16,2,sainz,williams,1,1,2
829,2025,20,498,1.2801103591918945,1.25810234170211,19,8,max_verstappen,red_bull,2,1,2
0,2025,20,498,1.155320167541504,1.1305383443832397,18,5,hamilton,ferrari,3,3,3
842,2025,20,498,1.0727903842926025,1.0479927129215665,18,5,leclerc,ferrari,4,4,4
844,2025,20,498,0.9709827899932861,0.9512664973735809,20,0,norris,mclaren,5,5,5
846,2025,20,498,0.687090277671814,0.6683337618322933,17,2,albon,williams,6,6,6
452,2025,20,498,0.5562741756439209,0.5352151709444383,17,210,gasly,alpine,7,7,7
838,2025,20,498,0.21768295764923096,0.19887000087060427,19,207,ocon,haas,8,8,8
855,2025,20,498,-0.031559981405735016,-0.05081562384178764,19,0,piastri,mclaren,9,9,9
850,2025,20,498,-0.859775185585022,-0.8761635562952828,17,8,tsunoda,red_bull,10,10,10
845,2025,20,498,-0.9429786205291748,-0.9626079261302948,20,129,russell,mercedes,11,11,11
839,2025,20,498,-1.0123229026794434,-1.0288701590738798,19,115,stroll,aston_martin,12,12,12
831,2025,21,499,1.2951257228851318,1.2657206058502197,17,2,sainz,williams,1,1,2
829,2025,21,499,1.2876708507537842,1.2595807671546937,20,8,max_verstappen,red_bull,2,1,2
807,2025,21,499,1.1619268655776978,1.133809506893158,18,14,hulkenberg,sauber,3,3,3
844,2025,21,499,0.9784349799156189,0.9525602346374875,21,0,norris,mclaren,4,4,4
3,2025,21,499,0.8343945741653442,0.8039656765758991,16,115,alonso,aston_martin,5,5,5
846,2025,21,499,0.6945635676383972,0.6697909732659658,18,2,albon,williams,6,6,6
452,2025,21,499,0.563737690448761,0.536799755361345,18,210,gasly,alpine,7,7,7
838,2025,21,499,0.22512559592723846,0.20018278062343597,20,207,ocon,haas,8,8,8
855,2025,21,499,-0.02422364056110382,-0.04948602467775345,20,0,piastri,mclaren,9,9,9
850,2025,21,499,-0.8524825572967529,-0.8748479452398088,18,8,tsunoda,red_bull,10,10,10
845,2025,21,499,-0.9355289340019226,-0.961318450314658,21,129,russell,mercedes,11,11,11
839,2025,21,499,-1.004948616027832,-1.0276740819215775,20,115,stroll,aston_martin,12,12,12
831,2025,22,500,1.2193011045455933,1.2631417446666293,18,2,sainz,williams,1,1,2
829,2025,22,500,1.2117493152618408,1.2573030789693196,21,8,max_verstappen,red_bull,2,1,2
807,2025,22,500,1.0861142873764038,1.1312992321817499,19,14,hulkenberg,sauber,3,3,4
0,2025,22,500,1.085833191871643,1.1281854416194714,19,5,hamilton,ferrari,4,3,4
842,2025,22,500,1.0033040046691895,1.0456406756451255,19,5,leclerc,ferrari,5,5,5
3,2025,22,500,0.758637547492981,0.8012993160416099,17,115,alonso,aston_martin,6,6,6
452,2025,22,500,0.48773208260536194,0.5342172462689249,19,210,gasly,alpine,7,7,7
838,2025,22,500,0.14910203218460083,0.1977503640311105,21,207,ocon,haas,8,8,8
850,2025,22,500,-0.928635835647583,-0.877678886840218,19,8,tsunoda,red_bull,9,9,9
845,2025,22,500,-1.0115464925765991,-0.9636015431447462,22,129,russell,mercedes,10,10,10
831,2025,23,501,1.2755646705627441,1.263795582871688,19,2,sainz,williams,1,1,2
829,2025,23,501,1.267928957939148,1.2577860734679482,22,8,max_verstappen,red_bull,2,1,2
0,2025,23,501,1.1422055959701538,1.1288864493370057,20,5,hamilton,ferrari,3,3,3
842,2025,23,501,1.0596768856048584,1.046342486143112,20,5,leclerc,ferrari,4,4,4
844,2025,23,501,0.9610593318939209,0.9529465572400526,22,0,norris,mclaren,5,5,5
3,2025,23,501,0.8149596452713013,0.8020582232210371,18,115,alonso,aston_martin,6,6,6
846,2025,23,501,0.6772061586380005,0.6701812461802834,19,2,albon,williams,7,7,7
452,2025,23,501,0.543839156627655,0.5346983417868614,20,210,gasly,alpine,8,8,8
838,2025,23,501,0.20519354939460754,0.19808869063854218,22,207,ocon,haas,9,9,9
855,2025,23,501,-0.04169945418834686,-0.04911523560682932,21,0,piastri,mclaren,10,10,10
850,2025,23,501,-0.8726565837860107,-0.8774277716875076,20,8,tsunoda,red_bull,11,11,11
845,2025,23,501,-0.9554498195648193,-0.9632471203804016,23,129,russell,mercedes,12,12,12
839,2025,23,501,-1.0223917961120605,-1.0274225445020766,21,115,stroll,aston_martin,13,13,13
831,2025,24,502,1.2580883502960205,1.2635102212429046,20,2,sainz,williams,1,1,2
829,2025,24,502,1.2503799200057983,1.257464066795681,23,8,max_verstappen,red_bull,2,1,2
807,2025,24,502,1.1243284940719604,1.1309506952762605,20,14,hulkenberg,sauber,3,3,4
0,2025,24,502,1.1248232126235962,1.1286929618744623,21,5,hamilton,ferrari,4,3,4
842,2025,24,502,1.0422950983047485,1.0461497533889044,21,5,leclerc,ferrari,5,5,5
844,2025,24,502,0.9430972933769226,0.9525183283764384,23,0,norris,mclaren,6,6,6
3,2025,24,502,0.7975339293479919,0.8018201024908769,19,115,alonso,aston_martin,7,7,7
846,2025,24,502,0.6592598557472229,0.6696351766586304,20,2,albon,williams,8,8,8
452,2025,24,502,0.5262274146080017,0.5342949643021538,21,210,gasly,alpine,9,9,9
838,2025,24,502,0.1875682920217514,0.19763128200302954,23,207,ocon,haas,10,10,10
855,2025,24,502,-0.05974827706813812,-0.04959855567325245,22,0,piastri,mclaren,11,11,11
850,2025,24,502,-0.8903788924217224,-0.8780444917224702,21,8,tsunoda,red_bull,12,12,12
845,2025,24,502,-0.973070502281189,-0.963656427959601,24,129,russell,mercedes,13,13,13
839,2025,24,502,-1.040412425994873,-1.0280129936608402,22,115,stroll,aston_martin,14,14,14
