{
  "feature_cols": [
    "avg_qualifying_pos",
    "teammate_delta",
    "crash_rate",
    "podium_rate",
    "experience",
    "points_per_finish",
    "altitude_m",
    "length_m",
    "corners_count",
    "rotation",
    "avg_track_temp"
  ],
  "mean": [
    10.517418611308537,
    0.021457691700228994,
    0.05987868198689093,
    0.15049751243781095,
    76.37935323383084,
    5.850629047224197,
    263.68594527363183,
    5089.6766169154225,
    16.23818407960199,
    140.66853233830847,
    34.97307213930348
  ],
  "scale": [
    4.912779901592021,
    2.441667672070151,
    0.07802569192721039,
    0.25306529007074074,
    43.94279548690074,
    6.138702071851529,
    448.7074335764265,
    852.1199477618331,
    3.7426358453090667,
    128.83312977722085,
    9.713924970018768
  ]
}