driverId,constructorId,top3,year,round,raceId,prediction_prob_top3,prediction_prob_from_shap,driver_importance_raw,constructor_importance_raw,driver_importance_norm,constructor_importance_norm,driver_signed,constructor_signed,driver_delta_prob,constructor_delta_prob,base_logit,model_logit,logit_from_shap,driver_name,constructor_name,race_name
845,2,0,2021,1,389,0.019967005,0.020710531492383936,0.6314413256372651,0.41304794447411053,0.6045455359913166,0.3954544640077261,-0.5652767404126613,-0.3735478917269179,-0.015173880486944888,-0.009099785913010763,-2.917360305786133,-3.893505,-3.856184937925712,George Russell,Williams,Bahrain Grand Prix
19,115,0,2021,1,389,0.26045325,0.3213225996642137,2.396258792658168,0.5376185733134649,0.8167549265862942,0.18324507341336493,2.356488315105027,-0.18682831216514695,0.2783877908360043,-0.04202312225295013,-2.917360305786133,-1.043614,-0.7477003028462527,Sebastian Vettel,Aston Martin,Bahrain Grand Prix
852,207,0,2021,1,389,0.0036105334,0.0033894325236078055,1.1090145836579746,1.9876174830532518,0.35813572932332377,0.6418642706763533,-0.9193189824818746,-1.8470182908374184,-0.005066638568746581,-0.017720425441130908,-2.917360305786133,-5.6202826,-5.683697579105425,Mick Schumacher,Haas F1 Team,Bahrain Grand Prix
838,210,0,2021,1,389,0.020866107,0.025519637661326238,0.6280025929994466,0.3718910172021749,0.6280694131770542,0.37193058682194574,-0.5963986142852643,-0.12869718699605437,-0.01986835061812801,-0.003403635295842082,-2.917360305786133,-3.8485422,-3.6424561070674515,Esteban Ocon,Alpine F1 Team,Bahrain Grand Prix
847,2,0,2021,1,389,0.0072417054,0.004553467663632771,1.7189945724214755,0.8712279534753046,0.6636474492961434,0.33635255070347053,-1.6383730675912027,-0.8315689727595186,-0.01844795159283362,-0.005844079475635581,-2.917360305786133,-4.9206305,-5.387302346136854,Nicholas Latifi,Williams,Bahrain Grand Prix
3,210,0,2021,1,389,0.18213466,0.21157835596775276,1.6556431897261845,0.33467073454086577,0.8318502772546582,0.1681497227448393,1.5946179805471141,0.007304704492305081,0.15991964448190546,0.0012159521264675788,-2.917360305786133,-1.5019513,-1.3154376207467136,Fernando Alonso,Alpine F1 Team,Bahrain Grand Prix
851,207,0,2021,1,389,0.0012516654,0.001211716646214169,1.9874467136732012,2.0420043711224767,0.4932301377653988,0.5067698622343529,-1.8940107120634402,-1.903133739702573,-0.006786597289696689,-0.006859308363735208,-2.917360305786133,-6.682028,-6.714504757552145,Nikita Mazepin,Haas F1 Team,Bahrain Grand Prix
452,209,0,2021,1,389,0.010497785,0.011283908289583316,0.4693997485421308,1.2647735223912269,0.270676383040561,0.7293236169588623,-0.3721138576400168,-1.183555395336754,-0.005003912734518954,-0.02465014960059582,-2.917360305786133,-4.5460377,-4.473029558762904,Pierre Gasly,AlphaTauri,Bahrain Grand Prix
840,49,0,2021,1,389,0.0019889667,0.0015951705883936527,1.79664067850914,1.913374775594956,0.4842677074353355,0.5157322925643949,-1.6953840178732293,-1.8264338286063546,-0.007035250228626092,-0.008231845489181438,-2.917360305786133,-6.218149,-6.4391781522657165,Antonio Giovinazzi,Alfa Romeo,Bahrain Grand Prix
7,49,0,2021,1,389,0.04051528,0.03901807904431129,1.4869114755503023,1.797442813056743,0.45272566382613855,0.5472743361735569,1.4346049206546096,-1.7211751069653625,0.029438875160296613,-0.1459935162910749,-2.917360305786133,-3.1647172,-3.2039304920968856,Kimi Räikkönen,Alfa Romeo,Bahrain Grand Prix
0,129,1,2021,1,389,0.52605075,0.6366881668783854,1.760382585475491,1.8524616412262116,0.4872567082921594,0.5127432917075637,1.725717112766608,1.7526616848784107,0.39887359700940855,0.4037229860506025,-2.917360305786133,0.104297295,0.5610184918588859,Lewis Hamilton,Mercedes,Bahrain Grand Prix
850,209,0,2021,1,389,0.0058852965,0.006873170575442717,1.0292637975818084,1.1411883322507717,0.47421630886682,0.5257836911327192,-0.9900968428937631,-1.0657757206734808,-0.011413336697107286,-0.012822636528637578,-2.917360305786133,-5.1293955,-4.973232869353376,Yuki Tsunoda,AlphaTauri,Bahrain Grand Prix
831,5,0,2021,1,389,0.28335705,0.2649586308684525,0.47641202071434874,2.3684232943494328,0.1674655886727489,0.8325344113268995,-0.41410417262275834,2.3111114001166824,-0.087956716486639,0.2304512253639745,-2.917360305786133,-0.9278698,-1.0203530782922088,Carlos Sainz,Ferrari,Bahrain Grand Prix
816,0,0,2021,1,389,0.29837483,0.3165755224240171,0.8412857181160553,1.4266994248905713,0.3709396953987129,0.6290603046008463,0.7916648688644154,1.3561411111064903,0.14310375230023434,0.20995119085271566,-2.917360305786133,-0.8550488,-0.7695543258152271,Daniel Ricciardo,McLaren,Bahrain Grand Prix
842,5,0,2021,1,389,0.4536611,0.4892510577965167,0.8395062175863992,2.2395014548263177,0.27265479885221844,0.7273452011474568,0.6855584132173822,2.188799498289849,0.16374043007113642,0.3923202604657339,-2.917360305786133,-0.18588889,-0.04300239427890151,Charles Leclerc,Ferrari,Bahrain Grand Prix
814,8,0,2021,1,389,0.3254422,0.3951986901777775,0.4110975578907691,2.232957494732786,0.15547995397550568,0.8445200460241161,0.3272643765311083,2.164584590221434,0.074981902836458,0.32542013427903094,-2.917360305786133,-0.7288724,-0.42551133903359073,Sergio Pérez,Red Bull,Bahrain Grand Prix
844,0,0,2021,1,389,0.28839847,0.2844964938961188,0.7709825523673577,1.3705552672575951,0.36001351239364043,0.6399864876058926,0.6867351833282884,1.3083595530092476,0.11776910176245348,0.1874626388668941,-2.917360305786133,-0.9031749,-0.9222655694485971,Lando Norris,McLaren,Bahrain Grand Prix
821,129,1,2021,1,389,0.4877169,0.4976589382718749,1.14136002929214,1.9271826414118967,0.37195507828147556,0.6280449217181986,1.0813195588163906,1.826676431627794,0.24616941596630382,0.36013871858712554,-2.917360305786133,-0.04914233,-0.00936431534194826,Valtteri Bottas,Mercedes,Bahrain Grand Prix
829,8,1,2021,1,389,0.45926192,0.4112055689000538,1.0914352254888093,1.6246456162662708,0.4018419513548583,0.5981580486447735,0.9805837471352072,1.5777927064254766,0.20362439322019324,0.28520315605759106,-2.917360305786133,-0.16331446,-0.35898385222544893,Max Verstappen,Red Bull,Bahrain Grand Prix
839,115,0,2021,1,389,0.01237194,0.011377264903683541,0.9463824370487753,0.8066031551916509,0.5398689191955645,0.460131080803865,-0.9277339162262721,-0.6196015184326514,-0.016901389471376517,-0.009559403863855133,-2.917360305786133,-4.379875,-4.464695740445056,Lance Stroll,Aston Martin,Bahrain Grand Prix
840,49,0,2021,2,390,0.0019889667,0.002131395414076131,1.573832143465239,1.846169016819687,0.46018468114603217,0.5398153188536754,-1.46570944345817,-1.7657749704671488,-0.007033794057867719,-0.010201571095481688,-2.917360305786133,-6.218149,-6.148844719711452,Antonio Giovinazzi,Alfa Romeo,Emilia Romagna Grand Prix
19,115,0,2021,2,390,0.26045325,0.2816230977703487,2.3315775829356338,0.5915443921207268,0.797632669054079,0.2023673309455788,2.2935900042796344,-0.31265441902746904,0.24357138968679562,-0.06730134384057601,-2.917360305786133,-1.043614,-0.9364247205339674,Sebastian Vettel,Aston Martin,Emilia Romagna Grand Prix
852,207,0,2021,2,390,0.0036105334,0.003182030439961888,1.2049662489625423,1.9499164341384185,0.3819369434611714,0.6180630565385116,-1.0213545765518879,-1.8083337966115507,-0.005604638478701252,-0.015919230482500022,-2.917360305786133,-5.6202826,-5.747048678949572,Mick Schumacher,Haas F1 Team,Emilia Romagna Grand Prix
851,207,0,2021,2,390,0.0012516654,0.00139754979589168,2.0741773016868406,1.8088329730121435,0.5341673482558835,0.4658326517438589,-1.9884368152670433,-1.6658390731143693,-0.008721154821027966,-0.005951579847811269,-2.917360305786133,-6.682028,-6.571636194167546,Nikita Mazepin,Haas F1 Team,Emilia Romagna Grand Prix
3,210,0,2021,2,390,0.18213466,0.20065647201674147,1.6485999601233003,0.3535170292041931,0.8234283855091994,0.17657161449030115,1.5886182186044735,-0.0534543621501825,0.15189455062963758,-0.008711042850254341,-2.917360305786133,-1.5019513,-1.3821964493318417,Fernando Alonso,Alpine F1 Team,Emilia Romagna Grand Prix
845,2,0,2021,2,390,0.019967005,0.016548630038266912,0.6920972408308855,0.5732837058374205,0.546947733528469,0.45305226647074065,-0.6250602334828121,-0.5423443301892751,-0.01393213052027957,-0.01158041008540046,-2.917360305786133,-3.893505,-4.08476486945822,George Russell,Williams,Emilia Romagna Grand Prix
847,2,0,2021,2,390,0.0072417054,0.007085267798029094,1.565137630944551,0.5693554500849737,0.7332596412956789,0.2667403587038526,-1.4961048706029048,-0.5291619447737228,-0.023787474897387823,-0.004882891698625258,-2.917360305786133,-4.9206305,-4.94262712116276,Nicholas Latifi,Williams,Emilia Romagna Grand Prix
7,49,0,2021,2,390,0.04051528,0.04152868277443866,1.467519964767979,1.717298508813168,0.46078606267231786,0.5392139373273681,1.41683834152848,-1.6384333334400374,0.03113175571859806,-0.1408190048188757,-2.917360305786133,-3.1647172,-3.13895529769769,Kimi Räikkönen,Alfa Romeo,Emilia Romagna Grand Prix
821,129,0,2021,2,390,0.4877169,0.4762925252077527,1.0634990991310829,1.9145459324087086,0.35711316916549307,0.6428868308341711,1.0082019277510206,1.8142573180386854,0.2271335856343796,0.3472170916887969,-2.917360305786133,-0.04914233,-0.09490105999642684,Valtteri Bottas,Mercedes,Emilia Romagna Grand Prix
850,209,0,2021,2,390,0.0058852965,0.006991689899163365,0.9305771072097869,1.2233569136095883,0.432036031844353,0.5679639681551828,-0.8932993915238907,-1.1453570488181861,-0.009919609401024935,-0.01466259606982686,-2.917360305786133,-5.1293955,-4.95601674612821,Yuki Tsunoda,AlphaTauri,Emilia Romagna Grand Prix
452,209,0,2021,2,390,0.010497785,0.010682800333816597,0.5385550150920142,1.209818267509406,0.30803205496848207,0.6919679450309459,-0.4782867652634461,-1.1327329341179806,-0.0064396637503116565,-0.021748981446480874,-2.917360305786133,-4.5460377,-4.528380005167559,Pierre Gasly,AlphaTauri,Emilia Romagna Grand Prix
838,210,0,2021,2,390,0.020866107,0.020977295556986627,0.7134093850324541,0.480564334097751,0.5975084489728688,0.4024915510262936,-0.6776399312582124,-0.24811390778994585,-0.0195085668226594,-0.005749446682636276,-2.917360305786133,-3.8485422,-3.843114144834291,Esteban Ocon,Alpine F1 Team,Emilia Romagna Grand Prix
839,115,0,2021,2,390,0.01237194,0.013981220675498656,0.8335571789917156,0.7656878811636447,0.5212191675678632,0.47878083243151137,-0.8171524109115831,-0.5214476348537769,-0.01712316839175726,-0.009346410265147882,-2.917360305786133,-4.379875,-4.255960351551493,Lance Stroll,Aston Martin,Emilia Romagna Grand Prix
816,0,0,2021,2,390,0.29837483,0.27324861214328855,0.6689586554975834,1.3871915250478737,0.32534523101799706,0.6746547689815167,0.6180522699000922,1.3211056347440187,0.10474288476931173,0.18206832674374135,-2.917360305786133,-0.8550488,-0.9782024011420221,Daniel Ricciardo,McLaren,Emilia Romagna Grand Prix
831,5,0,2021,2,390,0.28335705,0.2682819041973274,0.5448790251115563,2.459709267090201,0.18134898099868732,0.8186510190009798,-0.49076679989462785,2.404770089923601,-0.10630461084137455,0.23623946842934615,-2.917360305786133,-0.9278698,-1.0033570157571594,Carlos Sainz,Ferrari,Emilia Romagna Grand Prix
842,5,0,2021,2,390,0.4536611,0.39715797892482535,0.7266146820006087,1.9556589310803787,0.2708950639698959,0.7291049360297314,0.5857824020547359,1.9142568629297387,0.12882629373729754,0.3086167378688262,-2.917360305786133,-0.18588889,-0.4173210408016583,Charles Leclerc,Ferrari,Emilia Romagna Grand Prix
844,0,1,2021,2,390,0.28839847,0.31123627390964237,0.7335660458166975,1.5527446405082075,0.32085142680041273,0.6791485731991499,0.6376552079782183,1.4853591554693444,0.11844920059226707,0.2184184922306176,-2.917360305786133,-0.9031749,-0.7943459423385701,Lando Norris,McLaren,Emilia Romagna Grand Prix
0,129,1,2021,2,390,0.52605075,0.42460916769435497,1.3553378505137998,1.3729143879174777,0.496778791719277,0.5032212082803563,1.321267069917174,1.2922128580139611,0.26011297060898286,0.2560808201780282,-2.917360305786133,0.104297295,-0.30388037785499766,Lewis Hamilton,Mercedes,Emilia Romagna Grand Prix
829,8,1,2021,2,390,0.45926192,0.4650084455167936,1.2280414184127801,1.7089722041040716,0.4181258844009042,0.5818741155987553,1.1166592765524062,1.6605056362991473,0.24349262700094398,0.3232426950188232,-2.917360305786133,-0.16331446,-0.1401953929345794,Max Verstappen,Red Bull,Emilia Romagna Grand Prix
814,8,0,2021,2,390,0.3254422,0.3341339728667332,0.366889636509039,2.005291791219923,0.15466339640814522,0.8453366035914333,0.28121316050294315,1.9466006843573411,0.05940485342560786,0.2672859995496402,-2.917360305786133,-0.7288724,-0.6895464609258486,Sergio Pérez,Red Bull,Emilia Romagna Grand Prix
19,115,0,2021,3,391,0.26045325,0.275730615645215,2.3251860992305238,0.6132987638399193,0.7912874176932562,0.2087125823064035,2.287461612830926,-0.33584034924633277,0.23851856916845218,-0.07180289358171982,-2.917360305786133,-1.043614,-0.9657390422015396,Sebastian Vettel,Aston Martin,Portuguese Grand Prix
839,115,0,2021,3,391,0.01237194,0.01532275294297806,0.911809891550331,0.6402373990655791,0.5874884722023538,0.41251152779700195,-0.8942878738271389,-0.35132689571563125,-0.02133841140652095,-0.006310601553765524,-2.917360305786133,-4.379875,-4.162975075328903,Lance Stroll,Aston Martin,Portuguese Grand Prix
850,209,0,2021,3,391,0.0058852965,0.006280417237728749,1.0998344327036358,1.1703334427823382,0.48447273198582724,0.515527268013732,-1.0579739857706607,-1.0886843480002786,-0.011599338270892389,-0.012146675279718903,-2.917360305786133,-5.1293955,-5.064018639557072,Yuki Tsunoda,AlphaTauri,Portuguese Grand Prix
7,49,0,2021,3,391,0.04051528,0.039291489332303926,1.3846399534292178,1.6859686816186474,0.4509333874804214,0.5490666125192529,1.3348013917532784,-1.614104191169333,0.02864123884620378,-0.13114189329533318,-2.917360305786133,-3.1647172,-3.1966631052021874,Kimi Räikkönen,Alfa Romeo,Portuguese Grand Prix
847,2,0,2021,3,391,0.0072417054,0.006049653892288596,1.7642041665164743,0.5313288040698317,0.7685379339444239,0.23146206605514041,-1.6891274403418328,-0.4951984431467785,-0.025855615960004106,-0.0038384285535112347,-2.917360305786133,-4.9206305,-5.101686189274744,Nicholas Latifi,Williams,Portuguese Grand Prix
851,207,0,2021,3,391,0.0012516654,0.001252893243268808,2.040170450558138,1.965849280440732,0.5092761862281012,0.490723813771649,-1.9526110963914112,-1.8110747266530538,-0.007509935758149431,-0.006362255996361152,-2.917360305786133,-6.682028,-6.681046128830598,Nikita Mazepin,Haas F1 Team,Portuguese Grand Prix
840,49,0,2021,3,391,0.0019889667,0.0025480050522134487,1.5391572217962748,1.6929073474819498,0.47621487405479607,0.5237851259448945,-1.4387703006472659,-1.6137626952836537,-0.008105844316847723,-0.010117451427743201,-2.917360305786133,-6.218149,-5.969893301717052,Antonio Giovinazzi,Alfa Romeo,Portuguese Grand Prix
845,2,0,2021,3,391,0.019967005,0.01992314985454541,0.6870720629590206,0.42245250223543007,0.6192490770476883,0.3807509229514103,-0.6187175881614491,-0.35967072827407504,-0.016444470880044488,-0.00837980414636236,-2.917360305786133,-3.893505,-3.895748622221657,George Russell,Williams,Portuguese Grand Prix
831,5,0,2021,3,391,0.28335705,0.27217689861583916,0.528462934745064,2.4573473230431313,0.17699146600707227,0.8230085339925929,-0.46938043773928684,2.4031349349205455,-0.10202662490217712,0.23946446977458918,-2.917360305786133,-0.9278698,-0.983605808604874,Carlos Sainz,Ferrari,Portuguese Grand Prix
852,207,0,2021,3,391,0.0036105334,0.0038736240426074623,1.1083956440346538,1.8347872410237676,0.376597611266782,0.6234023887328782,-0.9303327566884041,-1.7019905565836817,-0.005889315203964709,-0.01700983912078767,-2.917360305786133,-5.6202826,-5.549683619058219,Mick Schumacher,Haas F1 Team,Portuguese Grand Prix
816,0,0,2021,3,391,0.29837483,0.25818489368077235,0.632397855119856,1.344933340572264,0.3198239407223733,0.6801760592771209,0.5764179479205841,1.2855182990373277,0.09460671268592985,0.17039647371009375,-2.917360305786133,-0.8550488,-1.055424058828221,Daniel Ricciardo,McLaren,Portuguese Grand Prix
452,209,0,2021,3,391,0.010497785,0.012301081985283069,0.4821978692808753,1.1618493179241802,0.2932992878995993,0.7067007120997925,-0.38139149401526884,-1.0869388878599042,-0.005609349732232434,-0.023312952725233864,-2.917360305786133,-4.5460377,-4.385690687661306,Pierre Gasly,AlphaTauri,Portuguese Grand Prix
829,8,1,2021,3,391,0.45926192,0.40792977481673975,1.0421969216499098,1.6754678677244594,0.38348987179152777,0.6165101282081041,0.9165148575261182,1.6283152358333761,0.19191528831953913,0.28881559086471925,-2.917360305786133,-0.16331446,-0.37253021242663875,Max Verstappen,Red Bull,Portuguese Grand Prix
821,129,1,2021,3,391,0.4877169,0.4580265534066694,1.06924571434813,1.8347648346809218,0.3681962225327526,0.631803777466903,1.0114426460617243,1.7376278103141547,0.22292625573550143,0.3285863765241316,-2.917360305786133,-0.04914233,-0.16828984941025382,Valtteri Bottas,Mercedes,Portuguese Grand Prix
814,8,0,2021,3,391,0.3254422,0.2285776850638363,0.2079189620474225,1.6720938380693897,0.11059443958806722,0.8894055604114008,0.07818268381587576,1.6228177797262613,0.013492751450285195,0.17333424174683787,-2.917360305786133,-0.7288724,-1.2163598422439956,Sergio Pérez,Red Bull,Portuguese Grand Prix
0,129,1,2021,3,391,0.52605075,0.5613543124911765,1.564411239102491,1.728178839641469,0.47513088531773723,0.5248691146819591,1.530962272925394,1.6330583148475517,0.3445354930938309,0.36137089945381756,-2.917360305786133,0.104297295,0.2466602819868129,Lewis Hamilton,Mercedes,Portuguese Grand Prix
842,5,0,2021,3,391,0.4536611,0.4648151262187128,0.8642489165183839,2.084115642196542,0.29312824086271827,0.7068717591369426,0.7371988098117155,2.0391889988082776,0.1712582539162667,0.3632689332839744,-2.917360305786133,-0.18588889,-0.14097249716613947,Charles Leclerc,Ferrari,Portuguese Grand Prix
838,210,0,2021,3,391,0.020866107,0.028483185627405216,0.5448352997407997,0.33956247455227606,0.6160523189643777,0.38394768103449156,-0.5053273851671641,-0.10685695017143805,-0.017860546087485458,-0.003110707309780119,-2.917360305786133,-3.8485422,-3.529544641124735,Esteban Ocon,Alpine F1 Team,Portuguese Grand Prix
3,210,0,2021,3,391,0.18213466,0.1923999760925744,1.6091195398937312,0.33820500517077945,0.8263232464106789,0.17367675358880755,1.5511020977027554,-0.06823229398572798,0.14431896425269472,-0.010825085853330974,-2.917360305786133,-1.5019513,-1.4344905020691054,Fernando Alonso,Alpine F1 Team,Portuguese Grand Prix
844,0,0,2021,3,391,0.28839847,0.2533746703349314,0.6269558686793926,1.3659470901920712,0.3145942786065755,0.6854057213929227,0.5357249787906845,1.3009411380785516,0.08767536738961595,0.1687908130886615,-2.917360305786133,-0.9031749,-1.0806941889168966,Lando Norris,McLaren,Portuguese Grand Prix
850,209,0,2021,4,392,0.0058852965,0.004338796027657714,1.0542335111088095,1.5932256493405297,0.39820576908520916,0.6017942309144131,-1.0143073948793582,-1.5041424457543142,-0.007534691633210204,-0.014894952177446593,-2.917360305786133,-5.1293955,-5.435810146419805,Yuki Tsunoda,AlphaTauri,Spanish Grand Prix
7,49,0,2021,4,392,0.04051528,0.028311245251040826,1.2681474713804595,1.9165197626803585,0.39820407539503805,0.6017959246046479,1.2194216994247755,-1.8378378512397626,0.01977785177629679,-0.1264234414975548,-2.917360305786133,-3.1647172,-3.53577645760112,Kimi Räikkönen,Alfa Romeo,Spanish Grand Prix
851,207,0,2021,4,392,0.0012516654,0.0016315832694625085,2.033080577724932,1.6910788369168848,0.5459166355046926,0.4540833644950389,-1.948351400634365,-1.5508597824700212,-0.009706108583523861,-0.006015824778352625,-2.917360305786133,-6.682028,-6.416571488890519,Nikita Mazepin,Haas F1 Team,Spanish Grand Prix
852,207,0,2021,4,392,0.0036105334,0.0037797576714324976,1.1237331307552967,1.8584022769435045,0.3768216318594538,0.6231783681402108,-0.948095361600346,-1.7088527930992514,-0.005917062742224293,-0.016743581647945777,-2.917360305786133,-5.6202826,-5.57430846048573,Mick Schumacher,Haas F1 Team,Spanish Grand Prix
847,2,0,2021,4,392,0.0072417054,0.007056678472952369,1.5623328039414681,0.5828760324601168,0.7282893755749335,0.2717106244246004,-1.4906151756802943,-0.5387236333850258,-0.023531261859781858,-0.004976570462199052,-2.917360305786133,-4.9206305,-4.946699114851453,Nicholas Latifi,Williams,Spanish Grand Prix
840,49,0,2021,4,392,0.0019889667,0.0019226822829871157,1.6325808108734206,1.8929229770182179,0.463077310108151,0.5369226898915652,-1.5250300075613956,-1.8097191991244939,-0.0068519287309122675,-0.009708224016898366,-2.917360305786133,-6.218149,-6.252109512472023,Antonio Giovinazzi,Alfa Romeo,Spanish Grand Prix
845,2,0,2021,4,392,0.019967005,0.017702184543645076,0.6907785953922769,0.5258260173731102,0.5677921883113232,0.43220781168785477,-0.6197167137559427,-0.47912946472046614,-0.014703163777156789,-0.010573304554347254,-2.917360305786133,-3.893505,-4.016206484262542,George Russell,Williams,Spanish Grand Prix
19,115,0,2021,4,392,0.26045325,0.2959571701731159,2.391395800869163,0.5488010184145169,0.8133454825826814,0.18665451741697842,2.3550877281374154,-0.30435186598747654,0.2576003889915005,-0.06706462216365777,-2.917360305786133,-1.043614,-0.866624443636194,Sebastian Vettel,Aston Martin,Spanish Grand Prix
839,115,0,2021,4,392,0.01237194,0.011309400455331445,0.9543698211441192,0.7669889419439297,0.5544281887126559,0.44557181128676315,-0.9367242374741296,-0.6166626191188299,-0.017050123907140093,-0.009443773324982767,-2.917360305786133,-4.379875,-4.470747162379093,Lance Stroll,Aston Martin,Spanish Grand Prix
3,210,0,2021,4,392,0.18213466,0.1840927160397797,1.635696554967847,0.3718925523168367,0.8147566397086873,0.18524336029081456,1.57576691741706,-0.14726781532290228,0.13950259556308361,-0.02315543250408786,-2.917360305786133,-1.5019513,-1.488861203691975,Fernando Alonso,Alpine F1 Team,Spanish Grand Prix
838,210,0,2021,4,392,0.020866107,0.02120157515428665,0.7740146038607161,0.40365493945959574,0.6572426095675434,0.34275739043160747,-0.7372233308501637,-0.17766660701171622,-0.022111281495613627,-0.004018199592263225,-2.917360305786133,-3.8485422,-3.8322502436480126,Esteban Ocon,Alpine F1 Team,Spanish Grand Prix
844,0,0,2021,4,392,0.28839847,0.2247451865150668,0.5677682731708906,1.2799126028823402,0.30728697824884893,0.6927130217506098,0.46652604487675503,1.212609750061954,0.07089935335909262,0.14536762381687135,-2.917360305786133,-0.9031749,-1.2382245108474237,Lando Norris,McLaren,Spanish Grand Prix
831,5,0,2021,4,392,0.28335705,0.21589827000790093,0.5571872199956593,2.200549908024905,0.20204508048792616,0.7979549195117112,-0.5278055519830482,2.155434412749871,-0.10233001009881768,0.18498491872656314,-2.917360305786133,-0.9278698,-1.2897314450193105,Carlos Sainz,Ferrari,Spanish Grand Prix
816,0,0,2021,4,392,0.29837483,0.288762199777721,0.6338874126323808,1.5132338609585885,0.2952266462210286,0.7047733537785056,0.5710337226208059,1.4449232617151369,0.10218972192841269,0.20140400136508263,-2.917360305786133,-0.8550488,-0.9014033214501902,Daniel Ricciardo,McLaren,Spanish Grand Prix
814,8,0,2021,4,392,0.3254422,0.41228736225017176,0.4836839200434627,2.207464453476214,0.1797314205350508,0.8202685794645775,0.4189313099753517,2.1439114660925673,0.09655383662782496,0.3363189755853865,-2.917360305786133,-0.7288724,-0.3545175297182137,Sergio Pérez,Red Bull,Spanish Grand Prix
842,5,0,2021,4,392,0.4536611,0.43466265933973064,0.8022765760840388,2.021051745339176,0.28415985841821406,0.7158401415814317,0.6736896497668283,1.9808182743941631,0.15306329430037063,0.33876583819272926,-2.917360305786133,-0.18588889,-0.26285238162514135,Charles Leclerc,Ferrari,Spanish Grand Prix
821,129,1,2021,4,392,0.4877169,0.49748451394036836,1.0668768868866674,1.9968009626404342,0.3482340308890501,0.6517659691106236,1.01343851136284,1.8938597652919253,0.23313841517225609,0.3678192657579137,-2.917360305786133,-0.04914233,-0.010062029131367556,Valtteri Bottas,Mercedes,Spanish Grand Prix
829,8,1,2021,4,392,0.45926192,0.41743768911943424,1.1639966882475306,1.5696986675792908,0.42579605140202154,0.5742039485976126,1.0552536337774583,1.5288058063553307,0.21779906606678218,0.2829799980269371,-2.917360305786133,-0.16331446,-0.3333008656533438,Max Verstappen,Red Bull,Spanish Grand Prix
0,129,1,2021,4,392,0.52605075,0.5289270568258603,1.5580137219044232,1.6030644003055863,0.492874159280402,0.5071258407192816,1.5202963059315893,1.5129015826469157,0.3318175242261343,0.3306446331194749,-2.917360305786133,0.104297295,0.1158375827923721,Lewis Hamilton,Mercedes,Spanish Grand Prix
452,209,0,2021,4,392,0.010497785,0.008532169505585607,0.5027778315229042,1.4932411505026038,0.2518903056785795,0.7481096943209194,-0.4362197088471335,-1.4017628200578733,-0.004604511871824099,-0.025245957904618033,-2.917360305786133,-4.5460377,-4.75534283469114,Pierre Gasly,AlphaTauri,Spanish Grand Prix
3,210,0,2021,5,393,0.18213466,0.1531304230424978,1.5567533094560528,0.4291998262684261,0.7838821981503419,0.2161178018491545,1.5026469403583946,-0.2955433385675993,0.11444741010498494,-0.04236127611409088,-2.917360305786133,-1.5019513,-1.7102567039953374,Fernando Alonso,Alpine F1 Team,Monaco Grand Prix
845,2,0,2021,5,393,0.019967005,0.02044961063032867,0.5402225659863567,0.5290050646521852,0.5052456095464264,0.4947543904526382,-0.46018764736534595,-0.4915818846551808,-0.011567554338825087,-0.012554952335778538,-2.917360305786133,-3.893505,-3.8691298378066596,George Russell,Williams,Monaco Grand Prix
847,2,0,2021,5,393,0.0072417054,0.006463257040005543,1.6701140285912182,0.5565830929779882,0.7500409518711278,0.249959048128423,-1.5998654390782612,-0.5179119233004433,-0.024747864272170062,-0.004338074793107741,-2.917360305786133,-4.9206305,-5.035137668164837,Nicholas Latifi,Williams,Monaco Grand Prix
842,5,0,2021,5,393,0.4536611,0.49867575934908676,0.8726581788195913,2.2059633726623997,0.28345743841078047,0.7165425615888947,0.7528632304690468,2.159200100328282,0.17962992062436844,0.39569148337224763,-2.917360305786133,-0.18588889,-0.005296974988803882,Charles Leclerc,Ferrari,Monaco Grand Prix
851,207,0,2021,5,393,0.0012516654,0.0011338800301123294,2.0997084267136574,1.9957290179488736,0.5126945424229677,0.487305457576788,-2.0150175700995794,-1.8485974735807105,-0.007308960573131292,-0.006023857375220914,-2.917360305786133,-6.682028,-6.780975349466423,Nikita Mazepin,Haas F1 Team,Monaco Grand Prix
852,207,0,2021,5,393,0.0036105334,0.0027905451278522563,1.257351374920733,2.0183012694089144,0.38384759052425793,0.6161524094754368,-1.0771827811019397,-1.8841807830616808,-0.00535955890904314,-0.015292302634679766,-2.917360305786133,-5.6202826,-5.878723869949753,Mick Schumacher,Haas F1 Team,Monaco Grand Prix
821,129,0,2021,5,393,0.4877169,0.5456449571658138,1.1329094186237374,2.1338533586413195,0.34679880232131993,0.6532011976783739,1.0741857678215132,2.026264115509134,0.25476129311392753,0.4089686791901618,-2.917360305786133,-0.04914233,0.1830895775445145,Valtteri Bottas,Mercedes,Monaco Grand Prix
816,0,0,2021,5,393,0.29837483,0.3061131911292687,0.6039770199576463,1.623456007958397,0.2711538404916479,0.7288461595079031,0.5438322712337436,1.5551741261630267,0.10222797058294594,0.22089947300516696,-2.917360305786133,-0.8550488,-0.8183539083893625,Daniel Ricciardo,McLaren,Monaco Grand Prix
850,209,0,2021,5,393,0.0058852965,0.00622811561141111,0.9697523452522387,1.3007302411301573,0.4271128750636827,0.5728871249358767,-0.9319503766884665,-1.223123188310126,-0.009437715030104083,-0.014622297141388461,-2.917360305786133,-5.1293955,-5.072433870784725,Yuki Tsunoda,AlphaTauri,Monaco Grand Prix
7,49,0,2021,5,393,0.04051528,0.048165083540568324,1.5498381242275427,1.6350673466791434,0.4866198191388847,0.5133801808608013,1.4983714497965932,-1.5647684060102889,0.03698224057030809,-0.1466550644735839,-2.917360305786133,-3.1647172,-2.9837572619998287,Kimi Räikkönen,Alfa Romeo,Monaco Grand Prix
0,129,0,2021,5,393,0.52605075,0.5365639646505534,1.5781234269368811,1.6049194460586724,0.4957908171218622,0.5042091828778236,1.5448085149092363,1.5190691997358414,0.3384765375064339,0.3343560855796113,-2.917360305786133,0.104297295,0.14651740885894493,Lewis Hamilton,Mercedes,Monaco Grand Prix
838,210,0,2021,5,393,0.020866107,0.02127300691804366,0.7132832000451585,0.4033213142740499,0.6387966293324606,0.36120337066664365,-0.6770471058097827,-0.23440634081021514,-0.01974871689420172,-0.005469160475558284,-2.917360305786133,-3.8485422,-3.8288137524061305,Esteban Ocon,Alpine F1 Team,Monaco Grand Prix
839,115,0,2021,5,393,0.01237194,0.010509544357432938,0.9649582037323733,0.835298601631679,0.5360114184024434,0.463988581597001,-0.9466507376068148,-0.6808952452588501,-0.016132649610034133,-0.01004285510780323,-2.917360305786133,-4.379875,-4.544906288651798,Lance Stroll,Aston Martin,Monaco Grand Prix
452,209,0,2021,5,393,0.010497785,0.009166955917201002,0.5604133004041572,1.3661468821074938,0.2908880321990549,0.709111967800426,-0.48129452255970095,-1.2842859495140975,-0.005583132411055562,-0.023170575174294883,-2.917360305786133,-4.5460377,-4.6829407778599315,Pierre Gasly,AlphaTauri,Monaco Grand Prix
19,115,0,2021,5,393,0.26045325,0.3309223463493403,2.3913947039316055,0.5032653019695317,0.8261400990291132,0.17385990097054116,2.350093141719447,-0.1367492188624499,0.28588196155460965,-0.030945304958873765,-2.917360305786133,-1.043614,-0.7040163829291357,Sebastian Vettel,Aston Martin,Monaco Grand Prix
814,8,0,2021,5,393,0.3254422,0.37331171190112317,0.40553472821220415,2.1443276701179252,0.1590418088747159,0.8409581911248919,0.3180416353674536,2.0812831609658975,0.07095008658508134,0.30412942947034205,-2.917360305786133,-0.7288724,-0.5180355094527815,Sergio Pérez,Red Bull,Monaco Grand Prix
844,0,1,2021,5,393,0.28839847,0.2686860876987132,0.6848370654004626,1.3919094017244484,0.3297644061233121,0.6702355938762062,0.5949400344111582,1.3211212131562702,0.10017817759802078,0.1794030202292108,-2.917360305786133,-0.9031749,-1.0012990582187045,Lando Norris,McLaren,Monaco Grand Prix
829,8,1,2021,5,393,0.45926192,0.49001732241462514,1.308604005150622,1.7375051198893519,0.42959853092361544,0.5704014690760563,1.1883736342859548,1.6890506542239123,0.2635399092459937,0.33930008094882036,-2.917360305786133,-0.16331446,-0.03993601727626572,Max Verstappen,Red Bull,Monaco Grand Prix
831,5,1,2021,5,393,0.28335705,0.3088104632933367,0.3766087651802731,2.4140443541615886,0.13495362880104436,0.8650463711985973,-0.2476565235622692,2.3593304511381783,-0.05519297247729349,0.2683068292847592,-2.917360305786133,-0.9278698,-0.8056863782102237,Carlos Sainz,Ferrari,Monaco Grand Prix
840,49,0,2021,5,393,0.0019889667,0.0017574259329442813,1.7623412195476704,1.852820738874888,0.4874861043061439,0.5125138956935794,-1.6574631670120652,-1.767322633768925,-0.007393719587646806,-0.00844551957461729,-2.917360305786133,-6.218149,-6.342146106567123,Antonio Giovinazzi,Alfa Romeo,Monaco Grand Prix
0,129,0,2021,6,394,0.52605075,0.5679757017312943,1.6314394941634303,1.6871155996909382,0.4916113935200898,0.5083886064796087,1.595186429221386,1.5957706830740404,0.3574217584734782,0.35751885729843147,-2.917360305786133,0.104297295,0.2735968065092935,Lewis Hamilton,Mercedes,Azerbaijan Grand Prix
852,207,0,2021,6,394,0.0036105334,0.004837909715813228,1.0328204286920002,1.6771886371281022,0.3811132743864335,0.6188867256131974,-0.8611309492320227,-1.5479316231363573,-0.006532651318663393,-0.01750846681581407,-2.917360305786133,-5.6202826,-5.3264228781545135,Mick Schumacher,Haas F1 Team,Azerbaijan Grand Prix
851,207,0,2021,6,394,0.0012516654,0.0013318407866722624,2.0205535071544496,1.92011981973781,0.5127432140505312,0.487256785949215,-1.93094088094726,-1.7715593283252256,-0.007780968701049841,-0.006448833398943133,-2.917360305786133,-6.682028,-6.619860515058618,Nikita Mazepin,Haas F1 Team,Azerbaijan Grand Prix
847,2,0,2021,6,394,0.0072417054,0.007045473422925913,1.637280423910625,0.5131891312290114,0.7613594993692203,0.23864050063031464,-1.5661547444961603,-0.46478447579313775,-0.025812695082973493,-0.004122050095582608,-2.917360305786133,-4.9206305,-4.948299526075431,Nicholas Latifi,Williams,Azerbaijan Grand Prix
821,129,0,2021,6,394,0.4877169,0.47822204270443175,1.0024973729013085,1.9851190107552177,0.3355509021790884,0.6644490978205768,0.9469440869559598,1.883249239727856,0.21593417780302715,0.35587785485640366,-2.917360305786133,-0.04914233,-0.08716697910231708,Valtteri Bottas,Mercedes,Azerbaijan Grand Prix
829,8,0,2021,6,394,0.45926192,0.4662888433659186,1.165929170020033,1.7860704110721182,0.3949625120164411,0.6050374879832201,1.0480613936703556,1.7342494023333017,0.2317955347484737,0.3326659782800482,-2.917360305786133,-0.16331446,-0.13504950978247554,Max Verstappen,Red Bull,Azerbaijan Grand Prix
839,115,0,2021,6,394,0.01237194,0.014916139603639501,0.8326586823770514,0.7069516484275977,0.5408243019136776,0.4591756980856729,-0.815445629354338,-0.45747701827158743,-0.018175043394663137,-0.00845040936698523,-2.917360305786133,-4.379875,-4.1902829534120585,Lance Stroll,Aston Martin,Azerbaijan Grand Prix
838,210,0,2021,6,394,0.020866107,0.021825083815733146,0.6693205636854369,0.43958594654680366,0.6035861071323823,0.39641389286671586,-0.6369139677539928,-0.24835428933431675,-0.018651441551792155,-0.005981707574039912,-2.917360305786133,-3.8485422,-3.8026285628744425,Esteban Ocon,Alpine F1 Team,Azerbaijan Grand Prix
845,2,0,2021,6,394,0.019967005,0.020423131806308635,0.5576748921746046,0.5041529915723129,0.5252027194898934,0.4747972805091648,-0.4854277069071917,-0.46766452805233033,-0.012343635965255048,-0.011785314141487119,-2.917360305786133,-3.893505,-3.870452540745655,George Russell,Williams,Azerbaijan Grand Prix
840,49,0,2021,6,394,0.0019889667,0.0014805389923280025,1.817491301113806,1.9721039725121101,0.4796003715125852,0.5203996284871509,-1.7122133579121506,-1.8842937737281584,-0.006668651714953322,-0.008184063731400815,-2.917360305786133,-6.218149,-6.513867437426442,Antonio Giovinazzi,Alfa Romeo,Azerbaijan Grand Prix
7,49,0,2021,6,394,0.04051528,0.03857476834044894,1.3522128800247442,1.679115926737722,0.44607924980216673,0.5539207501975034,1.3048526375812988,-1.603310738816921,0.027810186398254055,-0.12766597951477027,-2.917360305786133,-3.1647172,-3.215818407021755,Kimi Räikkönen,Alfa Romeo,Azerbaijan Grand Prix
816,0,0,2021,6,394,0.29837483,0.2955567472473083,0.7132509677688595,1.45309856078099,0.32924094582557006,0.6707590541739683,0.6628497139070404,1.385963669932622,0.11776731406251567,0.20059564722467094,-2.917360305786133,-0.8550488,-0.8685469219464701,Daniel Ricciardo,McLaren,Azerbaijan Grand Prix
19,115,1,2021,6,394,0.26045325,0.21016673924245013,2.0712872549900885,0.6053252492941038,0.773846513708655,0.22615348629097137,2.041864978063021,-0.448425321067245,0.17678470949806285,-0.08394538735471754,-2.917360305786133,-1.043614,-1.3239206487903568,Sebastian Vettel,Aston Martin,Azerbaijan Grand Prix
452,209,1,2021,6,394,0.010497785,0.01073414536471468,0.4495531363263261,1.3596038392626837,0.24848763395985357,0.7515123660395936,-0.33137655008966765,-1.2747964350678382,-0.004154486476174609,-0.026638157819542166,-2.917360305786133,-4.5460377,-4.5235332909436385,Pierre Gasly,AlphaTauri,Azerbaijan Grand Prix
842,5,0,2021,6,394,0.4536611,0.44633239959573545,0.8172277745126908,2.063055647406554,0.28373172177891315,0.7162682782207397,0.6778684583412595,2.0239913050418226,0.15591732605844055,0.3500726608310431,-2.917360305786133,-0.18588889,-0.21550054240305094,Charles Leclerc,Ferrari,Azerbaijan Grand Prix
814,8,1,2021,6,394,0.3254422,0.3046072654007957,0.2873067703885112,1.924828053597206,0.12987760387530356,0.8701223961242444,0.22657175372502283,1.8653350727873783,0.045770875229157126,0.24108816977562525,-2.917360305786133,-0.7288724,-0.8254534792737318,Sergio Pérez,Red Bull,Azerbaijan Grand Prix
3,210,0,2021,6,394,0.18213466,0.19409480089685033,1.7061492754354273,0.35298571435377923,0.8285757290779936,0.17142427092152077,1.6476556402393085,-0.1539147469409186,0.14978699631652387,-0.025213011770952864,-2.917360305786133,-1.5019513,-1.4236194124877428,Fernando Alonso,Alpine F1 Team,Azerbaijan Grand Prix
850,209,0,2021,6,394,0.0058852965,0.005950969937430187,0.9857534170958173,1.3280018007410261,0.4260404944724376,0.5739595055271303,-0.9491641380613421,-1.251707866645057,-0.009280121539404558,-0.014550895702900794,-2.917360305786133,-5.1293955,-5.118232310492532,Yuki Tsunoda,AlphaTauri,Azerbaijan Grand Prix
831,5,0,2021,6,394,0.28335705,0.26246082906747026,0.4744683476120761,2.354730778693872,0.1677041192329987,0.832295880766648,-0.42004808552502626,2.3041910396755476,-0.08887575581840718,0.22815090780571778,-2.917360305786133,-0.9278698,-1.0332173516356113,Carlos Sainz,Ferrari,Azerbaijan Grand Prix
844,0,0,2021,6,394,0.28839847,0.26726636995343683,0.6769389589371615,1.3891991970418578,0.3276348955552166,0.6723651044442993,0.5907415717302478,1.318082296511979,0.09918382273524345,0.17832409804609844,-2.917360305786133,-0.9031749,-1.0085364375439063,Lando Norris,McLaren,Azerbaijan Grand Prix
850,209,0,2021,7,395,0.0058852965,0.006296309738950317,0.9392972128349185,1.3197348230367028,0.4157963224598919,0.5842036775396654,-0.9001789949743821,-1.2439360570735867,-0.009051792179826507,-0.015212707857654724,-2.917360305786133,-5.1293955,-5.061475357834102,Yuki Tsunoda,AlphaTauri,French Grand Prix
851,207,0,2021,7,395,0.0012516654,0.0011098282562452754,2.135909640943231,1.9850970951623501,0.5182980222355041,0.4817019777642532,-2.0465511808483843,-1.838528068526072,-0.007417727564082611,-0.005827262781585887,-2.917360305786133,-6.682028,-6.802439555160589,Nikita Mazepin,Haas F1 Team,French Grand Prix
852,207,0,2021,7,395,0.0036105334,0.0030291249436469533,1.250146029823688,1.954235066900373,0.39013650127363475,0.6098634987260532,-1.071612361750621,-1.807475109081995,-0.005765025837980201,-0.01515289636903239,-2.917360305786133,-5.6202826,-5.7964477766187485,Mick Schumacher,Haas F1 Team,French Grand Prix
847,2,0,2021,7,395,0.0072417054,0.009506479557911639,1.5102658040705452,0.3523463621783197,0.8108321374874702,0.1891678625119929,-1.4479157530281646,-0.280953640761117,-0.02972274173556371,-0.003045120887527189,-2.917360305786133,-4.9206305,-4.646229699575414,Nicholas Latifi,Williams,French Grand Prix
7,49,0,2021,7,395,0.04051528,0.03848977033431603,1.4151417950742808,1.7326473358658763,0.4495668979742515,0.5504331020254308,1.3617115629777399,-1.6624639610561573,0.028337203571349754,-0.13578214067860048,-2.917360305786133,-3.1647172,-3.2181127038645503,Kimi Räikkönen,Alfa Romeo,French Grand Prix
842,5,0,2021,7,395,0.4536611,0.4662924140329064,0.8224466989182833,2.1394283969422263,0.27767771168590116,0.7223222883137611,0.685871165068443,2.0964539788184102,0.16072110832482572,0.3693342364493561,-2.917360305786133,-0.18588889,-0.13503516189927955,Charles Leclerc,Ferrari,French Grand Prix
840,49,0,2021,7,395,0.0019889667,0.001725230109740541,1.7372770506385005,1.891390042695957,0.4787645176459551,0.5212354823537692,-1.6376492210908375,-1.8056585935342941,-0.0070847690363567955,-0.008679767643475481,-2.917360305786133,-6.218149,-6.3606681204112645,Antonio Giovinazzi,Alfa Romeo,French Grand Prix
838,210,0,2021,7,395,0.020866107,0.02256546800459008,0.6494787483602111,0.4416122301574271,0.5952562720681651,0.40474372793091823,-0.6196314772156217,-0.23151875832258295,-0.018570000919262798,-0.005712363145543169,-2.917360305786133,-3.8485422,-3.7685105413243374,Esteban Ocon,Alpine F1 Team,French Grand Prix
845,2,0,2021,7,395,0.019967005,0.02395114736827233,0.5499690735960416,0.3657635550054712,0.6005782216533466,0.3994217783455614,-0.4877222836417785,-0.3024138201318305,-0.014477183670643955,-0.008185850908071703,-2.917360305786133,-3.893505,-3.7074964095597416,George Russell,Williams,French Grand Prix
831,5,0,2021,7,395,0.28335705,0.33526782441125286,0.3931409878987545,2.5508508943978203,0.13354010595706403,0.8664598940425963,-0.2558076505360746,2.488713428533818,-0.059181666621388684,0.29507978460287937,-2.917360305786133,-0.9278698,-0.6844545277883896,Carlos Sainz,Ferrari,French Grand Prix
829,8,1,2021,7,395,0.45926192,0.5244950922206972,1.2676299353133977,1.9282079913907868,0.3966502571112194,0.6033497428884677,1.1426402580139543,1.8727789152676069,0.26422811289949594,0.3795387657855277,-2.917360305786133,-0.16331446,0.09805886749542836,Max Verstappen,Red Bull,French Grand Prix
19,115,0,2021,7,395,0.26045325,0.3087697386498522,2.3546836995476808,0.5109004644699419,0.8217115829693629,0.17828841703028814,2.3216338711412563,-0.21015074602671707,0.2667831308554472,-0.04655228702316089,-2.917360305786133,-1.043614,-0.8058771806715936,Sebastian Vettel,Aston Martin,French Grand Prix
3,210,0,2021,7,395,0.18213466,0.18120765651236048,1.6021818785986555,0.3617247642133907,0.8158136663277099,0.1841863336717809,1.5432915636964264,-0.1341181135598678,0.13605396771317785,-0.020755618755637334,-2.917360305786133,-1.5019513,-1.508186855649574,Fernando Alonso,Alpine F1 Team,French Grand Prix
452,209,0,2021,7,395,0.010497785,0.00993405485476731,0.6015389506772026,1.2279607290280707,0.32879970264535924,0.6712002973540941,-0.5359115907360944,-1.1485309170544622,-0.006924558735914261,-0.020737379218774936,-2.917360305786133,-4.5460377,-4.60180281357669,Pierre Gasly,AlphaTauri,French Grand Prix
816,0,0,2021,7,395,0.29837483,0.34707893242141796,0.7781800270325335,1.6393440410350644,0.321891325638067,0.6781086743615193,0.7159281686022319,1.5695281168504724,0.14085392405793956,0.24745697599360106,-2.917360305786133,-0.8550488,-0.6319040203334287,Daniel Ricciardo,McLaren,French Grand Prix
844,0,0,2021,7,395,0.28839847,0.34336729787470105,0.7843438137409583,1.6640333569676131,0.32035252702247885,0.6796474729771127,0.6774840231435936,1.5915521870794826,0.13351370097579202,0.24714099739883338,-2.917360305786133,-0.9031749,-0.6483240955630567,Lando Norris,McLaren,French Grand Prix
821,129,0,2021,7,395,0.4877169,0.43264846626435105,0.9857581894356875,1.8110385768770443,0.35245971438065854,0.6475402856189838,0.9296805792854614,1.7166261680012505,0.20130382304764494,0.31214591374563627,-2.917360305786133,-0.04914233,-0.2710535584994209,Valtteri Bottas,Mercedes,French Grand Prix
814,8,1,2021,7,395,0.3254422,0.3146879984759146,0.3324484019092496,1.929313562043488,0.14698646772187454,0.8530135322776833,0.2661008385210826,1.872966922969654,0.05438482076162443,0.24877657315009633,-2.917360305786133,-0.7288724,-0.7782925442953963,Sergio Pérez,Red Bull,French Grand Prix
0,129,1,2021,7,395,0.52605075,0.5276392461600016,1.5613833002117161,1.5943032618742978,0.4947840254385388,0.5052159745611443,1.524720602458577,1.5033095049726348,0.33204332133159165,0.32865256855004976,-2.917360305786133,0.104297295,0.11066980164507911,Lewis Hamilton,Mercedes,French Grand Prix
839,115,0,2021,7,395,0.01237194,0.010661283735953698,0.9691933624425999,0.8309093911920549,0.5384100215863383,0.4615899784131062,-0.9494096855702023,-0.6636479282169931,-0.016431844658873047,-0.009835651512992944,-2.917360305786133,-4.379875,-4.5304179195733285,Lance Stroll,Aston Martin,French Grand Prix
816,0,0,2021,8,396,0.29837483,0.337953307541418,0.7715523749520652,1.602303535177286,0.325020727525833,0.6749792724737457,0.7127164959623952,1.532215466531006,0.13776932061421718,0.2386190596635272,-2.917360305786133,-0.8550488,-0.6724283432927318,Daniel Ricciardo,McLaren,Styrian Grand Prix
838,210,0,2021,8,396,0.020866107,0.018501980511563484,0.7695079760111763,0.472823672252213,0.6194062407459588,0.38059375925323613,-0.7369642889964412,-0.31687762005682907,-0.019395443691026987,-0.00672416323524843,-2.917360305786133,-3.8485422,-3.971202214839403,Esteban Ocon,Alpine F1 Team,Styrian Grand Prix
840,49,0,2021,8,396,0.0019889667,0.0020374328607196636,1.5496505022961073,1.9184836763874378,0.4468254174882835,0.553174582511428,-1.441804144609601,-1.8348607035398916,-0.006521185884638399,-0.010590141308903931,-2.917360305786133,-6.218149,-6.194025153935625,Antonio Giovinazzi,Alfa Romeo,Styrian Grand Prix
852,207,0,2021,8,396,0.0036105334,0.002791437834703064,1.1715273119767127,2.126394749387419,0.35523195823850795,0.6447680417611887,-0.977310800273523,-1.983732015734841,-0.0045920935595993185,-0.01715276272256417,-2.917360305786133,-5.6202826,-5.878403121794497,Mick Schumacher,Haas F1 Team,Styrian Grand Prix
19,115,0,2021,8,396,0.26045325,0.22820000746705013,2.1317531139410564,0.6194942075682395,0.7748315090665246,0.2251684909331119,2.0994917574442447,-0.40063442093728735,0.19324101035153834,-0.07801628767381094,-2.917360305786133,-1.043614,-1.2185029692791756,Sebastian Vettel,Aston Martin,Styrian Grand Prix
851,207,0,2021,8,396,0.0012516654,0.001442734482537844,2.0556064719224776,1.8069429317422654,0.5321890433224257,0.4678109566773154,-1.9614392741755595,-1.660971663718738,-0.008724840078693608,-0.006105987995499953,-2.917360305786133,-6.682028,-6.53977124368043,Nikita Mazepin,Haas F1 Team,Styrian Grand Prix
845,2,0,2021,8,396,0.019967005,0.02128886868482898,0.5720627731232947,0.4571599250274683,0.5558202069878386,0.44417979301118976,-0.5043559932411978,-0.4063358957544141,-0.013478287710765098,-0.010334758213422113,-2.917360305786133,-3.893505,-3.828052194781745,George Russell,Williams,Styrian Grand Prix
452,209,0,2021,8,396,0.010497785,0.012206981238773224,0.5029005691717097,1.1527423352079385,0.30374941833235314,0.6962505816670428,-0.4002868210530057,-1.0758180330177542,-0.005900114741645488,-0.02276374470315532,-2.917360305786133,-4.5460377,-4.393465159856893,Pierre Gasly,AlphaTauri,Styrian Grand Prix
847,2,0,2021,8,396,0.0072417054,0.007563785020139589,1.4877275649263466,0.5748693786849837,0.7212885530222952,0.2787114469772198,-1.4200596247930464,-0.5393710839534958,-0.023004962735993922,-0.005337795434598465,-2.917360305786133,-4.9206305,-4.8767910145326745,Nicholas Latifi,Williams,Styrian Grand Prix
7,49,0,2021,8,396,0.04051528,0.037777723302955944,1.277356289312793,1.6207869353220659,0.4407498837374706,0.5592501162621843,1.2285842048162372,-1.54874978157155,0.026416355733635797,-0.11815913926699367,-2.917360305786133,-3.1647172,-3.237525882541446,Kimi Räikkönen,Alfa Romeo,Styrian Grand Prix
829,8,1,2021,8,396,0.45926192,0.45057100393755894,1.1489351094190536,1.73520559008127,0.3983630582300329,0.6016369417696203,1.0331310536949885,1.6858653781666204,0.22465111839707588,0.31866715619935876,-2.917360305786133,-0.16331446,-0.19836387392452393,Max Verstappen,Red Bull,Styrian Grand Prix
3,210,0,2021,8,396,0.18213466,0.21962288762502014,1.6897709159299965,0.33404015006648474,0.8349449928010717,0.16505500719843402,1.6241355339735413,0.025359419924742777,0.16707248025746402,0.004315402728322926,-2.917360305786133,-1.5019513,-1.2678653518878487,Fernando Alonso,Alpine F1 Team,Styrian Grand Prix
839,115,0,2021,8,396,0.01237194,0.01249587122547474,0.956320338750839,0.7008873304762844,0.5770672900616395,0.42293270993775706,-0.9398473604406661,-0.5125747237927052,-0.018877035325819767,-0.00819392785957672,-2.917360305786133,-4.379875,-4.369782390019504,Lance Stroll,Aston Martin,Styrian Grand Prix
842,5,0,2021,8,396,0.4536611,0.43467660714201095,0.7733304006550465,2.0519138816078066,0.2737216054235781,0.7262783945760679,0.6509781018925891,2.0035865825011214,0.14844836927207694,0.3407309004735173,-2.917360305786133,-0.18588889,-0.2627956213924225,Charles Leclerc,Ferrari,Styrian Grand Prix
831,5,0,2021,8,396,0.28335705,0.2105022670051364,0.5648684680316558,2.1784257995780267,0.2059088136117593,0.7940911863878761,-0.5383234528790417,2.13378321910277,-0.10304718751532493,0.17990245816334996,-2.917360305786133,-0.9278698,-1.3219005395624048,Carlos Sainz,Ferrari,Styrian Grand Prix
844,0,0,2021,8,396,0.28839847,0.26659549411102446,0.6149612869272146,1.4568940557520031,0.29681671024951056,0.7031832897500068,0.5093340570090439,1.3960613556160038,0.08732517208361415,0.1840327951521576,-2.917360305786133,-0.9031749,-1.0119648931610854,Lando Norris,McLaren,Styrian Grand Prix
814,8,0,2021,8,396,0.3254422,0.3330971068427267,0.3887747450813616,1.9659098474882966,0.1651069303753027,0.8348930696242727,0.3115833178184987,1.911566599731458,0.06529327116920053,0.26432955945463243,-2.917360305786133,-0.7288724,-0.6942103882361761,Sergio Pérez,Red Bull,Styrian Grand Prix
821,129,1,2021,8,396,0.4877169,0.4853429756786084,1.1106145860716152,1.89850478877826,0.3690829268369104,0.6309170731627572,1.056609356100736,1.802106050431946,0.23845034453354488,0.35072742901642284,-2.917360305786133,-0.04914233,-0.058644899253450955,Valtteri Bottas,Mercedes,Styrian Grand Prix
0,129,1,2021,8,396,0.52605075,0.4863799522774363,1.4817728103194363,1.4988814132084083,0.49713005910666874,0.5028699408929957,1.4485940044329935,1.4142726292791075,0.30441449297754464,0.29924974976706986,-2.917360305786133,0.104297295,-0.054493672074031885,Lewis Hamilton,Mercedes,Styrian Grand Prix
850,209,0,2021,8,396,0.0058852965,0.005604323521578562,1.075101734148732,1.304952994131264,0.4517130305340619,0.548286969465518,-1.0327712809324416,-1.2284652483160006,-0.00997934313337042,-0.013284199729306629,-2.917360305786133,-5.1293955,-5.1785968350345755,Yuki Tsunoda,AlphaTauri,Styrian Grand Prix
839,115,0,2021,9,397,0.01237194,0.014161715897793758,0.888941247690817,0.7054609999295265,0.5575388826859786,0.4424611173133941,-0.8718567314207288,-0.4537330317309079,-0.01904946991698055,-0.007951530906113051,-2.917360305786133,-4.379875,-4.24295006893777,Lance Stroll,Aston Martin,Austrian Grand Prix
840,49,0,2021,9,397,0.0019889667,0.002590260749364897,1.4973350703021924,1.713954132956482,0.4662722587496313,0.5337277412500572,-1.399984610682482,-1.6360581951599518,-0.007831132141961667,-0.010569493497315835,-2.917360305786133,-6.218149,-5.953403111628567,Antonio Giovinazzi,Alfa Romeo,Austrian Grand Prix
7,49,0,2021,9,397,0.04051528,0.05002147179214945,1.6313081716139153,1.6724789669905045,0.4937691513329506,0.5062308486667467,1.5747559397841158,-1.601382667360717,0.039236339005563094,-0.15706062597264378,-2.917360305786133,-3.1647172,-2.943987033362734,Kimi Räikkönen,Alfa Romeo,Austrian Grand Prix
847,2,0,2021,9,397,0.0072417054,0.009222839355160693,1.4680655230501194,0.40264388521048666,0.7847640668116105,0.21523593318785492,-1.4031794102940065,-0.3562669835901363,-0.02726425409228916,-0.0038954898523484664,-2.917360305786133,-4.9206305,-4.6768066996702755,Nicholas Latifi,Williams,Austrian Grand Prix
838,210,0,2021,9,397,0.020866107,0.01952808327332385,0.673215209462841,0.5129421503488256,0.5675597793948384,0.4324402206043185,-0.6418232787525822,-0.35699682151398027,-0.016933360826693618,-0.008146299104546072,-2.917360305786133,-3.8485422,-3.9161804060526952,Esteban Ocon,Alpine F1 Team,Austrian Grand Prix
852,207,0,2021,9,397,0.0036105334,0.0040561999496511614,1.1255385781439609,1.781998827579566,0.3871106097991846,0.6128893902004714,-0.9454826688002073,-1.6406012934289258,-0.00631844499217935,-0.01651972591148522,-2.917360305786133,-5.6202826,-5.503444268015266,Mick Schumacher,Haas F1 Team,Austrian Grand Prix
851,207,0,2021,9,397,0.0012516654,0.0014462709897644322,2.004665047702683,1.8379064893092965,0.5216988228828155,0.47830117711692416,-1.9202792649740488,-1.6996798777185527,-0.008339032355532641,-0.006417145750647657,-2.917360305786133,-6.682028,-6.537319448478734,Nikita Mazepin,Haas F1 Team,Austrian Grand Prix
850,209,0,2021,9,397,0.0058852965,0.007233753159982578,1.0327512169607669,1.0831173959499658,0.48809798995012077,0.5119020100494066,-0.9956979900136906,-1.00867892882284,-0.012106457168743347,-0.012354198096488498,-2.917360305786133,-5.1293955,-4.921737224622663,Yuki Tsunoda,AlphaTauri,Austrian Grand Prix
19,115,0,2021,9,397,0.26045325,0.24792955003514458,2.1326238242652042,0.5782614998358928,0.786689058848911,0.21331094115071994,2.0990272061876274,-0.29135227005738534,0.20909038367222899,-0.05818806106363525,-2.917360305786133,-1.043614,-1.1096853696558908,Sebastian Vettel,Aston Martin,Austrian Grand Prix
845,2,0,2021,9,397,0.019967005,0.02422276443031962,0.49223116878626383,0.40087764945020843,0.5511435546652307,0.4488564453336497,-0.421317985300195,-0.35726315709105866,-0.012229323921374005,-0.010045106432344464,-2.917360305786133,-3.893505,-3.6959414481773862,George Russell,Williams,Austrian Grand Prix
829,8,1,2021,9,397,0.45926192,0.48848453645343337,1.216996165958348,1.825801666976472,0.39995958745117766,0.6000404125484937,1.0941278359556288,1.7771624689531462,0.24620049668607838,0.3494380823501681,-2.917360305786133,-0.16331446,-0.0460700008773578,Max Verstappen,Red Bull,Austrian Grand Prix
452,209,0,2021,9,397,0.010497785,0.010993735217104924,0.5178821893496752,1.240488124889347,0.29452396071273923,0.705476039286692,-0.4195154085983065,-1.1624993668409254,-0.0056349153877861425,-0.023333839475126364,-2.917360305786133,-4.5460377,-4.499375081225365,Pierre Gasly,AlphaTauri,Austrian Grand Prix
821,129,1,2021,9,397,0.4877169,0.42802798977405204,0.9320027063834639,1.8408054781557417,0.3361223151243731,0.6638776848752662,0.8827618779854702,1.7446969609014245,0.19165408016480637,0.3124100905178756,-2.917360305786133,-0.04914233,-0.2899014668992379,Valtteri Bottas,Mercedes,Austrian Grand Prix
844,0,1,2021,9,397,0.28839847,0.23746218232938557,0.5361562501239022,1.3741742647866233,0.28066151168020975,0.7193384883192668,0.44163700967678743,1.3090795704111624,0.07063473462729467,0.1598844942182952,-2.917360305786133,-0.9031749,-1.166643725698183,Lando Norris,McLaren,Austrian Grand Prix
0,129,0,2021,9,397,0.52605075,0.5452456637639703,1.551129688920616,1.6689821735099106,0.48170056047349497,0.5182994395261945,1.5173429376457446,1.5814964676610759,0.3370545919879967,0.34743230836966443,-2.917360305786133,0.104297295,0.18147909952068764,Lewis Hamilton,Mercedes,Austrian Grand Prix
3,210,0,2021,9,397,0.18213466,0.14498041504773235,1.5403589918084641,0.4642570763121792,0.7684059887097506,0.23159401128975055,1.487307220563113,-0.34447262516665844,0.1080764072961866,-0.04810999802763938,-2.917360305786133,-1.5019513,-1.7745257103896783,Fernando Alonso,Alpine F1 Team,Austrian Grand Prix
814,8,0,2021,9,397,0.3254422,0.3665090582558531,0.40426086989054266,2.100054003576235,0.16142573530729948,0.8385742646923012,0.329007432244368,2.0411304092189884,0.07254941256336328,0.296617276587206,-2.917360305786133,-0.7288724,-0.5472224643227763,Sergio Pérez,Red Bull,Austrian Grand Prix
816,0,0,2021,9,397,0.29837483,0.33760574362115237,0.8184594049048375,1.5428841003293843,0.34660751520914695,0.6533924847904296,0.767734879933065,1.4756432694181747,0.14632614716145106,0.23323951277639354,-2.917360305786133,-0.8550488,-0.6739821564348931,Daniel Ricciardo,McLaren,Austrian Grand Prix
842,5,0,2021,9,397,0.4536611,0.4622453772850474,0.8096572851036217,2.1461235961577256,0.2739233108368423,0.7260766891628193,0.6620647508918505,2.1039890601340216,0.15507280795624379,0.36735171827737123,-2.917360305786133,-0.18588889,-0.1513064947602607,Charles Leclerc,Ferrari,Austrian Grand Prix
831,5,0,2021,9,397,0.28335705,0.2835040131328641,0.49535980966257126,2.4803491482284414,0.16646782890134634,0.8335321710983176,-0.4346598713988009,2.4248738096943265,-0.09580397476913416,0.24967494001073914,-2.917360305786133,-0.9278698,-0.9271463674906073,Carlos Sainz,Ferrari,Austrian Grand Prix
845,2,0,2021,10,398,0.019967005,0.019210124119452946,0.6256870415359546,0.5005134563811997,0.5555734016212678,0.44442659837784415,-0.5534929448149641,-0.46206755427058277,-0.013734493769547346,-0.010942895058221325,-2.917360305786133,-3.893505,-3.9329208048716797,George Russell,Williams,British Grand Prix
19,115,0,2021,10,398,0.26045325,0.2280679432936656,2.1652942820241456,0.6181250124525661,0.7779260157893125,0.22207398421032815,2.1355881053569554,-0.4374807548105619,0.19433094866076733,-0.08587011874440759,-2.917360305786133,-1.043614,-1.2192529552397393,Sebastian Vettel,Aston Martin,British Grand Prix
852,207,0,2021,10,398,0.0036105334,0.0036498982390498363,1.1497747237833227,1.8879513146471307,0.3784984917129048,0.6215015082867659,-0.9602355796278509,-1.7318035307049624,-0.005828992897821508,-0.016630812127970174,-2.917360305786133,-5.6202826,-5.609399416118946,Mick Schumacher,Haas F1 Team,British Grand Prix
851,207,0,2021,10,398,0.0012516654,0.001099682302563619,2.1156378749632783,2.027020806095469,0.5106956758556971,0.4893043241440615,-2.015150113370704,-1.8791232501907658,-0.00709140707644911,-0.006057113244982903,-2.917360305786133,-6.682028,-6.811633669347603,Nikita Mazepin,Haas F1 Team,British Grand Prix
814,8,0,2021,10,398,0.3254422,0.3257959796882879,0.3350314466840685,2.040418242758542,0.14103916751970497,0.8589608324798741,0.21326451443118588,1.9768343817649092,0.045001859063835525,0.26306387474046333,-2.917360305786133,-0.7288724,-0.7272614095900378,Sergio Pérez,Red Bull,British Grand Prix
7,49,0,2021,10,398,0.04051528,0.04219796319030576,1.4213331865415313,1.644652730057412,0.4635811204631146,0.5364188795365592,1.3706375242761537,-1.5755463787017996,0.031133674997770575,-0.1333621412596802,-2.917360305786133,-3.1647172,-3.1222691602117787,Kimi Räikkönen,Alfa Romeo,British Grand Prix
847,2,0,2021,10,398,0.0072417054,0.006007522491661913,1.6405258857498302,0.6533550147480796,0.7151748311749849,0.2848251688245791,-1.5674919800383686,-0.6238649203524946,-0.02215421329754247,-0.005145243837652943,-2.917360305786133,-4.9206305,-5.108717206176997,Nicholas Latifi,Williams,British Grand Prix
840,49,0,2021,10,398,0.0019889667,0.002058039645297012,1.662860881571317,1.7847721453280814,0.48231957073062254,0.5176804292690874,-1.560546890285893,-1.706034021372076,-0.007665886290512014,-0.009171580403973463,-2.917360305786133,-6.218149,-6.183941217444103,Antonio Giovinazzi,Alfa Romeo,British Grand Prix
829,8,0,2021,10,398,0.45926192,0.3915897292047202,1.0443046324298997,1.583311061436099,0.3974343108344819,0.6025656891651374,0.9335870311517749,1.5431385152836696,0.18965112025336547,0.2706725501738799,-2.917360305786133,-0.16331446,-0.4406347593506883,Max Verstappen,Red Bull,British Grand Prix
452,209,0,2021,10,398,0.010497785,0.01039000797695283,0.5266573870191131,1.243493189092879,0.2975212358349652,0.7024787641644699,-0.46933797301930913,-1.1697680663902834,-0.006120200511202125,-0.022323764573466735,-2.917360305786133,-4.5460377,-4.556466345195725,Pierre Gasly,AlphaTauri,British Grand Prix
838,210,0,2021,10,398,0.020866107,0.02394090829111982,0.6110107308196822,0.47223611736921245,0.5640549352538445,0.43594506474523226,-0.5740057302970558,-0.2165684535566085,-0.01778831279682109,-0.0056179857245804675,-2.917360305786133,-3.8485422,-3.707934489639797,Esteban Ocon,Alpine F1 Team,British Grand Prix
839,115,0,2021,10,398,0.01237194,0.011747179356630279,0.8817052310405344,0.8366708506042398,0.5131037614281045,0.48689623857131353,-0.8635531280687807,-0.6514119654802488,-0.015670350985865097,-0.010546340973710435,-2.917360305786133,-4.379875,-4.432325399335163,Lance Stroll,Aston Martin,British Grand Prix
3,210,0,2021,10,398,0.18213466,0.16059456999172247,1.5207895555173185,0.40227664700905563,0.7908149774140032,0.20918502258547667,1.4645386694145692,-0.20098919324354134,0.11823790011408741,-0.02897312324402468,-2.917360305786133,-1.5019513,-1.6538108296151048,Fernando Alonso,Alpine F1 Team,British Grand Prix
831,5,0,2021,10,398,0.28335705,0.2784365854751543,0.40629581154856786,2.329297759972956,0.14852199382909045,0.8514780061705439,-0.31596562955728147,2.2810960015434407,-0.0676549005400533,0.2405058949787377,-2.917360305786133,-0.9278698,-0.9522299337999733,Carlos Sainz,Ferrari,British Grand Prix
816,0,0,2021,10,398,0.29837483,0.3016943321596202,0.7048630854720759,1.496238281642589,0.32023199658257095,0.6797680034169746,0.6511583009394737,1.4269594380442137,0.11783276517020067,0.2077332858419476,-2.917360305786133,-0.8550488,-0.8392425668024452,Daniel Ricciardo,McLaren,British Grand Prix
844,0,0,2021,10,398,0.28839847,0.2890974570916058,0.8349034142570821,1.3460038447279672,0.3828238962555641,0.6171761037439772,0.7445221326552153,1.2730666762112315,0.12721578302795555,0.18688117165383694,-2.917360305786133,-0.9031749,-0.8997714969196862,Lando Norris,McLaren,British Grand Prix
821,129,1,2021,10,398,0.4877169,0.55937994063793,1.150297329549351,2.1779398840784956,0.3456175914502073,0.6543824085494923,1.0921750782276276,2.0638311882656017,0.26068687164244786,0.42056709138606596,-2.917360305786133,-0.04914233,0.23864596070709654,Valtteri Bottas,Mercedes,British Grand Prix
842,5,1,2021,10,398,0.4536611,0.38546939284857346,0.7639309340708658,1.8619866411729742,0.2909196165457086,0.7090803834539106,0.6304176600813272,1.8205457035871278,0.13513217517351828,0.293259238486841,-2.917360305786133,-0.18588889,-0.4663969421176781,Charles Leclerc,Ferrari,British Grand Prix
0,129,1,2021,10,398,0.52605075,0.6058290337102431,1.6565381494979254,1.8197033833720364,0.47653137270062534,0.5234686272990869,1.6257615116448032,1.7214118780430467,0.37363228102235607,0.3902467124443578,-2.917360305786133,0.104297295,0.42981308390171713,Lewis Hamilton,Mercedes,British Grand Prix
850,209,0,2021,10,398,0.0058852965,0.004767138290994351,1.2060619983628382,1.33811921409686,0.474047207194157,0.5259527928054499,-1.1665930600940935,-1.257277189895582,-0.010380643457629807,-0.011794703966423434,-2.917360305786133,-5.1293955,-5.341230555775809,Yuki Tsunoda,AlphaTauri,British Grand Prix
840,49,0,2021,11,399,0.0019889667,0.0024114246481688516,1.6035938728221195,1.6762381926327379,0.4889256037562518,0.5110743962434433,-1.510262525237973,-1.597500397975878,-0.008415206110686545,-0.00939047322036067,-2.917360305786133,-6.218149,-6.025123228999984,Antonio Giovinazzi,Alfa Romeo,Hungarian Grand Prix
851,207,0,2021,11,399,0.0012516654,0.0010506930882638198,2.0876171248309934,2.0853716761194936,0.5002690456190523,0.4997309543807082,-1.9950628626338132,-1.9448308346384495,-0.0066234786349844655,-0.006250256197956937,-2.917360305786133,-6.682028,-6.8572540030583955,Nikita Mazepin,Haas F1 Team,Hungarian Grand Prix
844,0,0,2021,11,399,0.28839847,0.32800220720594386,0.8217826858355475,1.536425623546235,0.3484775634815034,0.6515224365180724,0.7326322006778784,1.4674933867710698,0.13798015905287891,0.22687188942083794,-2.917360305786133,-0.9031749,-0.7172347183371846,Lando Norris,McLaren,Hungarian Grand Prix
821,129,0,2021,11,399,0.4877169,0.4502504921787506,0.9532589304320432,1.922933884353733,0.3314308156015306,0.6685691843981216,0.8969389165652866,1.8207627322425108,0.1998725428556986,0.3331750668175776,-2.917360305786133,-0.04914233,-0.19965865697833562,Valtteri Bottas,Mercedes,Hungarian Grand Prix
852,207,0,2021,11,399,0.0036105334,0.002979226923177004,1.1974970186122305,2.028381935828483,0.37121573237067573,0.6287842676290142,-1.0184760283887844,-1.8772714260444507,-0.005226920376346444,-0.016176042362969188,-2.917360305786133,-5.6202826,-5.813107760219368,Mick Schumacher,Haas F1 Team,Hungarian Grand Prix
842,5,0,2021,11,399,0.4536611,0.47323014262020113,0.831216585974005,2.1662994303721312,0.277301799703793,0.7226982002958734,0.6900135531799267,2.1201648323226308,0.16260438892273427,0.3759086627281162,-2.917360305786133,-0.18588889,-0.10718192028357532,Charles Leclerc,Ferrari,Hungarian Grand Prix
839,115,0,2021,11,399,0.01237194,0.014745771372504499,0.8581783315891836,0.7015160449752673,0.5502221104874074,0.4497778895119514,-0.8438181737411596,-0.4407648733986225,-0.018884328682882527,-0.007981981915076512,-2.917360305786133,-4.379875,-4.201943352925915,Lance Stroll,Aston Martin,Hungarian Grand Prix
19,115,0,2021,11,399,0.26045325,0.28935299364960015,2.3353222769479025,0.5464386755934836,0.810380290179032,0.18961970982062099,2.3006327578152863,-0.28180090956841464,0.25015569369885116,-0.06117309128463411,-2.917360305786133,-1.043614,-0.8985284575392611,Sebastian Vettel,Aston Martin,Hungarian Grand Prix
814,8,0,2021,11,399,0.3254422,0.34059369974521725,0.4314839666033696,1.9455087378796356,0.18152515394321986,0.8184748460563593,0.3714672004969233,1.8852434907097706,0.0779197784715418,0.26789082459178737,-2.917360305786133,-0.7288724,-0.6606496145794392,Sergio Pérez,Red Bull,Hungarian Grand Prix
816,0,0,2021,11,399,0.29837483,0.31370605525548584,0.7553137584117358,1.5043939515427318,0.3342528571655937,0.6657471428339637,0.6972266382957175,1.437284058364859,0.12829015240874508,0.21574906264196442,-2.917360305786133,-0.8550488,-0.7828496091255566,Daniel Ricciardo,McLaren,Hungarian Grand Prix
7,49,0,2021,11,399,0.04051528,0.045270695231444544,1.585120403794257,1.7392290368016223,0.47682123438553203,0.5231787656141671,1.5306971659162967,-1.6621047911541353,0.03511451835824858,-0.15467030669640341,-2.917360305786133,-3.1647172,-3.0487679310239715,Kimi Räikkönen,Alfa Romeo,Hungarian Grand Prix
829,8,0,2021,11,399,0.45926192,0.4359147052495201,1.1136451249310424,1.7025772878766552,0.39543933741382764,0.6045606625858172,0.9998302314097453,1.6597711965349236,0.21452551244059556,0.30777745689434804,-2.917360305786133,-0.16331446,-0.2577588778414639,Max Verstappen,Red Bull,Hungarian Grand Prix
845,2,0,2021,11,399,0.019967005,0.019799116727437966,0.7152437056159748,0.3880072143759191,0.6483055600992218,0.3516944398998718,-0.6523413404061271,-0.332418560417322,-0.017535717561094854,-0.007593641962097442,-2.917360305786133,-3.893505,-3.902120206609582,George Russell,Williams,Hungarian Grand Prix
847,2,0,2021,11,399,0.0072417054,0.005593984647224593,1.7657388662190883,0.615526340485933,0.7415128987928296,0.25848710120675056,-1.6868311157906666,-0.5762623175614388,-0.023900247460619136,-0.004316604844622719,-2.917360305786133,-4.9206305,-5.180453739138239,Nicholas Latifi,Williams,Hungarian Grand Prix
850,209,0,2021,11,399,0.0058852965,0.004970985596010472,1.1215003900457423,1.3877059820630713,0.44695422525280454,0.5530457747467967,-1.0806438023140625,-1.3011496593339327,-0.009536025367977055,-0.013050511154190262,-2.917360305786133,-5.1293955,-5.299153767434128,Yuki Tsunoda,AlphaTauri,Hungarian Grand Prix
452,209,0,2021,11,399,0.010497785,0.009670364046626547,0.5453269106029349,1.300767041037754,0.2953949933685597,0.7046050066308985,-0.4887772092751764,-1.2228343824853551,-0.005999920722813676,-0.02243383778964943,-2.917360305786133,-4.5460377,-4.6289718975466645,Pierre Gasly,AlphaTauri,Hungarian Grand Prix
3,210,0,2021,11,399,0.18213466,0.1690312225310303,1.4954564522967124,0.3302630388042642,0.8191052675863572,0.1808947324130951,1.4377051025552725,-0.11285357211577197,0.12295179764741009,-0.016448281925516367,-2.917360305786133,-1.5019513,-1.5925087753466323,Fernando Alonso,Alpine F1 Team,Hungarian Grand Prix
831,5,1,2021,11,399,0.28335705,0.25116604128228054,0.4820654087593583,2.2954520917937664,0.1735598096729128,0.8264401903267271,-0.4188664489349191,2.243823719211746,-0.08653935149140596,0.21681694759902725,-2.917360305786133,-0.9278698,-1.0924030355093057,Carlos Sainz,Ferrari,Hungarian Grand Prix
0,129,1,2021,11,399,0.52605075,0.6427149651175961,1.743947580872872,1.8997631083518345,0.4786185648684043,0.5213814351313213,1.7110044452244726,1.793523317179606,0.3974147097483921,0.41236849064536474,-2.917360305786133,0.104297295,0.5871674566179457,Lewis Hamilton,Mercedes,Hungarian Grand Prix
838,210,1,2021,11,399,0.020866107,0.019628128683703366,0.774651664072897,0.44477648247399054,0.6352581464236983,0.3647418535754816,-0.7397567962682405,-0.2538511838248029,-0.020635445766722812,-0.005529438872041003,-2.917360305786133,-3.8485422,-3.9109682858791763,Esteban Ocon,Alpine F1 Team,Hungarian Grand Prix
840,49,0,2021,12,400,0.0019889667,0.0016959687136725004,1.715342693411254,1.9384481121046688,0.46946932233263816,0.5305306776670882,-1.608481624625691,-1.8519618500010888,-0.0067187533422230165,-0.009013689055725096,-2.917360305786133,-6.218149,-6.377803780412913,Antonio Giovinazzi,Alfa Romeo,Belgian Grand Prix
844,0,0,2021,12,400,0.28839847,0.3237140375947253,0.7584432175680645,1.581550393755668,0.32412191806741286,0.6758780819321597,0.6659820191045456,1.514622804832661,0.12633196688950105,0.22848339458294087,-2.917360305786133,-0.9031749,-0.7367554818489261,Lando Norris,McLaren,Belgian Grand Prix
850,209,0,2021,12,400,0.0058852965,0.005896096543712154,1.0758993216860242,1.2474418514211083,0.46308279392591384,0.5369172060736558,-1.0369866662640346,-1.1732042305882524,-0.010558409407006766,-0.012914466477218799,-2.917360305786133,-5.1293955,-5.12755120263842,Yuki Tsunoda,AlphaTauri,Belgian Grand Prix
852,207,0,2021,12,400,0.0036105334,0.00454804612398482,1.0378546074521235,1.7564526915056546,0.3714174914973924,0.6285825085022496,-0.8487976890077158,-1.6223411468025866,-0.006015761938155516,-0.018069368598477933,-2.917360305786133,-5.6202826,-5.388499141596435,Mick Schumacher,Haas F1 Team,Belgian Grand Prix
839,115,0,2021,12,400,0.01237194,0.014918526977803244,0.9083227622302219,0.6536162820575476,0.5815353457943856,0.41846465420497403,-0.8913678682195552,-0.3813923156015182,-0.020695479514789956,-0.0067767168719729525,-2.917360305786133,-4.379875,-4.190120489607207,Lance Stroll,Aston Martin,Belgian Grand Prix
7,49,0,2021,12,400,0.04051528,0.042349011056000814,1.503241728185797,1.7232977859872907,0.46589906045845797,0.5341009395412321,1.4530213204055447,-1.6541993449083412,0.03211305196701643,-0.14545557454616467,-2.917360305786133,-3.1647172,-3.1185383302889296,Kimi Räikkönen,Alfa Romeo,Belgian Grand Prix
814,8,0,2021,12,400,0.3254422,0.33235615876974567,0.3997067253111166,1.9367069488344182,0.1710770356012083,0.8289229643983637,0.3417562473896203,1.8780563601490052,0.07107183836842201,0.2616310577765979,-2.917360305786133,-0.7288724,-0.6975476982475075,Sergio Pérez,Red Bull,Belgian Grand Prix
821,129,0,2021,12,400,0.4877169,0.5544244769592691,1.2424134307076304,2.062602553399599,0.37591752556769026,0.6240824744320072,1.184379644239071,1.951544502042714,0.2787091905790187,0.4042177595525025,-2.917360305786133,-0.04914233,0.21856384049565225,Valtteri Bottas,Mercedes,Belgian Grand Prix
851,207,0,2021,12,400,0.0012516654,0.0013847351072335983,1.9741877918554769,1.9153374414433402,0.5075652357140268,0.49243476428571603,-1.8917464713016463,-1.7717539441234669,-0.007726317213208791,-0.00670443735632722,-2.917360305786133,-6.682028,-6.580860721211246,Nikita Mazepin,Haas F1 Team,Belgian Grand Prix
3,210,0,2021,12,400,0.18213466,0.19190271390700403,1.6246053293974703,0.34078028673544447,0.8266089443522084,0.1733910556472826,1.5682165899183975,-0.08855019377412549,0.14474314423597442,-0.014107685128703445,-2.917360305786133,-1.5019513,-1.4376939096418608,Fernando Alonso,Alpine F1 Team,Belgian Grand Prix
831,5,0,2021,12,400,0.28335705,0.2752450462411769,0.5162548236939051,2.4689879738593747,0.1729356232320055,0.8270643767676594,-0.4641738279695705,2.4133623089831433,-0.10135653948532553,0.24236746672119053,-2.917360305786133,-0.9278698,-0.9681718247725599,Carlos Sainz,Ferrari,Belgian Grand Prix
847,2,0,2021,12,400,0.0072417054,0.007028576374851439,1.542357372567738,0.6109604985211474,0.716270176955846,0.2837298230436895,-1.4701389358759607,-0.5632184659676738,-0.02284132739454948,-0.005250551473855448,-2.917360305786133,-4.9206305,-4.950717707629767,Nicholas Latifi,Williams,Belgian Grand Prix
845,2,1,2021,12,400,0.019967005,0.015458697131241428,0.6621123721119798,0.7006790941051448,0.48585010144611807,0.5141498985531482,-0.5748230467977128,-0.6618207316787454,-0.011682636143151525,-0.014076761037497078,-2.917360305786133,-3.893505,-4.154004084262591,George Russell,Williams,Belgian Grand Prix
0,129,1,2021,12,400,0.52605075,0.5561753492095497,1.6328835450472043,1.6408034259825643,0.4987903729027173,0.5012096270969771,1.596453642387755,1.5465607304300473,0.3536846554896833,0.3455078613440753,-2.917360305786133,0.104297295,0.22565406703166935,Lewis Hamilton,Mercedes,Belgian Grand Prix
816,0,0,2021,12,400,0.29837483,0.25615073447062986,0.6902264357006851,1.2785002066474007,0.3505953649700735,0.6494046350294186,0.6454200582859888,1.2058679110150692,0.10318048898098911,0.16267706144598473,-2.917360305786133,-0.8550488,-1.0660723364850746,Daniel Ricciardo,McLaren,Belgian Grand Prix
829,8,1,2021,12,400,0.45926192,0.40631461860910084,1.0908817622647038,1.6015111281620027,0.4051718328863248,0.5948281671133038,0.9796011654144756,1.5585374044737001,0.2018829403436512,0.2804203736108484,-2.917360305786133,-0.16331446,-0.37922173589795705,Max Verstappen,Red Bull,Belgian Grand Prix
452,209,0,2021,12,400,0.010497785,0.01159631753453547,0.488848383907279,1.2167182138889043,0.2866193466374452,0.7133806533619684,-0.39154514974247684,-1.1364981504684963,-0.005462895722865589,-0.023670622621400166,-2.917360305786133,-4.5460377,-4.445403605997106,Pierre Gasly,AlphaTauri,Belgian Grand Prix
838,210,0,2021,12,400,0.020866107,0.01852493379669854,0.7504495840174308,0.5167904188657824,0.5921921516914099,0.40780784830780087,-0.7127276116432896,-0.3398510947497453,-0.01854368486945486,-0.007304092467259427,-2.917360305786133,-3.8485422,-3.9699390121791676,Esteban Ocon,Alpine F1 Team,Belgian Grand Prix
842,5,0,2021,12,400,0.4536611,0.523547718966349,0.894855717974155,2.3010175660324492,0.28000350403505725,0.7199964959646298,0.7618135967507077,2.24980731555599,0.18450273539201145,0.4197336784688463,-2.917360305786133,-0.18588889,0.09426060652056467,Charles Leclerc,Ferrari,Belgian Grand Prix
19,115,0,2021,12,400,0.26045325,0.2687036003714716,2.2940663869184466,0.6298697244278456,0.7845815707174895,0.21541842928216856,2.2566083359358355,-0.34045796441059034,0.23165663755174487,-0.07186711181627448,-2.917360305786133,-1.043614,-1.0012099342608876,Sebastian Vettel,Aston Martin,Belgian Grand Prix
839,115,0,2021,13,401,0.01237194,0.013629563244046149,0.8107450389139071,0.7725798454442099,0.5120522306715798,0.48794776932778844,-0.7922883382309371,-0.5721421350650134,-0.01598283520235071,-0.010271321801526869,-2.917360305786133,-4.379875,-4.281790779082083,Lance Stroll,Aston Martin,Dutch Grand Prix
850,209,0,2021,13,401,0.0058852965,0.005195608673471645,1.077400997138338,1.380499682713297,0.43834195822873295,0.5616580417708602,-1.0361883778788206,-1.3011836595978683,-0.009310916211807924,-0.013629693798298571,-2.917360305786133,-5.1293955,-5.2547323432628215,Yuki Tsunoda,AlphaTauri,Dutch Grand Prix
852,207,0,2021,13,401,0.0036105334,0.004103755247361366,1.069197148418388,1.8588255325968888,0.3651601319041983,0.6348398680954602,-0.8553616314170502,-1.719018674512476,-0.005495929317664678,-0.018369011610548013,-2.917360305786133,-5.6202826,-5.4917406117156595,Mick Schumacher,Haas F1 Team,Dutch Grand Prix
845,2,0,2021,13,401,0.019967005,0.019859147104581122,0.558449398290443,0.5357653393790596,0.5103654511904473,0.4896345488086387,-0.4821015344729388,-0.49956973621586886,-0.01191138112417136,-0.01245314064772024,-2.917360305786133,-3.893505,-3.8990315764749406,George Russell,Williams,Dutch Grand Prix
847,2,0,2021,13,401,0.0072417054,0.009887305465255961,1.4193255494881778,0.3654240775759697,0.7952519098278927,0.204748090171547,-1.3574919302236383,-0.33171487541963773,-0.027472828162355325,-0.0038358536346435775,-2.917360305786133,-4.9206305,-4.606567111429409,Nicholas Latifi,Williams,Dutch Grand Prix
8,49,0,2021,13,401,0.008912823,0.010093230946322501,0.27463361281687904,1.8053121942936485,0.13203883095313407,0.8679611690463851,0.057966138506445185,-1.726351602915214,0.000563014299818922,-0.04410451634697385,-2.917360305786133,-4.7113113,-4.585745770194901,Robert Kubica,Alfa Romeo,Dutch Grand Prix
840,49,0,2021,13,401,0.0019889667,0.0023156722114043363,1.5983947570100554,1.7291442800782755,0.48035342010839494,0.5196465798913045,-1.5000914734015398,-1.6482851247825399,-0.00798037881674577,-0.009605437617135133,-2.917360305786133,-6.218149,-6.065736903970212,Antonio Giovinazzi,Alfa Romeo,Dutch Grand Prix
19,115,0,2021,13,401,0.26045325,0.23829164530271196,2.1207636242636934,0.5455746510345231,0.7953843081016048,0.20461569189802023,2.0896483195861433,-0.3343564356938493,0.20102639766952468,-0.06583743059463554,-2.917360305786133,-1.043614,-1.1620684218938389,Sebastian Vettel,Aston Martin,Dutch Grand Prix
816,0,0,2021,13,401,0.29837483,0.2540752850516495,0.5683330673703112,1.3820507587020927,0.29139549855399677,0.7086045014454906,0.5184900197826621,1.3218762301346163,0.08546156078297634,0.1708164016421166,-2.917360305786133,-0.8550488,-1.0769940558688544,Daniel Ricciardo,McLaren,Dutch Grand Prix
851,207,0,2021,13,401,0.0012516654,0.0010295633866279697,2.148721514142723,2.053076195698697,0.5113814758643643,0.48861852413539764,-2.0592798134199404,-1.900950250130657,-0.00698609372446541,-0.005820388574007287,-2.917360305786133,-6.682028,-6.87759036933673,Nikita Mazepin,Haas F1 Team,Dutch Grand Prix
838,210,0,2021,13,401,0.020866107,0.019195475062095357,0.7231926427339678,0.47915941840652204,0.6014816010273917,0.39851839897177643,-0.6849656304767114,-0.3313726650168099,-0.018176967890294733,-0.007341367230407642,-2.917360305786133,-3.8485422,-3.933698601279654,Esteban Ocon,Alpine F1 Team,Dutch Grand Prix
829,8,1,2021,13,401,0.45926192,0.5348760761328096,1.3238321193563656,1.911519000038564,0.40917726407498467,0.5908227359247062,1.2034628813748265,1.8536286380575868,0.2782791019087311,0.38221719115736535,-2.917360305786133,-0.16331446,0.1397312136462805,Max Verstappen,Red Bull,Dutch Grand Prix
0,129,1,2021,13,401,0.52605075,0.4428595490287648,1.3548346307677788,1.4483625518676997,0.4833176342926837,0.5166823657069596,1.3221427484608625,1.3656528677356727,0.268019751169731,0.27420846008540234,-2.917360305786133,0.104297295,-0.22956468958959753,Lewis Hamilton,Mercedes,Dutch Grand Prix
821,129,1,2021,13,401,0.4877169,0.43823719523950877,0.9573144923916104,1.865421721360172,0.3391441565554141,0.6608558434442316,0.9039974669249363,1.7650434390827492,0.19817104287684564,0.32043016178834344,-2.917360305786133,-0.04914233,-0.2483193997784472,Valtteri Bottas,Mercedes,Dutch Grand Prix
452,209,0,2021,13,401,0.010497785,0.014401754491328748,0.4264876327074632,1.0987866329824536,0.2796137339367444,0.7203862660625999,-0.2798189086176672,-1.028719559413028,-0.004562000786532891,-0.02487025755374048,-2.917360305786133,-4.5460377,-4.225898773816828,Pierre Gasly,AlphaTauri,Dutch Grand Prix
844,0,0,2021,13,401,0.28839847,0.26466994964551666,0.702809459945646,1.349219688015515,0.342494871792438,0.6575051282070747,0.6130444141957125,1.2824800217724701,0.10150704205075747,0.173903798697847,-2.917360305786133,-0.9031749,-1.02183586981795,Lando Norris,McLaren,Dutch Grand Prix
3,210,0,2021,13,401,0.18213466,0.19078891067600026,1.66119690859002,0.3820437628693383,0.813020674359775,0.18697932563973554,1.60215698513221,-0.1296888514257009,0.14544386978725776,-0.020828532223854446,-2.917360305786133,-1.5019513,-1.4448921720796237,Fernando Alonso,Alpine F1 Team,Dutch Grand Prix
831,5,0,2021,13,401,0.28335705,0.29427394719050803,0.3904368318776166,2.382007792616405,0.14082763941542437,0.8591723605842149,-0.282630624686548,2.325274922117397,-0.06188256645018958,0.2551078830899606,-2.917360305786133,-0.9278698,-0.8747160083552838,Carlos Sainz,Ferrari,Dutch Grand Prix
814,8,0,2021,13,401,0.3254422,0.28891218984460615,0.28602922131674147,1.9116231821877712,0.13015216640288127,0.8698478335966636,0.1580818565842394,1.8586053252713226,0.031364738425089245,0.22934741773679473,-2.917360305786133,-0.7288724,-0.900673123930571,Sergio Pérez,Red Bull,Dutch Grand Prix
842,5,0,2021,13,401,0.4536611,0.4291110116212972,0.7923366297069292,2.0334920058845976,0.2803908983464562,0.7196091016531899,0.6418554031499427,1.990025781832106,0.14564521705749867,0.33593895704319876,-2.917360305786133,-0.18588889,-0.2854791208040839,Charles Leclerc,Ferrari,Dutch Grand Prix
19,115,0,2021,14,402,0.26045325,0.29809882317858183,2.3963995565913443,0.570736322610564,0.8076473926887073,0.19235260731095558,2.356312333499263,-0.2953195951349049,0.25940748911631223,-0.06520619066566102,-2.917360305786133,-1.043614,-0.8563675674217749,Sebastian Vettel,Aston Martin,Italian Grand Prix
452,209,0,2021,14,402,0.010497785,0.01066728960345661,0.4647674983621474,1.3284421092075953,0.2591819140383521,0.7408180859610901,-0.3621287598843918,-1.2503596075449077,-0.004584037776633812,-0.025614287472475718,-2.917360305786133,-4.5460377,-4.529848673215432,Pierre Gasly,AlphaTauri,Italian Grand Prix
829,8,0,2021,14,402,0.45926192,0.3823262601786012,1.0387782646978794,1.5562385517515278,0.4002973152670247,0.59970268473259,0.9261206678536096,1.5115535772913982,0.1854299722544597,0.26220048366653054,-2.917360305786133,-0.16331446,-0.47968606064112507,Max Verstappen,Red Bull,Italian Grand Prix
0,129,0,2021,14,402,0.52605075,0.5070231399716155,1.515340930786865,1.5526948338485482,0.4939124074932174,0.5060875925064566,1.4755003067012087,1.4699544067252344,0.3166220182175237,0.3157656576833586,-2.917360305786133,0.104297295,0.028094407640310237,Lewis Hamilton,Mercedes,Italian Grand Prix
851,207,0,2021,14,402,0.0012516654,0.0009759521850808234,2.164397279734555,2.0989833580878194,0.5076716023272007,0.49232839767256487,-2.068020234104072,-1.9457399948204372,-0.0066912991279705365,-0.005814794004245589,-2.917360305786133,-6.682028,-6.931120534710642,Nikita Mazepin,Haas F1 Team,Italian Grand Prix
852,207,0,2021,14,402,0.0036105334,0.003635199102289581,1.076671028932322,1.951066819599725,0.3556024605809166,0.6443975394187531,-0.885507832963158,-1.81058143458264,-0.005131915693147614,-0.018184770653984366,-2.917360305786133,-5.6202826,-5.6134495733319305,Mick Schumacher,Haas F1 Team,Italian Grand Prix
8,49,0,2021,14,402,0.008912823,0.009050765985046012,0.24640464656161348,1.815333787547834,0.11951304902938699,0.8804869509701279,-0.04047255330176649,-1.7379810535398983,-0.0003702995393310513,-0.04031684573237574,-2.917360305786133,-4.7113113,-4.695813912627798,Robert Kubica,Alfa Romeo,Italian Grand Prix
840,49,0,2021,14,402,0.0019889667,0.002243978747063891,1.5556994138989682,1.804017234567722,0.46304482689291565,0.5369551731067868,-1.4558879616543203,-1.7240099946912837,-0.007308366660986949,-0.01020919668894305,-2.917360305786133,-6.218149,-6.097258262131737,Antonio Giovinazzi,Alfa Romeo,Italian Grand Prix
847,2,0,2021,14,402,0.0072417054,0.0066882930792171195,1.60720837458029,0.5830093433453508,0.7338121509224874,0.26618784907705606,-1.5350573683351192,-0.5482681484412888,-0.02361789473331456,-0.0048279051010870445,-2.917360305786133,-4.9206305,-5.000685822562541,Nicholas Latifi,Williams,Italian Grand Prix
850,209,0,2021,14,402,0.0058852965,0.005256998398432158,1.0492386112539998,1.4035308307072594,0.42777710505663763,0.5722228949429546,-1.008040092053902,-1.3175237989253905,-0.009017770142788109,-0.014095331936074203,-2.917360305786133,-5.1293955,-5.242924196765426,Yuki Tsunoda,AlphaTauri,Italian Grand Prix
845,2,0,2021,14,402,0.019967005,0.01670367642960742,0.6929843955905113,0.570540711849082,0.5484532056464047,0.4515467943528038,-0.6164434041127255,-0.5414779723318254,-0.013802696879334678,-0.011661889084309252,-2.917360305786133,-3.893505,-4.075281682230684,George Russell,Williams,Italian Grand Prix
816,0,1,2021,14,402,0.29837483,0.24833915352003189,0.6024923064100715,1.3268292044753403,0.31228196182463186,0.6877180381748499,0.5518179394768499,1.2580525125429873,0.08848421417000824,0.16250086840432648,-2.917360305786133,-0.8550488,-1.1074898537662956,Daniel Ricciardo,McLaren,Italian Grand Prix
844,0,1,2021,14,402,0.28839847,0.3421445258744949,0.8079834004006964,1.62947910592764,0.331485468310841,0.6685145316887487,0.7100298801864509,1.5535784006586273,0.13851819478396843,0.24305038272799717,-2.917360305786133,-0.9031749,-0.6537520249410547,Lando Norris,McLaren,Italian Grand Prix
821,129,1,2021,14,402,0.4877169,0.5218771128586898,1.135323104229243,2.038851380785662,0.3576750772803072,0.6423249227193778,1.0742226976740759,1.9307019667803011,0.2503044895373348,0.38519647725437633,-2.917360305786133,-0.04914233,0.08756435866824419,Valtteri Bottas,Mercedes,Italian Grand Prix
842,5,0,2021,14,402,0.4536611,0.48651929876922223,0.868172202781609,2.1754985613486646,0.28523853927065707,0.7147614607290145,0.7365400191804408,2.1268844101757667,0.17445280423267234,0.3850331945349401,-2.917360305786133,-0.18588889,-0.053935876429925145,Charles Leclerc,Ferrari,Italian Grand Prix
838,210,0,2021,14,402,0.020866107,0.028659412792448036,0.5099940497348313,0.38958902500068804,0.5669226823594969,0.4330773176393915,-0.4628954984778404,-0.14293942830986286,-0.016115468853251946,-0.004258837596182046,-2.917360305786133,-3.8485422,-3.523195232573836,Esteban Ocon,Alpine F1 Team,Italian Grand Prix
831,5,0,2021,14,402,0.28335705,0.3195389814324262,0.4427471921370746,2.5552851496794027,0.1476792581459181,0.8523207418537484,-0.32885213713281203,2.4903211799723697,-0.07529460074300609,0.282075754803833,-2.917360305786133,-0.9278698,-0.7558912629465753,Carlos Sainz,Ferrari,Italian Grand Prix
839,115,0,2021,14,402,0.01237194,0.011672472428545749,1.0487100560763531,0.7458815022218876,0.5843725560986313,0.4156274439008115,-1.0318001934582832,-0.4896203634330201,-0.02040553997190688,-0.007234055179912354,-2.917360305786133,-4.379875,-4.4387808626774365,Lance Stroll,Aston Martin,Italian Grand Prix
3,210,0,2021,14,402,0.18213466,0.16997169789342548,1.5578586638447818,0.39792219832453923,0.7965404989780057,0.20345950102148294,1.5020426820502875,-0.17051023518644495,0.1263613326607946,-0.025424984208413076,-2.917360305786133,-1.5019513,-1.5858278589222903,Fernando Alonso,Alpine F1 Team,Italian Grand Prix
814,8,0,2021,14,402,0.3254422,0.3184358355393007,0.31354625126102703,1.9791221450724517,0.1367604018803265,0.8632395981192372,0.2338073800240012,1.9225835236857658,0.04846622865235739,0.25448497114568985,-2.917360305786133,-0.7288724,-0.7609694020763658,Sergio Pérez,Red Bull,Italian Grand Prix
839,115,0,2021,15,403,0.01237194,0.01748506941962973,0.8601436457839482,0.6298790571252066,0.5772688188602808,0.422731181139048,-0.8468497966513638,-0.26455809696341004,-0.022366794526468146,-0.00517544521727294,-2.917360305786133,-4.379875,-4.028768199400907,Lance Stroll,Aston Martin,Russian Grand Prix
847,2,0,2021,15,403,0.0072417054,0.007080211590777874,1.6038057139831157,0.5301324330671848,0.7515708532598624,0.24842914673966895,-1.5360273657928336,-0.48995841921142996,-0.02498730617142108,-0.004424949780782502,-2.917360305786133,-4.9206305,-4.943346090790396,Nicholas Latifi,Williams,Russian Grand Prix
851,207,0,2021,15,403,0.0012516654,0.0014130364608036085,1.9842807716597126,1.8913782677674553,0.5119853814468887,0.48801461855285333,-1.9058613514661549,-1.7373786787978842,-0.008013652272386767,-0.006563664691035458,-2.917360305786133,-6.682028,-6.560600336050172,Nikita Mazepin,Haas F1 Team,Russian Grand Prix
850,209,0,2021,15,403,0.0058852965,0.006594579074349831,1.0007277672365855,1.2191658565400192,0.4507998746055416,0.549200125394008,-0.9590847502446057,-1.1384458444026169,-0.01043200556990945,-0.01370901021400403,-2.917360305786133,-5.1293955,-5.014890900433356,Yuki Tsunoda,AlphaTauri,Russian Grand Prix
840,49,0,2021,15,403,0.0019889667,0.0024319734296497256,1.54426665038742,1.724367071906487,0.47245019833644464,0.5275498016632495,-1.4502091899279121,-1.649047809051929,-0.007856308715459767,-0.010091233780513685,-2.917360305786133,-6.218149,-6.016617304765974,Antonio Giovinazzi,Alfa Romeo,Russian Grand Prix
842,5,0,2021,15,403,0.4536611,0.5399670542842602,0.918286874123704,2.353690059529356,0.2806520011429863,0.719347998856708,0.7759664447734991,2.3016038800853846,0.18921985395534396,0.4348288771733244,-2.917360305786133,-0.18588889,0.16021001907275112,Charles Leclerc,Ferrari,Russian Grand Prix
838,210,0,2021,15,403,0.020866107,0.022044066619618663,0.7993614549257793,0.36856565309166667,0.6844275207225984,0.3155724792765454,-0.7646328486287832,-0.1104279785748272,-0.02414209539221507,-0.0025105770536053527,-2.917360305786133,-3.8485422,-3.792421132989743,Esteban Ocon,Alpine F1 Team,Russian Grand Prix
452,209,0,2021,15,403,0.010497785,0.012001431735818384,0.5044236530631626,1.1770243738718413,0.29999360371687595,0.7000063962825291,-0.389498293735708,-1.1037966951104854,-0.005614874399684068,-0.023335215260503396,-2.917360305786133,-4.5460377,-4.410655294632326,Pierre Gasly,AlphaTauri,Russian Grand Prix
19,115,0,2021,15,403,0.26045325,0.31346915286663796,2.3339733413054256,0.5115014169879764,0.8202403955621191,0.17975960443752945,2.295877395911033,-0.16246728896738033,0.26952209431038265,-0.03597510903445128,-2.917360305786133,-1.043614,-0.7839501988424804,Sebastian Vettel,Aston Martin,Russian Grand Prix
852,207,0,2021,15,403,0.0036105334,0.0034583212533543656,1.0855789624217262,1.9868937780466078,0.3533241965414148,0.6466758034582597,-0.8974456755898148,-1.848701698100287,-0.004983646872869403,-0.018108298120718375,-2.917360305786133,-5.6202826,-5.6635076794762345,Mick Schumacher,Haas F1 Team,Russian Grand Prix
845,2,0,2021,15,403,0.019967005,0.02664389235772889,0.47022883715736347,0.37445768295287374,0.5566903531211068,0.4433096468777094,-0.3984040073180577,-0.2824257469553106,-0.01252988244668872,-0.008390430021049028,-2.917360305786133,-3.893505,-3.5981900600595007,George Russell,Williams,Russian Grand Prix
7,49,0,2021,15,403,0.04051528,0.030632792023534628,1.3546126172430233,1.9248790257311286,0.41305566981537417,0.5869443301843209,1.3052138743361044,-1.8424259943315304,0.022138129472972473,-0.1356580310027924,-2.917360305786133,-3.1647172,-3.454572425781559,Kimi Räikkönen,Alfa Romeo,Russian Grand Prix
844,0,0,2021,15,403,0.28839847,0.326954869354403,0.7901938473651872,1.5688366320514135,0.33496550988195406,0.665034490117622,0.697613117288624,1.497756949358065,0.1322310970333756,0.22896372160154577,-2.917360305786133,-0.9031749,-0.7219902391394442,Lando Norris,McLaren,Russian Grand Prix
3,210,0,2021,15,403,0.18213466,0.15831737433170087,1.5380451609032408,0.4357853471969235,0.779218455987312,0.22078154401218136,1.4817857031447697,-0.23522669481829966,0.117327910229803,-0.033914207972177285,-2.917360305786133,-1.5019513,-1.6708012974596629,Fernando Alonso,Alpine F1 Team,Russian Grand Prix
821,129,0,2021,15,403,0.4877169,0.39563839553146746,0.887739250164243,1.7481035153468185,0.33679522230218584,0.6632047776974348,0.8349636509953624,1.6587246045886421,0.174429557468403,0.28481881220467087,-2.917360305786133,-0.04914233,-0.42367205020212806,Valtteri Bottas,Mercedes,Russian Grand Prix
816,0,0,2021,15,403,0.29837483,0.3422340893880688,0.8281354278710316,1.5568466980983307,0.34722919675303376,0.652770803246547,0.7744487928798442,1.4895573786401248,0.14879284491158556,0.2372386137085703,-2.917360305786133,-0.8550488,-0.653354134266164,Daniel Ricciardo,McLaren,Russian Grand Prix
831,5,1,2021,15,403,0.28335705,0.2905749139477672,0.4507259460041678,2.4391991498652663,0.1559645772993334,0.8440354227003206,-0.36092462408886333,2.385691448194171,-0.07955282372815187,0.2542512104762832,-2.917360305786133,-0.9278698,-0.8925934816808252,Carlos Sainz,Ferrari,Russian Grand Prix
829,8,1,2021,15,403,0.45926192,0.4418254061083265,1.151421229285213,1.7004874434384054,0.4037370622338981,0.5962629377657512,1.0293226926054353,1.6542806026974608,0.22138121202695438,0.3103570246231042,-2.917360305786133,-0.16331446,-0.23375701048323672,Max Verstappen,Red Bull,Russian Grand Prix
0,129,1,2021,15,403,0.52605075,0.520500427210464,1.573732919407693,1.5516020356722033,0.503540561900175,0.4964594380995049,1.5388735683707577,1.460534442866222,0.33154714587823375,0.31924828089235024,-2.917360305786133,0.104297295,0.08204770545084683,Lewis Hamilton,Mercedes,Russian Grand Prix
814,8,0,2021,15,403,0.3254422,0.28342433125854183,0.3452976879703407,1.7677528457840337,0.1634119404407559,0.8365880595587708,0.2762842852288522,1.713537348414948,0.052628499365041465,0.21688316220459547,-2.917360305786133,-0.7288724,-0.9275386721423327,Sergio Pérez,Red Bull,Russian Grand Prix
816,0,0,2021,16,404,0.29837483,0.2555937566755053,0.6454434893974941,1.3188961852532093,0.32858038644051596,0.671419613558975,0.6018432049926968,1.2465194850573869,0.0972816488661982,0.16574778762092607,-2.917360305786133,-0.8550488,-1.0689976157360492,Daniel Ricciardo,McLaren,Turkish Grand Prix
850,209,0,2021,16,404,0.0058852965,0.008888999718986578,0.802756070933117,1.1024752861918625,0.4213430919718147,0.5786569080276603,-0.7662179117790794,-1.0304337932026044,-0.010042890012843394,-0.015627707573554396,-2.917360305786133,-5.1293955,-4.714012010767817,Yuki Tsunoda,AlphaTauri,Turkish Grand Prix
845,2,0,2021,16,404,0.019967005,0.01676369255245962,0.6460366877038154,0.617214471716548,0.5114079515270222,0.48859204847218596,-0.5686090501748469,-0.5856647392978437,-0.012462588963394763,-0.012950399771243102,-2.917360305786133,-3.893505,-4.0716340952588235,George Russell,Williams,Turkish Grand Prix
7,49,0,2021,16,404,0.04051528,0.04519475727634049,1.516542997402472,1.670617655491562,0.47582885287722515,0.524171147122461,1.4630104812497753,-1.596176470176772,0.034353938839188844,-0.14413826905842378,-2.917360305786133,-3.1647172,-3.0505262947131295,Kimi Räikkönen,Alfa Romeo,Turkish Grand Prix
847,2,0,2021,16,404,0.0072417054,0.008329060240016124,1.6005115389920799,0.3841157722065268,0.8064544561893848,0.19354554381011127,-1.5335716620880446,-0.32870873693990665,-0.029139337704278893,-0.00320406286935704,-2.917360305786133,-4.9206305,-4.779640704814085,Nicholas Latifi,Williams,Turkish Grand Prix
19,115,0,2021,16,404,0.26045325,0.22795626128347957,2.1754213930456707,0.6349202899164335,0.7740771900561214,0.22592280994352285,2.143646499136471,-0.4461736240632494,0.194501498134631,-0.08772002211842383,-2.917360305786133,-1.043614,-1.219887430712911,Sebastian Vettel,Aston Martin,Turkish Grand Prix
852,207,0,2021,16,404,0.0036105334,0.004158793348668141,1.076035730037608,1.8269781287212257,0.3706615890897917,0.6293384109098639,-0.8778583747958472,-1.6831441614379736,-0.005788039350529778,-0.017825043960336687,-2.917360305786133,-5.6202826,-5.478362842019953,Mick Schumacher,Haas F1 Team,Turkish Grand Prix
851,207,0,2021,16,404,0.0012516654,0.0014134443378639899,2.0071636910104034,1.8658320061938982,0.5182457838666704,0.4817542161330713,-1.9189440065874666,-1.7240070039828748,-0.008138929365614014,-0.0064603963805897665,-2.917360305786133,-6.682028,-6.560311316356474,Nikita Mazepin,Haas F1 Team,Turkish Grand Prix
840,49,0,2021,16,404,0.0019889667,0.0018181599381903808,1.73900150085434,1.8295935568413213,0.4873070417736814,0.5126929582260383,-1.64096250827081,-1.749787683440132,-0.00749335824705449,-0.008552777062464599,-2.917360305786133,-6.218149,-6.308110497497076,Antonio Giovinazzi,Alfa Romeo,Turkish Grand Prix
3,210,0,2021,16,404,0.18213466,0.15268917277658034,1.540706084210247,0.4088337300583904,0.7902921873834348,0.20970781261605223,1.484619740013386,-0.28092273133570667,0.11345878648132125,-0.03998285868450127,-2.917360305786133,-1.5019513,-1.7136632971084533,Fernando Alonso,Alpine F1 Team,Turkish Grand Prix
839,115,0,2021,16,404,0.01237194,0.011189489906364923,0.9389961253670249,0.7799617930445675,0.5462589370623805,0.4537410629370377,-0.9220437374617519,-0.6421237360294922,-0.01647680876083276,-0.009864136498711222,-2.917360305786133,-4.379875,-4.481527779277377,Lance Stroll,Aston Martin,Turkish Grand Prix
821,129,1,2021,16,404,0.4877169,0.5629801373399453,1.179016248291798,2.168853697088221,0.3521690709397061,0.6478309290599952,1.118685526316213,2.051940480577631,0.26677190333322937,0.4209676776399962,-2.917360305786133,-0.04914233,0.2532657011077113,Valtteri Bottas,Mercedes,Turkish Grand Prix
829,8,1,2021,16,404,0.45926192,0.46927907048711454,1.2678805888277438,1.6910289543261228,0.42849589361758467,0.5715041063820774,1.1545011583340017,1.6398204453422038,0.25130978575021184,0.3228464572029177,-2.917360305786133,-0.16331446,-0.12303870210992729,Max Verstappen,Red Bull,Turkish Grand Prix
814,8,1,2021,16,404,0.3254422,0.3318142718764268,0.32289430876349867,2.0590086256993954,0.13556148913187094,0.8644385108677093,0.21942419573538519,1.9979453293684766,0.04673715999534539,0.2687190204914496,-2.917360305786133,-0.7288724,-0.6999907806822709,Sergio Pérez,Red Bull,Turkish Grand Prix
842,5,0,2021,16,404,0.4536611,0.47838668329423073,0.8337561327949841,2.1913967058399555,0.2756079369434207,0.7243920630562487,0.6857266670797632,2.145126464251199,0.1623906035927951,0.3814411568260836,-2.917360305786133,-0.18588889,-0.08650717445517042,Charles Leclerc,Ferrari,Turkish Grand Prix
838,210,0,2021,16,404,0.020866107,0.021248320226552597,0.7552796368346433,0.4439786783464374,0.6297889514486883,0.3702110485504777,-0.7202125605889177,-0.19242725308838976,-0.021457008077639915,-0.004393037531853796,-2.917360305786133,-3.8485422,-3.83000011946344,Esteban Ocon,Alpine F1 Team,Turkish Grand Prix
452,209,0,2021,16,404,0.010497785,0.009963797293269662,0.5574910335449152,1.3051597138148894,0.2992998200735301,0.7007001799259329,-0.46161748171816663,-1.2198054700644851,-0.005753276226166157,-0.022995162593288265,-2.917360305786133,-4.5460377,-4.598783257568785,Pierre Gasly,AlphaTauri,Turkish Grand Prix
844,0,0,2021,16,404,0.28839847,0.29598567039966206,0.80930174835814,1.3981270819404723,0.3666264285622718,0.6333735714372751,0.7224702937754857,1.328402343854088,0.12645511549913988,0.1957753632255439,-2.917360305786133,-0.9031749,-0.8664876681565592,Lando Norris,McLaren,Turkish Grand Prix
831,5,0,2021,16,404,0.28335705,0.3333655704524756,0.44764365833905007,2.6371951885596605,0.14511087306519618,0.8548891269344796,-0.35374678643749535,2.5781049751927547,-0.08262480704717118,0.2967897739235975,-2.917360305786133,-0.9278698,-0.6930021170308733,Carlos Sainz,Ferrari,Turkish Grand Prix
0,129,0,2021,16,404,0.52605075,0.3375837084421641,1.141217877435797,1.2096314906860768,0.48544917122743875,0.514550828772136,1.1067668399874058,1.1365127728602984,0.19338519595062217,0.19701729312099822,-2.917360305786133,0.104297295,-0.6740806929384286,Lewis Hamilton,Mercedes,Turkish Grand Prix
839,115,0,2021,17,405,0.01237194,0.011819851569365391,0.9708414373876451,0.7214044008102547,0.5737000000076444,0.4262999999917646,-0.9528675480042512,-0.5558567094886593,-0.018264118830658586,-0.008607775814748413,-2.917360305786133,-4.379875,-4.426084563279043,Lance Stroll,Aston Martin,United States Grand Prix
452,209,0,2021,17,405,0.010497785,0.009574022497039304,0.5270112532692031,1.3499016852725187,0.28078620081248234,0.7192137991869848,-0.45333596282416166,-1.2683854215071295,-0.0054089324534459336,-0.02364991485007342,-2.917360305786133,-4.5460377,-4.639081690117424,Pierre Gasly,AlphaTauri,United States Grand Prix
838,210,0,2021,17,405,0.020866107,0.01846874551458334,0.7566582815988485,0.48086678876314204,0.6114286487763076,0.3885713512228841,-0.7189879210911585,-0.3366857581829521,-0.018713024081551694,-0.007203226268701079,-2.917360305786133,-3.8485422,-3.973033985060243,Esteban Ocon,Alpine F1 Team,United States Grand Prix
3,210,0,2021,17,405,0.18213466,0.18876442080487865,1.6669056506627737,0.4158214795877805,0.8003475954439807,0.1996524045555392,1.60703229253991,-0.1477306917574842,0.14419401556045064,-0.023667540008777355,-2.917360305786133,-1.5019513,-1.4580587050037068,Fernando Alonso,Alpine F1 Team,United States Grand Prix
851,207,0,2021,17,405,0.0012516654,0.0008380996851665033,2.245334632106031,2.1694008888083705,0.5086000331092217,0.4913999668905516,-2.154307742931988,-2.011867008705772,-0.006342061998242238,-0.005394757641623457,-2.917360305786133,-6.682028,-7.083535057423893,Nikita Mazepin,Haas F1 Team,United States Grand Prix
852,207,0,2021,17,405,0.0036105334,0.0032489520167184893,1.1497586638468442,2.0159934972065443,0.3631865684216747,0.6368134315780094,-0.9437473415740633,-1.8650609023539548,-0.005057173504796737,-0.017361974235552458,-2.917360305786133,-5.6202826,-5.726168549714151,Mick Schumacher,Haas F1 Team,United States Grand Prix
847,2,0,2021,17,405,0.0072417054,0.0065814777958512205,1.5968863715802246,0.6076390222324848,0.7243674198815636,0.27563258011798275,-1.5233660669622209,-0.5761663658579352,-0.022915500988485403,-0.005068572098703162,-2.917360305786133,-4.9206305,-5.016892738606289,Nicholas Latifi,Williams,United States Grand Prix
845,2,0,2021,17,405,0.019967005,0.021986462271708942,0.5218724097637305,0.4914861652971167,0.5149928392641071,0.4850071607349061,-0.43274879064027694,-0.44498750310451973,-0.011506675972659999,-0.01190512956678155,-2.917360305786133,-3.893505,-3.7950965995309294,George Russell,Williams,United States Grand Prix
7,49,0,2021,17,405,0.04051528,0.05013594516701283,1.5833560113000686,1.6232763674562811,0.4937753456832675,0.5062246543164206,1.5301225075536449,-1.5543428567096327,0.03883722923249776,-0.1497131476176051,-2.917360305786133,-3.1647172,-2.9415806549421206,Kimi Räikkönen,Alfa Romeo,United States Grand Prix
840,49,0,2021,17,405,0.0019889667,0.0020628828734880343,1.6631257754743318,1.7900408415526003,0.48162337932762395,0.5183766206720865,-1.5551460133234492,-1.7090794886963678,-0.007631760871427612,-0.009226864475043436,-2.917360305786133,-6.218149,-6.18158580780595,Antonio Giovinazzi,Alfa Romeo,United States Grand Prix
19,115,0,2021,17,405,0.26045325,0.30190804878106836,2.433175955607603,0.5938986452850028,0.8038044238781954,0.19619557612147429,2.3931248203543403,-0.313992847146621,0.26390530194074846,-0.06995432130728468,-2.917360305786133,-1.043614,-0.8382283325784136,Sebastian Vettel,Aston Martin,United States Grand Prix
850,209,0,2021,17,405,0.0058852965,0.005929259669375489,1.035816108326785,1.2903052139642153,0.44529754247992653,0.5547024575196435,-0.9936050578839805,-1.2109436475349407,-0.00992549664463857,-0.01369892524608204,-2.917360305786133,-5.1293955,-5.121909011205053,Yuki Tsunoda,AlphaTauri,United States Grand Prix
0,129,1,2021,17,405,0.52605075,0.6020110461947259,1.6599292071657148,1.806663042619016,0.47883601172543855,0.5211639882742729,1.6252867674404323,1.7059250820056762,0.3725638430316842,0.386508996459304,-2.917360305786133,0.104297295,0.4138515436599757,Lewis Hamilton,Mercedes,United States Grand Prix
814,8,1,2021,17,405,0.3254422,0.3291403123947032,0.3232890396702788,2.0163397195425192,0.13817963144670692,0.8618203685528657,0.24632839122141637,1.9589560501314045,0.051942509188702524,0.2644358210664206,-2.917360305786133,-0.7288724,-0.7120758644333121,Sergio Pérez,Red Bull,United States Grand Prix
842,5,0,2021,17,405,0.4536611,0.47985759114840815,0.8499067998466163,2.1783338400552497,0.2806602581867067,0.719339741812963,0.7058493595827692,2.130897683720147,0.16692887388827754,0.3811360368634339,-2.917360305786133,-0.18588889,-0.08061326248321654,Charles Leclerc,Ferrari,United States Grand Prix
829,8,1,2021,17,405,0.45926192,0.4890403614877277,1.2328511828356992,1.8144895371429222,0.4045662418884173,0.5954337581112545,1.1122284825818674,1.7612862463173835,0.24965898074527415,0.3478128426211028,-2.917360305786133,-0.16331446,-0.043845576886881954,Max Verstappen,Red Bull,United States Grand Prix
821,129,0,2021,17,405,0.4877169,0.4607165858499167,1.0114310438167369,1.9003377569014046,0.34735966796777823,0.6526403320318783,0.9562823685093444,1.8036197625147876,0.2135423923145135,0.33736614848041047,-2.917360305786133,-0.04914233,-0.15745817476200075,Valtteri Bottas,Mercedes,United States Grand Prix
831,5,0,2021,17,405,0.28335705,0.29005561106383204,0.45630254582188057,2.4515539636836166,0.15692058543126713,0.843079414568389,-0.37740480617812855,2.399651137324073,-0.08333245149334556,0.25430439708078323,-2.917360305786133,-0.9278698,-0.8951139746401884,Carlos Sainz,Ferrari,United States Grand Prix
844,0,0,2021,17,405,0.28839847,0.2799714343158876,0.6527976437509491,1.4824921426674158,0.3057185249059874,0.6942814750935443,0.557399941512696,1.4153570561535065,0.097844498029303,0.19369411524644312,-2.917360305786133,-0.9031749,-0.9446033081199303,Lando Norris,McLaren,United States Grand Prix
816,0,0,2021,17,405,0.29837483,0.2841905483446349,0.7288619206968714,1.3882203819066232,0.3442766111644336,0.655723388835094,0.670027780509949,1.3235634807608876,0.11534016772559486,0.18861074406838754,-2.917360305786133,-0.8550488,-0.923769044515296,Daniel Ricciardo,McLaren,United States Grand Prix
816,0,0,2021,18,406,0.29837483,0.314081738258334,0.7926486453152031,1.4642225087418999,0.35121572797363,0.6487842720259269,0.7428183142457345,1.3934367878511063,0.13519725037078353,0.21202170309013074,-2.917360305786133,-0.8550488,-0.781105203689292,Daniel Ricciardo,McLaren,Mexico City Grand Prix
852,207,0,2021,18,406,0.0036105334,0.004291120589979587,1.1383669730120423,1.6948105728535778,0.40179867113264,0.5982013288670069,-0.9723135309634822,-1.5572331797449928,-0.006975352952049301,-0.015750993426659476,-2.917360305786133,-5.6202826,-5.446907016494608,Mick Schumacher,Haas F1 Team,Mexico City Grand Prix
851,207,0,2021,18,406,0.0012516654,0.0011323430893915927,2.1545544969882657,1.9469895196731377,0.5253032731662639,0.4746967268334923,-2.0611822593903266,-1.8037907127692998,-0.007693982081183482,-0.005704678608967518,-2.917360305786133,-6.682028,-6.782333277945759,Nikita Mazepin,Haas F1 Team,Mexico City Grand Prix
847,2,0,2021,18,406,0.0072417054,0.008225328938295149,1.5384209367645492,0.4510446127567599,0.773283526891903,0.2267164731075943,-1.4706702344523044,-0.4042471067880512,-0.026611992034067146,-0.00404735680432706,-2.917360305786133,-4.9206305,-4.792277647026489,Nicholas Latifi,Williams,Mexico City Grand Prix
845,2,0,2021,18,406,0.019967005,0.023453310585198277,0.5152588744024328,0.44062677717580506,0.5390381930633265,0.4609618069356274,-0.42508055939396505,-0.3865700357454951,-0.011983290708698129,-0.010690261178426246,-2.917360305786133,-3.893505,-3.7290109009255934,George Russell,Williams,Mexico City Grand Prix
821,129,0,2021,18,406,0.4877169,0.4195999441156116,0.9864100339976642,1.7527932624792206,0.3601083699285874,0.6398916300710475,0.9284760639692349,1.6644683678581027,0.19740001210786776,0.29922498982064216,-2.917360305786133,-0.04914233,-0.32441587395879523,Valtteri Bottas,Mercedes,Mexico City Grand Prix
839,115,0,2021,18,406,0.01237194,0.015037267955041607,0.8456801655527454,0.6979067455572888,0.5478668933154185,0.45213310668393364,-0.8315433560468666,-0.4331684930403981,-0.018840584276011464,-0.007964726976293234,-2.917360305786133,-4.379875,-4.1820721548733975,Lance Stroll,Aston Martin,Mexico City Grand Prix
838,210,0,2021,18,406,0.020866107,0.018726052403070074,0.78042956567776,0.44447929301316447,0.6371327630948622,0.3628672369043213,-0.7438992416071789,-0.29767639567467435,-0.019877717319742697,-0.006330122656072048,-2.917360305786133,-3.8485422,-3.9589359430679862,Esteban Ocon,Alpine F1 Team,Mexico City Grand Prix
840,49,0,2021,18,406,0.0019889667,0.0022390070510032094,1.7029315486420717,1.652973386078373,0.5074433220747424,0.49255667792495955,-1.6046321110799435,-1.5774888579541502,-0.008804046960406969,-0.008511513079293709,-2.917360305786133,-6.218149,-6.099481274820227,Antonio Giovinazzi,Alfa Romeo,Mexico City Grand Prix
850,209,0,2021,18,406,0.0058852965,0.00569115602705893,1.034845784526857,1.3269400649111445,0.4381624120462342,0.5618375879533424,-0.9939220250323721,-1.2518521400980014,-0.009537771628398757,-0.013930930443763048,-2.917360305786133,-5.1293955,-5.163134470916506,Yuki Tsunoda,AlphaTauri,Mexico City Grand Prix
3,210,0,2021,18,406,0.18213466,0.1416567043854102,1.5573470744637647,0.49942802684355575,0.7571790778063834,0.24282092219313048,1.4996759288820032,-0.3839131982012509,0.10612917795707205,-0.05336815254269478,-2.917360305786133,-1.5019513,-1.8015975751053805,Fernando Alonso,Alpine F1 Team,Mexico City Grand Prix
829,8,1,2021,18,406,0.45926192,0.41697370780047843,1.132705476523989,1.6051986499591966,0.4137126152691569,0.5862873847304778,1.0190356945127368,1.5631154968002388,0.21179644391731317,0.2866754949681971,-2.917360305786133,-0.16331446,-0.33520911447315727,Max Verstappen,Red Bull,Mexico City Grand Prix
0,129,1,2021,18,406,0.52605075,0.5334968757010026,1.5191541814542993,1.6549000690690387,0.47861632522611813,0.5213836747735667,1.486551873067593,1.5649969296293578,0.3280126183953079,0.3405241233971981,-2.917360305786133,0.104297295,0.13418849691081802,Lewis Hamilton,Mercedes,Mexico City Grand Prix
814,8,1,2021,18,406,0.3254422,0.33215807085064525,0.3578430670194234,1.9972545860326818,0.1519440463776618,0.8480559536219137,0.279296428031026,1.9396233378591767,0.05881702145315054,0.26542956278419205,-2.917360305786133,-0.7288724,-0.6984405398959299,Sergio Pérez,Red Bull,Mexico City Grand Prix
452,209,0,2021,18,406,0.010497785,0.010879763601053987,0.508581891441817,1.251233123567806,0.2889973588722602,0.7110026411271715,-0.41966761678897085,-1.1728834620204365,-0.00557993439491126,-0.023442765870204864,-2.917360305786133,-4.5460377,-4.50991138459554,Pierre Gasly,AlphaTauri,Mexico City Grand Prix
844,0,0,2021,18,406,0.28839847,0.2583001095686427,0.6512909370516413,1.364510177340334,0.3230928549455468,0.676907145053957,0.5640738776647705,1.2984638513983433,0.0929429907170139,0.17149520567751098,-2.917360305786133,-0.9031749,-1.0548225767230188,Lando Norris,McLaren,Mexico City Grand Prix
831,5,0,2021,18,406,0.28335705,0.32452236375556215,0.4237286399355234,2.5639908436606094,0.14182343498505612,0.8581765650146091,-0.3200033216030198,2.504298028855053,-0.07365570863910215,0.2867387419434707,-2.917360305786133,-0.9278698,-0.7330655985340995,Carlos Sainz,Ferrari,Mexico City Grand Prix
19,115,0,2021,18,406,0.26045325,0.2575821430624834,2.2332664813195815,0.5861721663457395,0.7920961440916898,0.2079038559079554,2.203117213071217,-0.3443304700369493,0.22067308248619652,-0.07107980754898419,-2.917360305786133,-1.043614,-1.058573562751865,Sebastian Vettel,Aston Martin,Mexico City Grand Prix
7,49,0,2021,18,406,0.04051528,0.041695821112076044,1.554555569159057,1.7966470485392,0.4638799101399382,0.5361200898597634,1.5027224279881777,-1.7201264536292136,0.032106663071258194,-0.1538077506113461,-2.917360305786133,-3.1647172,-3.134764331427169,Kimi Räikkönen,Alfa Romeo,Mexico City Grand Prix
842,5,0,2021,18,406,0.4536611,0.4752429661088973,0.8314956171253275,2.187703754560145,0.27540268619652913,0.7245973138031396,0.6754833993918657,2.1427677243694623,0.15975648906485668,0.379190512986119,-2.917360305786133,-0.18588889,-0.0991091820248049,Charles Leclerc,Ferrari,Mexico City Grand Prix
7,49,0,2021,19,407,0.04051528,0.04167891385531253,1.4707493245243368,1.69959382175468,0.46390856026107735,0.5360914397386072,1.4162787108565458,-1.6341059519049947,0.03123736863950602,-0.14058534931136368,-2.917360305786133,-3.1647172,-3.135187546834582,Kimi Räikkönen,Alfa Romeo,São Paulo Grand Prix
816,0,0,2021,19,407,0.29837483,0.28043777892186744,0.720969326892626,1.3790225167609789,0.3433200605379147,0.6566799394616091,0.6687434564112502,1.306325726899273,0.11399275347529719,0.18496893949896978,-2.917360305786133,-0.8550488,-0.9422911224756096,Daniel Ricciardo,McLaren,São Paulo Grand Prix
852,207,0,2021,19,407,0.0036105334,0.0039044254536653813,1.062982429444069,1.9133827124541551,0.3571411365091374,0.6428588634905266,-0.854662696919728,-1.7697095671316145,-0.0052251021208025005,-0.018583700542326467,-2.917360305786133,-5.6202826,-5.5417325698374755,Mick Schumacher,Haas F1 Team,São Paulo Grand Prix
851,207,0,2021,19,407,0.0012516654,0.0013776412407487829,2.0255645102950512,1.8707427527102172,0.5198677551760097,0.4801322448237336,-1.9370299812889828,-1.7316136099385693,-0.008103033236260118,-0.006356164882899323,-2.917360305786133,-6.682028,-6.586003897013685,Nikita Mazepin,Haas F1 Team,São Paulo Grand Prix
847,2,0,2021,19,407,0.0072417054,0.006295127434763146,1.656775594902545,0.5956774795975115,0.7355427794070868,0.2644572205924693,-1.5810828134773953,-0.5632212233206817,-0.023574696433013454,-0.004708745505780575,-2.917360305786133,-4.9206305,-5.061664342584209,Nicholas Latifi,Williams,São Paulo Grand Prix
850,209,0,2021,19,407,0.0058852965,0.008163123993785503,0.8945247577174794,1.095177722907088,0.44957714353164924,0.550422856467848,-0.8581124474664363,-1.024458962914534,-0.010880058646930445,-0.014249292961000054,-2.917360305786133,-5.1293955,-4.799931716167103,Yuki Tsunoda,AlphaTauri,São Paulo Grand Prix
840,49,0,2021,19,407,0.0019889667,0.0018530784699261045,1.7110648191008844,1.8469841758764893,0.48089973508396966,0.5191002649157492,-1.606041440767585,-1.7656504409733018,-0.007313241946985042,-0.008882463844506337,-2.917360305786133,-6.218149,-6.2890521875270196,Antonio Giovinazzi,Alfa Romeo,São Paulo Grand Prix
845,2,0,2021,19,407,0.019967005,0.02147216237331058,0.5947251130417306,0.41601485988291115,0.5884056522670874,0.41159434773192305,-0.5241255024418476,-0.37780610463383035,-0.014265220199127633,-0.009551625304557977,-2.917360305786133,-3.893505,-3.819291912861811,George Russell,Williams,São Paulo Grand Prix
19,115,0,2021,19,407,0.26045325,0.2668315129759606,2.3031881543557047,0.5995160144994384,0.7934629298662952,0.20653707013336023,2.2697319752684075,-0.3631297828006147,0.23058492064817576,-0.07669267348857617,-2.917360305786133,-1.043614,-1.01075811331834,Sebastian Vettel,Aston Martin,São Paulo Grand Prix
839,115,0,2021,19,407,0.01237194,0.014035692209819114,0.9880049024074793,0.6141700681255053,0.6166647966533828,0.38333520334599297,-0.9732941510190778,-0.36136216929096,-0.02227269840853688,-0.005987171071557168,-2.917360305786133,-4.379875,-4.252016626096171,Lance Stroll,Aston Martin,São Paulo Grand Prix
3,210,0,2021,19,407,0.18213466,0.1915264232417495,1.6828339897138154,0.3583449343281832,0.8244421740258796,0.17555782597363057,1.6248744551569616,-0.14763636656899562,0.1469520010918586,-0.023905928777897906,-2.917360305786133,-1.5019513,-1.440122217198167,Fernando Alonso,Alpine F1 Team,São Paulo Grand Prix
0,129,1,2021,19,407,0.52605075,0.5017030595109276,1.4945409356587123,1.5522300454685896,0.4905327459516643,0.5094672540480075,1.4602654163037792,1.4639071538706407,0.3122323681143955,0.31279100303299157,-2.917360305786133,0.104297295,0.0068122643882870815,Lewis Hamilton,Mercedes,São Paulo Grand Prix
829,8,1,2021,19,407,0.45926192,0.46063670919837835,1.1559976089219135,1.7737297985224831,0.39457514237814245,0.6054248576215162,1.0380877064627763,1.7214929294091865,0.2284255062441369,0.3281642625725571,-2.917360305786133,-0.16331446,-0.15777966991417003,Max Verstappen,Red Bull,São Paulo Grand Prix
821,129,1,2021,19,407,0.4877169,0.48747642805913133,1.1087383843617564,1.922747046193151,0.36574095761312575,0.6342590423865444,1.0459145287229394,1.8213410096470146,0.23698992685903814,0.3541019053622844,-2.917360305786133,-0.04914233,-0.05010476741617875,Valtteri Bottas,Mercedes,São Paulo Grand Prix
814,8,0,2021,19,407,0.3254422,0.2953861454317939,0.3296032985161155,1.8441927649296397,0.1516256764185592,0.8483743235809807,0.25565330976014256,1.7923405352400845,0.05030479019478498,0.23011503450359996,-2.917360305786133,-0.7288724,-0.8693664607859057,Sergio Pérez,Red Bull,São Paulo Grand Prix
844,0,0,2021,19,407,0.28839847,0.30210658777444144,0.6857941606873366,1.561586012393728,0.3051527146592364,0.6948472853403186,0.5860310611950315,1.4940427527939564,0.10796456504868662,0.213545277452421,-2.917360305786133,-0.9031749,-0.837286491797145,Lando Norris,McLaren,São Paulo Grand Prix
831,5,0,2021,19,407,0.28335705,0.2461391397188222,0.4733181138398851,2.271793634946671,0.1724221660735441,0.8275778339260916,-0.42371270934548977,2.221762184237728,-0.08664976272872046,0.21195043053040225,-2.917360305786133,-0.9278698,-1.1193108308938946,Carlos Sainz,Ferrari,São Paulo Grand Prix
452,209,0,2021,19,407,0.010497785,0.008539089238720715,0.5584643353657044,1.4221925507771176,0.2819591516696206,0.7180408483298745,-0.49804021615388133,-1.3391246453035062,-0.005434901284321111,-0.0232785225145389,-2.917360305786133,-4.5460377,-4.7545251672435205,Pierre Gasly,AlphaTauri,São Paulo Grand Prix
838,210,0,2021,19,407,0.020866107,0.02731289607853139,0.675141766177527,0.34115181479064494,0.6643176527137846,0.33568234728523133,-0.6429082347336417,-0.01243493676339881,-0.02338728285482417,-0.00033230670547337166,-2.917360305786133,-3.8485422,-3.572703477283173,Esteban Ocon,Alpine F1 Team,São Paulo Grand Prix
842,5,0,2021,19,407,0.4536611,0.4255607620343677,0.7611448528404716,2.0603017064358333,0.2697711393248695,0.730228860674776,0.6044901414279364,2.012883577044925,0.13742936429226643,0.3354981081531154,-2.917360305786133,-0.18588889,-0.29998658731327144,Charles Leclerc,Ferrari,São Paulo Grand Prix
452,209,0,2021,20,408,0.010497785,0.010521577237657684,0.5099179064998864,1.2823953246728523,0.28450267376866634,0.7154973262307757,-0.42273587752575204,-1.2036536516846348,-0.005447330054641408,-0.023699401463162732,-2.917360305786133,-4.5460377,-4.54374983499652,Pierre Gasly,AlphaTauri,Qatar Grand Prix
847,2,0,2021,20,408,0.0072417054,0.00927490675387392,1.556329827228686,0.3492942877087706,0.8167034700224439,0.1832965299770313,-1.492480016914672,-0.2612842148091349,-0.030702416902847876,-0.0027361922721795325,-2.917360305786133,-4.9206305,-4.6711245375099395,Nicholas Latifi,Williams,Qatar Grand Prix
851,207,0,2021,20,408,0.0012516654,0.0017604985810362056,1.854801423780866,1.7944755904428904,0.5082654499921255,0.49173455000760047,-1.7631203228922672,-1.6599155466116713,-0.00841771044913105,-0.00742882968517804,-2.917360305786133,-6.682028,-6.3403961752900715,Nikita Mazepin,Haas F1 Team,Qatar Grand Prix
845,2,0,2021,20,408,0.019967005,0.01901174833786201,0.5860442497894884,0.5478127419421357,0.5168590519461946,0.4831409480529233,-0.5082952185174329,-0.5178478376618222,-0.012201310789165875,-0.012491467725624442,-2.917360305786133,-3.893505,-3.943503361965388,George Russell,Williams,Qatar Grand Prix
852,207,0,2021,20,408,0.0036105334,0.0042557962855515165,1.0602445618212224,1.8034857891202263,0.37023198132893265,0.6297680186707182,-0.8790789208159231,-1.658769288761038,-0.005933967335162742,-0.01770181392012694,-2.917360305786133,-5.6202826,-5.455208515363093,Mick Schumacher,Haas F1 Team,Qatar Grand Prix
840,49,0,2021,20,408,0.0019889667,0.0019105105901981376,1.6534017856051613,1.8795970306663279,0.46798820820143733,0.5320117917982796,-1.5432193006335693,-1.7978928035743351,-0.006967561730143283,-0.00951314509675151,-2.917360305786133,-6.218149,-6.258472409994037,Antonio Giovinazzi,Alfa Romeo,Qatar Grand Prix
7,49,0,2021,20,408,0.04051528,0.034808979619943475,1.4188012471595908,1.8482688877253257,0.43427327500856794,0.565726724991126,1.3683862502101183,-1.7734765862031492,0.025713466238930935,-0.14042551618950655,-2.917360305786133,-3.1647172,-3.322450641779164,Kimi Räikkönen,Alfa Romeo,Qatar Grand Prix
850,209,0,2021,20,408,0.0058852965,0.009032575572108617,0.7747352279303417,1.1107119247228452,0.4109026481276493,0.5890973518718202,-0.7438307303026745,-1.0366530755934866,-0.009784145428761716,-0.016025273160518903,-2.917360305786133,-5.1293955,-4.6978441116822935,Yuki Tsunoda,AlphaTauri,Qatar Grand Prix
816,0,0,2021,20,408,0.29837483,0.32405170743125117,0.7383200040124117,1.56174855113174,0.32099912950891074,0.6790008704906545,0.681070990702177,1.5010758261456998,0.12880698657333134,0.22751300774658578,-2.917360305786133,-0.8550488,-0.7352134889382558,Daniel Ricciardo,McLaren,Qatar Grand Prix
821,129,0,2021,20,408,0.4877169,0.5106962230356006,1.0923104814361988,2.027399755746506,0.35013203098704254,0.6498679690126369,1.0364630378570623,1.923688688510473,0.24050874824932328,0.3784103775457053,-2.917360305786133,-0.04914233,0.042791420581402395,Valtteri Bottas,Mercedes,Qatar Grand Prix
19,115,0,2021,20,408,0.26045325,0.23399247337214552,2.2028795072612524,0.6590826279952005,0.7697095220524601,0.2302904779471904,2.1729737654391506,-0.4415165054661699,0.20038679213394403,-0.0880532004830199,-2.917360305786133,-1.043614,-1.185903045813152,Sebastian Vettel,Aston Martin,Qatar Grand Prix
842,5,0,2021,20,408,0.4536611,0.5235054505794086,0.8608717209059452,2.3674062917044467,0.26666591834498665,0.7333340816547036,0.6943025928289402,2.317148870770326,0.1692101283148313,0.4258065272080746,-2.917360305786133,-0.18588889,0.09409115781313337,Charles Leclerc,Ferrari,Qatar Grand Prix
831,5,0,2021,20,408,0.28335705,0.3428309990156911,0.41427163853769083,2.618520124398116,0.13659745571734555,0.8634025442823247,-0.2891692860379254,2.5558259865894195,-0.06775720232159538,0.30391025827377005,-2.917360305786133,-0.9278698,-0.6507036052346389,Carlos Sainz,Ferrari,Qatar Grand Prix
839,115,0,2021,20,408,0.01237194,0.013800165396444708,0.9121456493556167,0.6979083344463297,0.5665310968028099,0.43346890319656906,-0.8961310394755069,-0.45568708347656434,-0.019348336524076762,-0.007794212226983949,-2.917360305786133,-4.379875,-4.269178428738204,Lance Stroll,Aston Martin,Qatar Grand Prix
838,210,0,2021,20,408,0.020866107,0.015239622832582577,0.7763851312158185,0.6015821062920599,0.563427859590759,0.43657214040851516,-0.7399628336026715,-0.5111763988425749,-0.01617580477923539,-0.009912892221021995,-2.917360305786133,-3.8485422,-4.168499538231379,Esteban Ocon,Alpine F1 Team,Qatar Grand Prix
814,8,0,2021,20,408,0.3254422,0.33914376172178,0.37901090504865703,2.018697702731132,0.15807212928991085,0.8419278707096721,0.29073051449590437,1.9595175597127092,0.06183344084225606,0.2716996492568234,-2.917360305786133,-0.7288724,-0.6671122315775191,Sergio Pérez,Red Bull,Qatar Grand Prix
3,210,1,2021,20,408,0.18213466,0.17169848469950114,1.5663881083757976,0.3479194970895887,0.818253087384133,0.1817469126153445,1.5060774975052678,-0.16235448614698045,0.12774668640831163,-0.024333317965396062,-2.917360305786133,-1.5019513,-1.5736372944278454,Fernando Alonso,Alpine F1 Team,Qatar Grand Prix
829,8,1,2021,20,408,0.45926192,0.4354600546397925,1.141883970012271,1.6790254631990613,0.4047928503369007,0.5952071496627449,1.01942478656894,1.6383274448570608,0.21774515762552998,0.3051177433237726,-2.917360305786133,-0.16331446,-0.2596080743601319,Max Verstappen,Red Bull,Qatar Grand Prix
0,129,1,2021,20,408,0.52605075,0.5269728690498918,1.5359677376828396,1.6112169427906344,0.48804499691809466,0.5119550030815875,1.503815579028732,1.5215410459452572,0.3284924990598146,0.33129730719470396,-2.917360305786133,0.104297295,0.10799631918785635,Lewis Hamilton,Mercedes,Qatar Grand Prix
844,0,0,2021,20,408,0.28839847,0.2784834058118218,0.6661155149306697,1.4588764953265039,0.3134673032722324,0.686532696727297,0.5711519658592561,1.394211435843126,0.09948510558199736,0.19111577979084926,-2.917360305786133,-0.9031749,-0.9519969040837508,Lando Norris,McLaren,Qatar Grand Prix
3,210,0,2021,21,409,0.18213466,0.1665930570900074,1.524474586701313,0.377976191106647,0.8013214346901738,0.19867856530930048,1.4692719379190073,-0.16187962717730736,0.12262130088531907,-0.023702885325292605,-2.917360305786133,-1.5019513,-1.6099679950444328,Fernando Alonso,Alpine F1 Team,Saudi Arabian Grand Prix
850,209,0,2021,21,409,0.0058852965,0.005709639212092996,1.0078398563188125,1.347632802148631,0.4278716005025174,0.5721283994970581,-0.9707978588168489,-1.2717152764665138,-0.009224251473061336,-0.014362264919110222,-2.917360305786133,-5.1293955,-5.159873441069496,Yuki Tsunoda,AlphaTauri,Saudi Arabian Grand Prix
7,49,0,2021,21,409,0.04051528,0.03484481817012448,1.387834626971471,1.8133228562090569,0.4335415031165997,0.5664584968830878,1.336878980724898,-1.740903136907399,0.025450983375830037,-0.1358825072873248,-2.917360305786133,-3.1647172,-3.321384461968634,Kimi Räikkönen,Alfa Romeo,Saudi Arabian Grand Prix
19,115,0,2021,21,409,0.26045325,0.2721200827560116,2.2789942230972455,0.5782610675453691,0.7976165904950998,0.20238340950455014,2.239039576875985,-0.30557190724761896,0.23380827811585558,-0.06451611874264185,-2.917360305786133,-1.043614,-0.9838926361577666,Sebastian Vettel,Aston Martin,Saudi Arabian Grand Prix
852,207,0,2021,21,409,0.0036105334,0.004192821184016742,1.0344387696343835,1.862352433053862,0.3570981466230838,0.6429018533765709,-0.8258733574272784,-1.7269461590949131,-0.005331784850154512,-0.018936940289503545,-2.917360305786133,-5.6202826,-5.4701798223083244,Mick Schumacher,Haas F1 Team,Saudi Arabian Grand Prix
851,207,0,2021,21,409,0.0012516654,0.0012923689766270994,1.997059181765373,1.9787723337984209,0.5022997513720541,0.4977002486276944,-1.8990483682836927,-1.8335764498933997,-0.007277154015099067,-0.0067384249287418645,-2.917360305786133,-6.682028,-6.6499851239632255,Nikita Mazepin,Haas F1 Team,Saudi Arabian Grand Prix
845,2,0,2021,21,409,0.019967005,0.013167295632762156,0.8282330450946944,0.6789833068861755,0.5495117167522988,0.45048828324703766,-0.7535527808311253,-0.6458512876533756,-0.014398904989042538,-0.011654137353819887,-2.917360305786133,-3.893505,-4.316764374270633,George Russell,Williams,Saudi Arabian Grand Prix
847,2,0,2021,21,409,0.0072417054,0.006065490702540368,1.6237515025398537,0.667447685736968,0.708690676414016,0.2913093235855476,-1.5503181893893483,-0.6313773769072677,-0.02189136646388027,-0.005278273554716615,-2.917360305786133,-4.9206305,-5.099055872082749,Nicholas Latifi,Williams,Saudi Arabian Grand Prix
814,8,0,2021,21,409,0.3254422,0.31145929942251593,0.3444329302278608,1.8925588411353669,0.15397147840995795,0.846028521589595,0.2840992095533014,1.839955334687534,0.05746188358022414,0.2444310711117463,-2.917360305786133,-0.7288724,-0.7933057615452976,Sergio Pérez,Red Bull,Saudi Arabian Grand Prix
839,115,0,2021,21,409,0.01237194,0.014012062823439392,0.931191546098486,0.6672732360323825,0.5825536830761815,0.41744631692319295,-0.9159960492034995,-0.4203691765666362,-0.020287221399559068,-0.007166570385160106,-2.917360305786133,-4.379875,-4.2537255315562685,Lance Stroll,Aston Martin,Saudi Arabian Grand Prix
844,0,0,2021,21,409,0.28839847,0.2576312626088282,0.6883541942333531,1.320755212418444,0.3426165802389827,0.6573834197605195,0.6028764015583652,1.2561671817631734,0.09802936335855622,0.16770076946708268,-2.917360305786133,-0.9031749,-1.058316722464594,Lando Norris,McLaren,Saudi Arabian Grand Prix
840,49,0,2021,21,409,0.0019889667,0.002668415775723908,1.4364468269648567,1.7501108381172894,0.45078325200412644,0.5492167479955596,-1.3406806590150602,-1.6655573779483297,-0.007453110778517432,-0.011284151079261074,-2.917360305786133,-6.218149,-5.923598342749523,Antonio Giovinazzi,Alfa Romeo,Saudi Arabian Grand Prix
829,8,1,2021,21,409,0.45926192,0.4631804438995088,1.171298299272356,1.7694431567071716,0.3983003323499622,0.6016996676496977,1.051576283438454,1.718238712273013,0.23154892691072498,0.3291501435098476,-2.917360305786133,-0.16331446,-0.14754531007466576,Max Verstappen,Red Bull,Saudi Arabian Grand Prix
821,129,1,2021,21,409,0.4877169,0.4751291767465824,1.0844220161236886,1.8882056524363628,0.3648025037217731,0.6351974962778905,1.0293757915656876,1.7884190509582878,0.23077263524985608,0.3436547320673452,-2.917360305786133,-0.04914233,-0.09956546326215743,Valtteri Bottas,Mercedes,Saudi Arabian Grand Prix
838,210,0,2021,21,409,0.020866107,0.02462453731928841,0.5911280719475354,0.41386499220229683,0.5881911955750743,0.41180880442393064,-0.5556875122137264,-0.20603127098162058,-0.01752808413322403,-0.005464370467904715,-2.917360305786133,-3.8485422,-3.6790790889814797,Esteban Ocon,Alpine F1 Team,Saudi Arabian Grand Prix
0,129,1,2021,21,409,0.52605075,0.4671531946682531,1.45149031660944,1.4482463952432783,0.5005593475697123,0.4994406524299429,1.4183820218617043,1.3674015645621695,0.2920609673752883,0.2845752360868068,-2.917360305786133,0.104297295,-0.131576719362259,Lewis Hamilton,Mercedes,Saudi Arabian Grand Prix
452,209,0,2021,21,409,0.010497785,0.011021679806641661,0.4319150596584835,1.3357911396243378,0.24433645129121118,0.755663548708223,-0.322426397037055,-1.2570214829695852,-0.004129917134368798,-0.02667394722305423,-2.917360305786133,-4.5460377,-4.496808185792773,Pierre Gasly,AlphaTauri,Saudi Arabian Grand Prix
842,5,0,2021,21,409,0.4536611,0.393101893693019,0.7132089690844288,1.9777606577779752,0.26503791122895193,0.7349620887706765,0.5418547633512769,1.9412134796175464,0.11944488743313558,0.30804220054832443,-2.917360305786133,-0.18588889,-0.43429206281730925,Charles Leclerc,Ferrari,Saudi Arabian Grand Prix
831,5,0,2021,21,409,0.28335705,0.24407363708481622,0.5400923861439979,2.3275547092393074,0.18833990661309663,0.8116600933865545,-0.4940555939777235,2.2809419029742735,-0.10198297537608153,0.21213304879023498,-2.917360305786133,-0.9278698,-1.1304739967895827,Carlos Sainz,Ferrari,Saudi Arabian Grand Prix
816,0,0,2021,21,409,0.29837483,0.3098247331097044,0.6940261164244509,1.5450271805605702,0.309964089447391,0.6900359105521623,0.6416695182227901,1.4747519727690186,0.11868297491804697,0.2166683829515651,-2.917360305786133,-0.8550488,-0.8009388147943239,Daniel Ricciardo,McLaren,Saudi Arabian Grand Prix
839,115,0,2021,22,410,0.01237194,0.010218990615308838,1.0818170932085591,0.7619451942124791,0.5867443436654535,0.4132556563340041,-1.0620862682619874,-0.5937893276973217,-0.018777658787250837,-0.008133867964375744,-2.917360305786133,-4.379875,-4.573235901745442,Lance Stroll,Aston Martin,Abu Dhabi Grand Prix
851,207,0,2021,22,410,0.0012516654,0.0012409621020610757,2.0324519216683434,1.973662008769324,0.5073375238346731,0.49266247616507725,-1.949962217113692,-1.8233040558193672,-0.007416278075599672,-0.00639423126995913,-2.917360305786133,-6.682028,-6.690626578719192,Nikita Mazepin,Haas F1 Team,Abu Dhabi Grand Prix
7,49,0,2021,22,410,0.04051528,0.031755716351026995,1.337819147690883,1.8598279411640495,0.41837610921896123,0.5816238907807261,1.2859935967656417,-1.7860449538753582,0.02277278288070641,-0.13188750544880123,-2.917360305786133,-3.1647172,-3.4174116628958493,Kimi Räikkönen,Alfa Romeo,Abu Dhabi Grand Prix
845,2,0,2021,22,410,0.019967005,0.016912116038681,0.5981839982732676,0.655936394531403,0.47697493933180773,0.5230250606673948,-0.5212141071026848,-0.624093816661892,-0.011243355843531835,-0.014199311603162082,-2.917360305786133,-3.893505,-4.0626682295507095,George Russell,Williams,Abu Dhabi Grand Prix
840,49,0,2021,22,410,0.0019889667,0.002039239758239113,1.7084842193120335,1.73272938690566,0.4964772358869539,0.5035227641127555,-1.6200529355825712,-1.6557236449062651,-0.008181287889932512,-0.008548511982176356,-2.917360305786133,-6.218149,-6.193136886274969,Antonio Giovinazzi,Alfa Romeo,Abu Dhabi Grand Prix
847,2,0,2021,22,410,0.0072417054,0.009809946531562306,1.501912936631303,0.35953816953090245,0.8068505971811546,0.19314940281830825,-1.4364627577837248,-0.2606770111737009,-0.030190687587358045,-0.0028843983439089654,-2.917360305786133,-4.9206305,-4.6145000747435585,Nicholas Latifi,Williams,Abu Dhabi Grand Prix
814,8,0,2021,22,410,0.3254422,0.286509061370345,0.28561551711394906,1.8635531897222242,0.1328958104616531,0.8671041895378816,0.19608267397882262,1.8088780583337722,0.0383551085537884,0.22477963558924238,-2.917360305786133,-0.7288724,-0.912399573473538,Sergio Pérez,Red Bull,Abu Dhabi Grand Prix
852,207,0,2021,22,410,0.0036105334,0.005227723019820503,1.026498415010706,1.601822563480329,0.39055291321368446,0.6094470867859351,-0.8583918911567119,-1.4727858324479852,-0.007019343746416856,-0.017178572112672267,-2.917360305786133,-5.6202826,-5.24853802939083,Mick Schumacher,Haas F1 Team,Abu Dhabi Grand Prix
816,0,0,2021,22,410,0.29837483,0.29220484457893187,0.7303295604850569,1.4227771263251259,0.339198036473844,0.6608019635256915,0.6793190178528803,1.3533416434513752,0.11913409337478068,0.19581884220403062,-2.917360305786133,-0.8550488,-0.8846996444818771,Daniel Ricciardo,McLaren,Abu Dhabi Grand Prix
19,115,0,2021,22,410,0.26045325,0.24553052715550125,2.2436572855910737,0.6256494892820009,0.7819509943092583,0.21804900569039323,2.206732033856169,-0.4119652589763553,0.2109517892306949,-0.08392950277110675,-2.917360305786133,-1.043614,-1.122593530906319,Sebastian Vettel,Aston Martin,Abu Dhabi Grand Prix
829,8,1,2021,22,410,0.45926192,0.37945329838833375,1.0443570940673843,1.5266420884754313,0.4062067001647466,0.5937932998348644,0.9389679096724186,1.4865230581811026,0.18648503351011778,0.25796298464167744,-2.917360305786133,-0.16331446,-0.49186933793261156,Max Verstappen,Red Bull,Abu Dhabi Grand Prix
838,210,0,2021,22,410,0.020866107,0.01753044913241402,0.8286118432736307,0.5018132525019443,0.6228173580790478,0.37718264192020046,-0.7917111744073002,-0.3170585521934057,-0.020360378617192247,-0.006383904633852994,-2.917360305786133,-3.8485422,-4.026130032386839,Esteban Ocon,Alpine F1 Team,Abu Dhabi Grand Prix
3,210,0,2021,22,410,0.18213466,0.188225619266979,1.5759818180353593,0.343145967755087,0.8211969154442865,0.1788030845551923,1.5214803695895833,-0.0657011633492859,0.1400286269273174,-0.010245098146273363,-2.917360305786133,-1.5019513,-1.4615810995458354,Fernando Alonso,Alpine F1 Team,Abu Dhabi Grand Prix
844,0,0,2021,22,410,0.28839847,0.2670758656570119,0.671322801121039,1.3945839329012633,0.3249531017373927,0.675046898262123,0.5786590021323872,1.3291918664151434,0.09743412491380157,0.1791078125817679,-2.917360305786133,-0.9031749,-1.0095094372386022,Lando Norris,McLaren,Abu Dhabi Grand Prix
821,129,0,2021,22,410,0.4877169,0.4949756740564907,1.1368932135814833,1.9191574715229083,0.3720138606085573,0.6279861393911154,1.0793606913636373,1.8179016341630119,0.2451343372786219,0.3576876275946839,-2.917360305786133,-0.04914233,-0.020097980259483617,Valtteri Bottas,Mercedes,Abu Dhabi Grand Prix
452,209,0,2021,22,410,0.010497785,0.01269180924442266,0.4348381406554393,1.1979892756469361,0.2663099212529681,0.7336900787464193,-0.31423585678849386,-1.122429234108274,-0.004604924269629411,-0.025302054515997964,-2.917360305786133,-4.5460377,-4.354025396682901,Pierre Gasly,AlphaTauri,Abu Dhabi Grand Prix
850,209,0,2021,22,410,0.0058852965,0.006201821159735478,1.0128645357490538,1.2599820269202384,0.4456370053238758,0.5543629946756843,-0.974289328135936,-1.1850415283626612,-0.010062205365788574,-0.013801524132394487,-2.917360305786133,-5.1293955,-5.07669116228473,Yuki Tsunoda,AlphaTauri,Abu Dhabi Grand Prix
831,5,1,2021,22,410,0.28335705,0.3329476812876645,0.41367555168571263,2.563731390400659,0.13893819680412814,0.8610618031955359,-0.27813131008650915,2.5006084985707124,-0.06434659352057592,0.2936119470902891,-2.917360305786133,-0.9278698,-0.6948831173019294,Carlos Sainz,Ferrari,Abu Dhabi Grand Prix
0,129,1,2021,22,410,0.52605075,0.508016135261851,1.521361811206206,1.5491345654322377,0.49547748135475284,0.5045225186449216,1.4865942175676548,1.4628333769121586,0.3187102904734118,0.3150367883825414,-2.917360305786133,0.104297295,0.032067288693680585,Lewis Hamilton,Mercedes,Abu Dhabi Grand Prix
842,5,0,2021,22,410,0.4536611,0.5062668956451142,0.8720002687795769,2.2596023576402473,0.27845176186232945,0.7215482381373511,0.7332164992217988,2.2092127019402175,0.17625861449561553,0.40508345100295784,-2.917360305786133,-0.18588889,0.025068895375883304,Charles Leclerc,Ferrari,Abu Dhabi Grand Prix
