model,model_level,lambda_orthogonal,driver_ref,driverId,old_constructor_ref,new_constructor_ref,old_season,new_season,round,raceId,actual,pred_new,pred_old,delta,old_tier,new_tier,tier_dir
model_no_orthogonal,zero,0.0,bottas,821,mercedes,alfa,2021,2022,1,411,6.0,3.5008797645568848,2.3708181381225586,1.1300616264343262,S,B,-2.0
model_no_orthogonal,zero,0.0,russell,845,williams,mercedes,2021,2022,1,411,4.0,5.066499710083008,5.661894798278809,-0.5953950881958008,B,S,2.0
model_no_orthogonal,zero,0.0,russell,845,williams,mercedes,2021,2022,2,412,5.0,4.187263488769531,4.79484224319458,-0.6075787544250488,B,S,2.0
model_no_orthogonal,zero,0.0,bottas,821,mercedes,alfa,2021,2022,3,413,8.0,4.813224792480469,3.6104207038879395,1.2028040885925293,S,B,-2.0
model_no_orthogonal,zero,0.0,russell,845,williams,mercedes,2021,2022,3,413,3.0,4.187263488769531,4.79484224319458,-0.6075787544250488,B,S,2.0
model_no_orthogonal,zero,0.0,russell,845,williams,mercedes,2021,2022,4,414,4.0,5.644157409667969,6.23992919921875,-0.5957717895507812,B,S,2.0
model_no_orthogonal,zero,0.0,bottas,821,mercedes,alfa,2021,2022,4,414,5.0,3.9229788780212402,2.744049072265625,1.1789298057556152,S,B,-2.0
model_no_orthogonal,zero,0.0,bottas,821,mercedes,alfa,2021,2022,5,415,7.0,3.2045505046844482,2.1694765090942383,1.03507399559021,S,B,-2.0
model_no_orthogonal,zero,0.0,russell,845,williams,mercedes,2021,2022,5,415,5.0,5.8408074378967285,6.497385501861572,-0.6565780639648438,B,S,2.0
model_no_orthogonal,zero,0.0,bottas,821,mercedes,alfa,2021,2022,6,416,6.0,3.7649011611938477,2.5773260593414307,1.187575101852417,S,B,-2.0
model_no_orthogonal,zero,0.0,russell,845,williams,mercedes,2021,2022,6,416,3.0,3.5813863277435303,4.208981513977051,-0.6275951862335205,B,S,2.0
model_no_orthogonal,zero,0.0,bottas,821,mercedes,alfa,2021,2022,7,417,9.0,4.813224792480469,3.6104207038879395,1.2028040885925293,S,B,-2.0
model_no_orthogonal,zero,0.0,russell,845,williams,mercedes,2021,2022,7,417,5.0,4.187263488769531,4.79484224319458,-0.6075787544250488,B,S,2.0
model_no_orthogonal,zero,0.0,bottas,821,mercedes,alfa,2021,2022,8,418,11.0,5.433416366577148,4.230611801147461,1.2028045654296875,S,B,-2.0
model_no_orthogonal,zero,0.0,russell,845,williams,mercedes,2021,2022,8,418,3.0,3.8861212730407715,4.505824565887451,-0.6197032928466797,B,S,2.0
model_no_orthogonal,zero,0.0,bottas,821,mercedes,alfa,2021,2022,9,419,7.0,4.606494903564453,3.403690814971924,1.2028040885925293,S,B,-2.0
model_no_orthogonal,zero,0.0,russell,845,williams,mercedes,2021,2022,9,419,4.0,4.777482032775879,5.37287712097168,-0.5953950881958008,B,S,2.0
model_no_orthogonal,zero,0.0,bottas,821,mercedes,alfa,2021,2022,11,421,11.0,4.183562755584717,3.031132936477661,1.1524298191070557,S,B,-2.0
model_no_orthogonal,zero,0.0,russell,845,williams,mercedes,2021,2022,11,421,4.0,3.5813863277435303,4.208981513977051,-0.6275951862335205,B,S,2.0
model_no_orthogonal,zero,0.0,bottas,821,mercedes,alfa,2021,2022,12,422,14.0,4.940279483795166,3.737475633621216,1.2028038501739502,S,B,-2.0
model_no_orthogonal,zero,0.0,russell,845,williams,mercedes,2021,2022,12,422,3.0,4.187263488769531,4.79484224319458,-0.6075787544250488,B,S,2.0
model_no_orthogonal,zero,0.0,bottas,821,mercedes,alfa,2021,2022,13,423,20.0,3.9766645431518555,2.7838337421417236,1.1928308010101318,S,B,-2.0
model_no_orthogonal,zero,0.0,russell,845,williams,mercedes,2021,2022,13,423,3.0,2.4341440200805664,2.6298556327819824,-0.19571161270141602,B,S,2.0
model_no_orthogonal,zero,0.0,russell,845,williams,mercedes,2021,2022,14,424,4.0,4.551227569580078,5.153059005737305,-0.6018314361572266,B,S,2.0
model_no_orthogonal,zero,0.0,russell,845,williams,mercedes,2021,2022,15,425,2.0,4.187263488769531,4.79484224319458,-0.6075787544250488,B,S,2.0
model_no_orthogonal,zero,0.0,bottas,821,mercedes,alfa,2021,2022,16,426,13.0,4.932738304138184,3.729933738708496,1.2028045654296875,S,B,-2.0
model_no_orthogonal,zero,0.0,russell,845,williams,mercedes,2021,2022,16,426,3.0,3.853365898132324,4.332115173339844,-0.47874927520751953,B,S,2.0
model_no_orthogonal,zero,0.0,russell,845,williams,mercedes,2021,2022,17,427,14.0,4.692139148712158,5.111054420471191,-0.4189152717590332,B,S,2.0
model_no_orthogonal,zero,0.0,bottas,821,mercedes,alfa,2021,2022,17,427,11.0,5.600308418273926,4.3975043296813965,1.2028040885925293,S,B,-2.0
model_no_orthogonal,zero,0.0,bottas,821,mercedes,alfa,2021,2022,18,428,15.0,4.813224792480469,3.6104207038879395,1.2028040885925293,S,B,-2.0
model_no_orthogonal,zero,0.0,russell,845,williams,mercedes,2021,2022,18,428,8.0,4.777482032775879,5.37287712097168,-0.5953950881958008,B,S,2.0
model_no_orthogonal,zero,0.0,russell,845,williams,mercedes,2021,2022,19,429,5.0,4.024792671203613,4.648296356201172,-0.6235036849975586,B,S,2.0
model_no_orthogonal,zero,0.0,bottas,821,mercedes,alfa,2021,2022,20,430,10.0,3.5008797645568848,2.3708181381225586,1.1300616264343262,S,B,-2.0
model_no_orthogonal,zero,0.0,russell,845,williams,mercedes,2021,2022,20,430,4.0,2.971916437149048,3.2378861904144287,-0.26596975326538086,B,S,2.0
model_no_orthogonal,zero,0.0,bottas,821,mercedes,alfa,2021,2022,21,431,9.0,5.894255638122559,4.691451072692871,1.2028045654296875,S,B,-2.0
model_no_orthogonal,zero,0.0,russell,845,williams,mercedes,2021,2022,21,431,1.0,3.110008478164673,3.3107006549835205,-0.20069217681884766,B,S,2.0
model_no_orthogonal,zero,0.0,bottas,821,mercedes,alfa,2021,2022,22,432,15.0,6.053606033325195,4.850801944732666,1.2028040885925293,S,B,-2.0
model_no_orthogonal,zero,0.0,russell,845,williams,mercedes,2021,2022,22,432,5.0,4.187263488769531,4.79484224319458,-0.6075787544250488,B,S,2.0
model_no_orthogonal,zero,0.0,hulkenberg,807,aston_martin,haas,2022,2023,1,433,15.0,5.410621643066406,5.236431121826172,0.17419052124023438,A,B,-1.0
model_no_orthogonal,zero,0.0,de_vries,854,williams,alphatauri,2022,2023,1,433,14.0,7.84095573425293,7.687832355499268,0.1531233787536621,B,B,0.0
model_no_orthogonal,zero,0.0,alonso,3,alpine,aston_martin,2022,2023,1,433,3.0,2.9151737689971924,3.656879425048828,-0.7417056560516357,A,A,0.0
model_no_orthogonal,zero,0.0,gasly,452,alphatauri,alpine,2022,2023,1,433,9.0,7.722395896911621,6.42275857925415,1.2996373176574707,B,A,1.0
model_no_orthogonal,zero,0.0,de_vries,854,williams,alphatauri,2022,2023,2,434,14.0,7.631608009338379,7.4811015129089355,0.15050649642944336,B,B,0.0
model_no_orthogonal,zero,0.0,hulkenberg,807,aston_martin,haas,2022,2023,2,434,12.0,5.566216468811035,5.392025470733643,0.17419099807739258,A,B,-1.0
model_no_orthogonal,zero,0.0,gasly,452,alphatauri,alpine,2022,2023,2,434,9.0,5.553840160369873,4.317894458770752,1.235945701599121,B,A,1.0
model_no_orthogonal,zero,0.0,alonso,3,alpine,aston_martin,2022,2023,2,434,3.0,2.2345879077911377,2.92602801322937,-0.6914401054382324,A,A,0.0
model_no_orthogonal,zero,0.0,de_vries,854,williams,alphatauri,2022,2023,3,435,15.0,7.00356388092041,6.8609113693237305,0.1426525115966797,B,B,0.0
model_no_orthogonal,zero,0.0,gasly,452,alphatauri,alpine,2022,2023,3,435,13.0,5.326627731323242,4.151171684265137,1.1754560470581055,B,A,1.0
model_no_orthogonal,zero,0.0,alonso,3,alpine,aston_martin,2022,2023,3,435,3.0,2.5951859951019287,3.32830548286438,-0.7331194877624512,A,A,0.0
model_no_orthogonal,zero,0.0,hulkenberg,807,aston_martin,haas,2022,2023,3,435,7.0,5.410621643066406,5.236431121826172,0.17419052124023438,A,B,-1.0
model_no_orthogonal,zero,0.0,hulkenberg,807,aston_martin,haas,2022,2023,4,436,17.0,5.948502540588379,5.8061981201171875,0.1423044204711914,A,B,-1.0
model_no_orthogonal,zero,0.0,gasly,452,alphatauri,alpine,2022,2023,4,436,14.0,7.435989856719971,6.136681079864502,1.2993087768554688,B,A,1.0
model_no_orthogonal,zero,0.0,alonso,3,alpine,aston_martin,2022,2023,4,436,4.0,3.202747344970703,3.9869463443756104,-0.7841989994049072,A,A,0.0
model_no_orthogonal,zero,0.0,de_vries,854,williams,alphatauri,2022,2023,5,437,18.0,7.00356388092041,6.8609113693237305,0.1426525115966797,B,B,0.0
model_no_orthogonal,zero,0.0,hulkenberg,807,aston_martin,haas,2022,2023,5,437,15.0,5.809619903564453,5.6301774978637695,0.1794424057006836,A,B,-1.0
model_no_orthogonal,zero,0.0,alonso,3,alpine,aston_martin,2022,2023,5,437,3.0,2.033754348754883,2.7169947624206543,-0.6832404136657715,A,A,0.0
model_no_orthogonal,zero,0.0,gasly,452,alphatauri,alpine,2022,2023,5,437,8.0,4.075476169586182,3.130422592163086,0.9450535774230957,B,A,1.0
model_no_orthogonal,zero,0.0,hulkenberg,807,aston_martin,haas,2022,2023,6,438,17.0,7.05000114440918,6.854708194732666,0.19529294967651367,A,B,-1.0
model_no_orthogonal,zero,0.0,de_vries,854,williams,alphatauri,2022,2023,6,438,12.0,6.365524768829346,6.228572368621826,0.13695240020751953,B,B,0.0
model_no_orthogonal,zero,0.0,gasly,452,alphatauri,alpine,2022,2023,6,438,7.0,4.726884841918945,3.710618019104004,1.0162668228149414,B,A,1.0
model_no_orthogonal,zero,0.0,alonso,3,alpine,aston_martin,2022,2023,6,438,2.0,2.033754348754883,2.7169947624206543,-0.6832404136657715,A,A,0.0
model_no_orthogonal,zero,0.0,de_vries,854,williams,alphatauri,2022,2023,7,439,14.0,6.792876720428467,6.654180526733398,0.13869619369506836,B,B,0.0
model_no_orthogonal,zero,0.0,hulkenberg,807,aston_martin,haas,2022,2023,7,439,15.0,4.876956939697266,4.731875419616699,0.1450815200805664,A,B,-1.0
model_no_orthogonal,zero,0.0,gasly,452,alphatauri,alpine,2022,2023,7,439,10.0,4.289677619934082,3.2832016944885254,1.0064759254455566,B,A,1.0
model_no_orthogonal,zero,0.0,alonso,3,alpine,aston_martin,2022,2023,7,439,7.0,3.8217923641204834,4.853414535522461,-1.0316221714019775,A,A,0.0
model_no_orthogonal,zero,0.0,gasly,452,alphatauri,alpine,2022,2023,8,440,12.0,7.022529125213623,5.723664283752441,1.2988648414611816,B,A,1.0
model_no_orthogonal,zero,0.0,de_vries,854,williams,alphatauri,2022,2023,8,440,18.0,7.590170383453369,7.4412641525268555,0.14890623092651367,B,B,0.0
model_no_orthogonal,zero,0.0,hulkenberg,807,aston_martin,haas,2022,2023,8,440,15.0,3.3315391540527344,3.200538158416748,0.13100099563598633,A,B,-1.0
model_no_orthogonal,zero,0.0,alonso,3,alpine,aston_martin,2022,2023,8,440,2.0,2.2345879077911377,2.92602801322937,-0.6914401054382324,A,A,0.0
model_no_orthogonal,zero,0.0,de_vries,854,williams,alphatauri,2022,2023,9,441,17.0,6.5252838134765625,6.259444713592529,0.2658390998840332,B,B,0.0
model_no_orthogonal,zero,0.0,gasly,452,alphatauri,alpine,2022,2023,9,441,10.0,5.326627731323242,4.151171684265137,1.1754560470581055,B,A,1.0
model_no_orthogonal,zero,0.0,alonso,3,alpine,aston_martin,2022,2023,9,441,5.0,3.430368423461914,4.317013740539551,-0.8866453170776367,A,A,0.0
model_no_orthogonal,zero,0.0,hulkenberg,807,aston_martin,haas,2022,2023,10,442,13.0,5.607494831085205,5.433304309844971,0.17419052124023438,A,B,-1.0
model_no_orthogonal,zero,0.0,de_vries,854,williams,alphatauri,2022,2023,10,442,17.0,7.79951810836792,7.647994041442871,0.15152406692504883,B,B,0.0
model_no_orthogonal,zero,0.0,gasly,452,alphatauri,alpine,2022,2023,10,442,18.0,5.6257243156433105,4.35767936706543,1.2680449485778809,B,A,1.0
model_no_orthogonal,zero,0.0,alonso,3,alpine,aston_martin,2022,2023,10,442,7.0,3.863018035888672,4.91370964050293,-1.0506916046142578,A,A,0.0
model_no_orthogonal,zero,0.0,ricciardo,816,mclaren,alphatauri,2022,2023,11,443,13.0,4.761955261230469,4.083244323730469,0.6787109375,A,B,-1.0
model_no_orthogonal,zero,0.0,hulkenberg,807,aston_martin,haas,2022,2023,11,443,14.0,5.410621643066406,5.236431121826172,0.17419052124023438,A,B,-1.0
model_no_orthogonal,zero,0.0,alonso,3,alpine,aston_martin,2022,2023,11,443,9.0,3.657989501953125,4.647080898284912,-0.9890913963317871,A,A,0.0
model_no_orthogonal,zero,0.0,hulkenberg,807,aston_martin,haas,2022,2023,12,444,18.0,6.436943054199219,6.2946391105651855,0.1423039436340332,A,B,-1.0
model_no_orthogonal,zero,0.0,ricciardo,816,mclaren,alphatauri,2022,2023,12,444,16.0,6.001367092132568,5.322291851043701,0.6790752410888672,A,B,-1.0
model_no_orthogonal,zero,0.0,gasly,452,alphatauri,alpine,2022,2023,12,444,11.0,6.068553447723389,4.770695209503174,1.2978582382202148,B,A,1.0
model_no_orthogonal,zero,0.0,alonso,3,alpine,aston_martin,2022,2023,12,444,5.0,3.863018035888672,4.91370964050293,-1.0506916046142578,A,A,0.0
model_no_orthogonal,zero,0.0,alonso,3,alpine,aston_martin,2022,2023,13,445,2.0,2.9151737689971924,3.656879425048828,-0.7417056560516357,A,A,0.0
model_no_orthogonal,zero,0.0,gasly,452,alphatauri,alpine,2022,2023,13,445,3.0,6.068553447723389,4.770695209503174,1.2978582382202148,B,A,1.0
model_no_orthogonal,zero,0.0,hulkenberg,807,aston_martin,haas,2022,2023,13,445,12.0,6.389973163604736,6.194681167602539,0.19529199600219727,A,B,-1.0
model_no_orthogonal,zero,0.0,alonso,3,alpine,aston_martin,2022,2023,14,446,9.0,4.066643714904785,5.128580093383789,-1.061936378479004,A,A,0.0
model_no_orthogonal,zero,0.0,gasly,452,alphatauri,alpine,2022,2023,14,446,15.0,7.1022047996521,5.803234577178955,1.2989702224731445,B,A,1.0
model_no_orthogonal,zero,0.0,hulkenberg,807,aston_martin,haas,2022,2023,14,446,17.0,6.016350269317627,5.82705020904541,0.1893000602722168,A,B,-1.0
model_no_orthogonal,zero,0.0,gasly,452,alphatauri,alpine,2022,2023,15,447,6.0,6.068553447723389,4.770695209503174,1.2978582382202148,B,A,1.0
model_no_orthogonal,zero,0.0,hulkenberg,807,aston_martin,haas,2022,2023,15,447,13.0,5.213748931884766,5.039557933807373,0.17419099807739258,A,B,-1.0
model_no_orthogonal,zero,0.0,alonso,3,alpine,aston_martin,2022,2023,15,447,15.0,3.430368423461914,4.317013740539551,-0.8866453170776367,A,A,0.0
model_no_orthogonal,zero,0.0,alonso,3,alpine,aston_martin,2022,2023,16,448,8.0,4.066643714904785,5.128580093383789,-1.061936378479004,A,A,0.0
model_no_orthogonal,zero,0.0,gasly,452,alphatauri,alpine,2022,2023,16,448,10.0,6.068553447723389,4.770695209503174,1.2978582382202148,B,A,1.0
model_no_orthogonal,zero,0.0,hulkenberg,807,aston_martin,haas,2022,2023,16,448,14.0,7.05000114440918,6.854708194732666,0.19529294967651367,A,B,-1.0
model_no_orthogonal,zero,0.0,alonso,3,alpine,aston_martin,2022,2023,17,449,6.0,2.5951859951019287,3.32830548286438,-0.7331194877624512,A,A,0.0
model_no_orthogonal,zero,0.0,gasly,452,alphatauri,alpine,2022,2023,17,449,12.0,4.726884841918945,3.710618019104004,1.0162668228149414,B,A,1.0
model_no_orthogonal,zero,0.0,hulkenberg,807,aston_martin,haas,2022,2023,17,449,16.0,6.389973163604736,6.194681167602539,0.19529199600219727,A,B,-1.0
model_no_orthogonal,zero,0.0,gasly,452,alphatauri,alpine,2022,2023,18,450,6.0,4.726884841918945,3.710618019104004,1.0162668228149414,B,A,1.0
model_no_orthogonal,zero,0.0,hulkenberg,807,aston_martin,haas,2022,2023,18,450,11.0,6.716216564178467,6.520923614501953,0.19529294967651367,A,B,-1.0
model_no_orthogonal,zero,0.0,ricciardo,816,mclaren,alphatauri,2022,2023,18,450,15.0,5.135186195373535,4.456475734710693,0.6787104606628418,A,B,-1.0
model_no_orthogonal,zero,0.0,ricciardo,816,mclaren,alphatauri,2022,2023,19,451,7.0,2.644228458404541,2.1606533527374268,0.48357510566711426,A,B,-1.0
model_no_orthogonal,zero,0.0,gasly,452,alphatauri,alpine,2022,2023,19,451,11.0,5.861822605133057,4.564187049865723,1.297635555267334,B,A,1.0
model_no_orthogonal,zero,0.0,hulkenberg,807,aston_martin,haas,2022,2023,19,451,13.0,5.809619903564453,5.630176544189453,0.179443359375,A,B,-1.0
model_no_orthogonal,zero,0.0,alonso,3,alpine,aston_martin,2022,2023,20,452,3.0,2.5951857566833496,3.328305244445801,-0.7331194877624512,A,A,0.0
model_no_orthogonal,zero,0.0,gasly,452,alphatauri,alpine,2022,2023,20,452,7.0,6.354958534240723,5.0567731857299805,1.2981853485107422,B,A,1.0
model_no_orthogonal,zero,0.0,hulkenberg,807,aston_martin,haas,2022,2023,20,452,12.0,5.607494831085205,5.4333038330078125,0.17419099807739258,A,B,-1.0
model_no_orthogonal,zero,0.0,ricciardo,816,mclaren,alphatauri,2022,2023,20,452,13.0,5.587987422943115,4.909276008605957,0.6787114143371582,A,B,-1.0
model_no_orthogonal,zero,0.0,alonso,3,alpine,aston_martin,2022,2023,21,453,9.0,4.026805877685547,5.088742256164551,-1.061936378479004,A,A,0.0
model_no_orthogonal,zero,0.0,gasly,452,alphatauri,alpine,2022,2023,21,453,11.0,3.9816927909851074,3.035310745239258,0.9463820457458496,B,A,1.0
model_no_orthogonal,zero,0.0,ricciardo,816,mclaren,alphatauri,2022,2023,21,453,14.0,5.135186195373535,4.456475734710693,0.6787104606628418,A,B,-1.0
model_no_orthogonal,zero,0.0,hulkenberg,807,aston_martin,haas,2022,2023,21,453,19.0,6.016349792480469,5.827049732208252,0.1893000602722168,A,B,-1.0
model_no_orthogonal,zero,0.0,alonso,3,alpine,aston_martin,2022,2023,22,454,7.0,3.430367946624756,4.317013263702393,-0.8866453170776367,A,A,0.0
model_no_orthogonal,zero,0.0,ricciardo,816,mclaren,alphatauri,2022,2023,22,454,11.0,5.174971103668213,4.496260643005371,0.6787104606628418,A,B,-1.0
model_no_orthogonal,zero,0.0,gasly,452,alphatauri,alpine,2022,2023,22,454,13.0,5.625723838806152,4.35767936706543,1.2680444717407227,B,A,1.0
model_no_orthogonal,zero,0.0,hulkenberg,807,aston_martin,haas,2022,2023,22,454,15.0,4.950282096862793,4.805200099945068,0.1450819969177246,A,B,-1.0
model_no_orthogonal,zero,0.0,hulkenberg,807,haas,sauber,2024,2025,1,479,7.0,6.451292037963867,6.843271255493164,-0.3919792175292969,B,B,0.0
model_no_orthogonal,zero,0.0,hamilton,0,mercedes,ferrari,2024,2025,1,479,10.0,2.0280826091766357,2.20727801322937,-0.17919540405273438,S,S,0.0
model_no_orthogonal,zero,0.0,tsunoda,850,rb,red_bull,2024,2025,1,479,12.0,2.7947304248809814,2.7947306632995605,-2.384185791015625e-07,B,S,2.0
model_no_orthogonal,zero,0.0,ocon,838,alpine,haas,2024,2025,1,479,13.0,6.905264377593994,7.771908760070801,-0.8666443824768066,A,B,-1.0
model_no_orthogonal,zero,0.0,ocon,838,alpine,haas,2024,2025,2,480,5.0,5.267553806304932,6.118067264556885,-0.8505134582519531,A,B,-1.0
model_no_orthogonal,zero,0.0,sainz,831,ferrari,williams,2024,2025,2,480,10.0,5.219705581665039,4.445491790771484,0.7742137908935547,S,B,-2.0
model_no_orthogonal,zero,0.0,hulkenberg,807,haas,sauber,2024,2025,2,480,15.0,5.420485496520996,5.809619903564453,-0.38913440704345703,B,B,0.0
model_no_orthogonal,zero,0.0,tsunoda,850,rb,red_bull,2024,2025,2,480,16.0,3.923686981201172,3.923686981201172,0.0,B,S,2.0
model_no_orthogonal,zero,0.0,hamilton,0,mercedes,ferrari,2024,2025,3,481,7.0,2.0280826091766357,2.20727801322937,-0.17919540405273438,S,S,0.0
model_no_orthogonal,zero,0.0,tsunoda,850,rb,red_bull,2024,2025,3,481,12.0,5.485041618347168,5.124230861663818,0.3608107566833496,B,S,2.0
model_no_orthogonal,zero,0.0,sainz,831,ferrari,williams,2024,2025,3,481,14.0,4.721905708312988,3.9453227519989014,0.7765829563140869,S,B,-2.0
model_no_orthogonal,zero,0.0,hulkenberg,807,haas,sauber,2024,2025,3,481,16.0,6.244561195373535,6.636540412902832,-0.3919792175292969,B,B,0.0
model_no_orthogonal,zero,0.0,ocon,838,alpine,haas,2024,2025,3,481,18.0,6.698533535003662,7.565178871154785,-0.866645336151123,A,B,-1.0
model_no_orthogonal,zero,0.0,hamilton,0,mercedes,ferrari,2024,2025,4,482,5.0,2.234590768814087,2.414008140563965,-0.17941737174987793,S,S,0.0
model_no_orthogonal,zero,0.0,ocon,838,alpine,haas,2024,2025,4,482,8.0,5.871612548828125,6.73825740814209,-0.8666448593139648,A,B,-1.0
model_no_orthogonal,zero,0.0,tsunoda,850,rb,red_bull,2024,2025,4,482,9.0,4.524930000305176,4.130417346954346,0.3945126533508301,B,S,2.0
model_no_orthogonal,zero,0.0,hamilton,0,mercedes,ferrari,2024,2025,5,483,7.0,1.828628420829773,2.0010430812835693,-0.1724146604537964,S,S,0.0
model_no_orthogonal,zero,0.0,sainz,831,ferrari,williams,2024,2025,5,483,8.0,3.365840435028076,2.595755100250244,0.770085334777832,S,B,-2.0
model_no_orthogonal,zero,0.0,ocon,838,alpine,haas,2024,2025,5,483,14.0,6.905264377593994,7.771908760070801,-0.8666443824768066,A,B,-1.0
model_no_orthogonal,zero,0.0,hulkenberg,807,haas,sauber,2024,2025,5,483,15.0,6.658021926879883,7.05000114440918,-0.3919792175292969,B,B,0.0
model_no_orthogonal,zero,0.0,hamilton,0,mercedes,ferrari,2024,2025,6,484,8.0,2.854114294052124,3.0341992378234863,-0.1800849437713623,S,S,0.0
model_no_orthogonal,zero,0.0,sainz,831,ferrari,williams,2024,2025,6,484,9.0,3.365840435028076,2.595755100250244,0.770085334777832,S,B,-2.0
model_no_orthogonal,zero,0.0,tsunoda,850,rb,red_bull,2024,2025,6,484,10.0,4.524930000305176,4.130417346954346,0.3945126533508301,B,S,2.0
model_no_orthogonal,zero,0.0,ocon,838,alpine,haas,2024,2025,6,484,12.0,4.873807430267334,5.647345542907715,-0.7735381126403809,A,B,-1.0
model_no_orthogonal,zero,0.0,hulkenberg,807,haas,sauber,2024,2025,6,484,14.0,6.244561195373535,6.636540412902832,-0.3919792175292969,B,B,0.0
model_no_orthogonal,zero,0.0,hamilton,0,mercedes,ferrari,2024,2025,7,485,4.0,2.854114294052124,3.0341992378234863,-0.1800849437713623,S,S,0.0
model_no_orthogonal,zero,0.0,sainz,831,ferrari,williams,2024,2025,7,485,8.0,3.365840435028076,2.595755100250244,0.770085334777832,S,B,-2.0
model_no_orthogonal,zero,0.0,tsunoda,850,rb,red_bull,2024,2025,7,485,10.0,6.557366371154785,6.197719573974609,0.3596467971801758,B,S,2.0
model_no_orthogonal,zero,0.0,hulkenberg,807,haas,sauber,2024,2025,7,485,12.0,6.451292037963867,6.843271255493164,-0.3919792175292969,B,B,0.0
model_no_orthogonal,zero,0.0,colapinto,860,williams,alpine,2024,2025,7,485,16.0,6.7335052490234375,5.285392761230469,1.4481124877929688,B,A,1.0
model_no_orthogonal,zero,0.0,hamilton,0,mercedes,ferrari,2024,2025,8,486,5.0,1.363359808921814,1.5248585939407349,-0.1614987850189209,S,S,0.0
model_no_orthogonal,zero,0.0,ocon,838,alpine,haas,2024,2025,8,486,7.0,4.676934242248535,5.358105659484863,-0.6811714172363281,A,B,-1.0
model_no_orthogonal,zero,0.0,sainz,831,ferrari,williams,2024,2025,8,486,10.0,4.401576042175293,3.619460105895996,0.7821159362792969,S,B,-2.0
model_no_orthogonal,zero,0.0,colapinto,860,williams,alpine,2024,2025,8,486,13.0,7.655932426452637,6.199530124664307,1.45640230178833,B,A,1.0
model_no_orthogonal,zero,0.0,hulkenberg,807,haas,sauber,2024,2025,8,486,16.0,5.62437105178833,6.016350269317627,-0.3919792175292969,B,B,0.0
model_no_orthogonal,zero,0.0,tsunoda,850,rb,red_bull,2024,2025,8,486,17.0,4.918231964111328,4.543877601623535,0.37435436248779297,B,S,2.0
model_no_orthogonal,zero,0.0,hulkenberg,807,haas,sauber,2024,2025,9,487,5.0,6.204724311828613,6.596703052520752,-0.39197874069213867,B,B,0.0
model_no_orthogonal,zero,0.0,hamilton,0,mercedes,ferrari,2024,2025,9,487,6.0,1.4633742570877075,1.6356831789016724,-0.17230892181396484,S,S,0.0
model_no_orthogonal,zero,0.0,tsunoda,850,rb,red_bull,2024,2025,9,487,13.0,6.517581462860107,6.157881736755371,0.35969972610473633,B,S,2.0
model_no_orthogonal,zero,0.0,sainz,831,ferrari,williams,2024,2025,9,487,14.0,5.799444198608398,5.025230407714844,0.7742137908935547,S,B,-2.0
model_no_orthogonal,zero,0.0,colapinto,860,williams,alpine,2024,2025,9,487,15.0,7.4880218505859375,6.0326385498046875,1.45538330078125,B,A,1.0
model_no_orthogonal,zero,0.0,ocon,838,alpine,haas,2024,2025,9,487,16.0,6.451966285705566,7.318610668182373,-0.8666443824768066,A,B,-1.0
model_no_orthogonal,zero,0.0,hamilton,0,mercedes,ferrari,2024,2025,10,488,6.0,1.4633742570877075,1.6356831789016724,-0.17230892181396484,S,S,0.0
model_no_orthogonal,zero,0.0,hulkenberg,807,haas,sauber,2024,2025,10,488,8.0,5.5446953773498535,5.93667459487915,-0.3919792175292969,B,B,0.0
model_no_orthogonal,zero,0.0,ocon,838,alpine,haas,2024,2025,10,488,9.0,6.038505554199219,6.905150413513184,-0.8666448593139648,A,B,-1.0
model_no_orthogonal,zero,0.0,sainz,831,ferrari,williams,2024,2025,10,488,10.0,5.5929365158081055,4.818722724914551,0.7742137908935547,S,B,-2.0
model_no_orthogonal,zero,0.0,tsunoda,850,rb,red_bull,2024,2025,10,488,12.0,5.010162830352783,4.616011619567871,0.3941512107849121,B,S,2.0
model_no_orthogonal,zero,0.0,colapinto,860,williams,alpine,2024,2025,10,488,13.0,5.981147766113281,4.545688629150391,1.4354591369628906,B,A,1.0
model_no_orthogonal,zero,0.0,hamilton,0,mercedes,ferrari,2024,2025,11,489,4.0,1.3018250465393066,1.4804792404174805,-0.17865419387817383,S,S,0.0
model_no_orthogonal,zero,0.0,hulkenberg,807,haas,sauber,2024,2025,11,489,9.0,7.071482181549072,7.4634623527526855,-0.3919801712036133,B,B,0.0
model_no_orthogonal,zero,0.0,ocon,838,alpine,haas,2024,2025,11,489,10.0,6.4918036460876465,7.3584489822387695,-0.866645336151123,A,B,-1.0
model_no_orthogonal,zero,0.0,colapinto,860,williams,alpine,2024,2025,11,489,15.0,6.482719421386719,5.038824558258057,1.443894863128662,B,A,1.0
model_no_orthogonal,zero,0.0,tsunoda,850,rb,red_bull,2024,2025,11,489,16.0,6.144350528717041,5.784258842468262,0.3600916862487793,B,S,2.0
model_no_orthogonal,zero,0.0,hulkenberg,807,haas,sauber,2024,2025,12,490,3.0,6.864751815795898,7.256731033325195,-0.3919792175292969,B,B,0.0
model_no_orthogonal,zero,0.0,hamilton,0,mercedes,ferrari,2024,2025,12,490,4.0,1.4633742570877075,1.6356831789016724,-0.17230892181396484,S,S,0.0
model_no_orthogonal,zero,0.0,sainz,831,ferrari,williams,2024,2025,12,490,12.0,4.319124221801758,3.5398902893066406,0.7792339324951172,S,B,-2.0
model_no_orthogonal,zero,0.0,ocon,838,alpine,haas,2024,2025,12,490,13.0,6.038505554199219,6.905150413513184,-0.8666448593139648,A,B,-1.0
model_no_orthogonal,zero,0.0,tsunoda,850,rb,red_bull,2024,2025,12,490,15.0,4.877005577087402,4.504040241241455,0.37296533584594727,B,S,2.0
model_no_orthogonal,zero,0.0,hamilton,0,mercedes,ferrari,2024,2025,13,491,7.0,3.760679244995117,3.9407951831817627,-0.1801159381866455,S,S,0.0
model_no_orthogonal,zero,0.0,hulkenberg,807,haas,sauber,2024,2025,13,491,12.0,5.831101417541504,6.223081111907959,-0.3919796943664551,B,B,0.0
model_no_orthogonal,zero,0.0,tsunoda,850,rb,red_bull,2024,2025,13,491,13.0,3.8688344955444336,3.398160457611084,0.4706740379333496,B,S,2.0
model_no_orthogonal,zero,0.0,ocon,838,alpine,haas,2024,2025,13,491,15.0,5.267553806304932,6.118067264556885,-0.8505134582519531,A,B,-1.0
model_no_orthogonal,zero,0.0,sainz,831,ferrari,williams,2024,2025,13,491,18.0,5.2992753982543945,4.525062084197998,0.7742133140563965,S,B,-2.0
model_no_orthogonal,zero,0.0,colapinto,860,williams,alpine,2024,2025,13,491,19.0,7.02788782119751,5.579339981079102,1.4485478401184082,B,A,1.0
model_no_orthogonal,zero,0.0,hamilton,0,mercedes,ferrari,2024,2025,14,492,12.0,2.854114055633545,3.0341989994049072,-0.1800849437713623,S,S,0.0
model_no_orthogonal,zero,0.0,hulkenberg,807,haas,sauber,2024,2025,14,492,13.0,6.82491397857666,7.216894626617432,-0.3919806480407715,B,B,0.0
model_no_orthogonal,zero,0.0,sainz,831,ferrari,williams,2024,2025,14,492,14.0,4.806689262390137,4.03247594833374,0.7742133140563965,S,B,-2.0
model_no_orthogonal,zero,0.0,ocon,838,alpine,haas,2024,2025,14,492,16.0,6.65869665145874,7.525341033935547,-0.8666443824768066,A,B,-1.0
model_no_orthogonal,zero,0.0,tsunoda,850,rb,red_bull,2024,2025,14,492,17.0,5.890474796295166,5.530149936676025,0.3603248596191406,B,S,2.0
model_no_orthogonal,zero,0.0,colapinto,860,williams,alpine,2024,2025,14,492,18.0,6.482719421386719,5.038825035095215,1.443894386291504,B,A,1.0
model_no_orthogonal,zero,0.0,tsunoda,850,rb,red_bull,2024,2025,15,493,9.0,4.918231964111328,4.543878078460693,0.37435388565063477,B,S,2.0
model_no_orthogonal,zero,0.0,ocon,838,alpine,haas,2024,2025,15,493,10.0,6.6985344886779785,7.565178394317627,-0.8666439056396484,A,B,-1.0
model_no_orthogonal,zero,0.0,colapinto,860,williams,alpine,2024,2025,15,493,11.0,6.90141487121582,5.452284336090088,1.4491305351257324,B,A,1.0
model_no_orthogonal,zero,0.0,sainz,831,ferrari,williams,2024,2025,15,493,13.0,4.008274555206299,3.206444263458252,0.8018302917480469,S,B,-2.0
model_no_orthogonal,zero,0.0,hulkenberg,807,haas,sauber,2024,2025,15,493,14.0,6.451291084289551,6.843271732330322,-0.3919806480407715,B,B,0.0
model_no_orthogonal,zero,0.0,hamilton,0,mercedes,ferrari,2024,2025,16,494,6.0,1.6391243934631348,1.7908011674880981,-0.15167677402496338,S,S,0.0
model_no_orthogonal,zero,0.0,sainz,831,ferrari,williams,2024,2025,16,494,11.0,4.806689262390137,4.03247594833374,0.7742133140563965,S,B,-2.0
model_no_orthogonal,zero,0.0,tsunoda,850,rb,red_bull,2024,2025,16,494,13.0,4.483704566955566,4.090579986572266,0.3931245803833008,B,S,2.0
model_no_orthogonal,zero,0.0,ocon,838,alpine,haas,2024,2025,16,494,15.0,6.078344345092773,6.944988250732422,-0.8666439056396484,A,B,-1.0
model_no_orthogonal,zero,0.0,colapinto,860,williams,alpine,2024,2025,16,494,17.0,7.2786736488342285,5.825907230377197,1.4527664184570312,B,A,1.0
model_no_orthogonal,zero,0.0,sainz,831,ferrari,williams,2024,2025,17,495,3.0,2.1238324642181396,1.4148858785629272,0.7089465856552124,S,B,-2.0
model_no_orthogonal,zero,0.0,tsunoda,850,rb,red_bull,2024,2025,17,495,6.0,3.572542428970337,3.0964455604553223,0.47609686851501465,B,S,2.0
model_no_orthogonal,zero,0.0,hamilton,0,mercedes,ferrari,2024,2025,17,495,8.0,2.854114055633545,3.0341989994049072,-0.1800849437713623,S,S,0.0
model_no_orthogonal,zero,0.0,ocon,838,alpine,haas,2024,2025,17,495,14.0,7.111994743347168,7.978638648986816,-0.8666439056396484,A,B,-1.0
model_no_orthogonal,zero,0.0,hulkenberg,807,haas,sauber,2024,2025,17,495,16.0,6.451291084289551,6.843271732330322,-0.3919806480407715,B,B,0.0
model_no_orthogonal,zero,0.0,colapinto,860,williams,alpine,2024,2025,17,495,19.0,6.90141487121582,5.452284336090088,1.4491305351257324,B,A,1.0
model_no_orthogonal,zero,0.0,hamilton,0,mercedes,ferrari,2024,2025,18,496,8.0,1.6460009813308716,1.8183101415634155,-0.17230916023254395,S,S,0.0
model_no_orthogonal,zero,0.0,sainz,831,ferrari,williams,2024,2025,18,496,10.0,6.173044204711914,5.39846134185791,0.7745828628540039,S,B,-2.0
model_no_orthogonal,zero,0.0,tsunoda,850,rb,red_bull,2024,2025,18,496,12.0,5.114882469177246,4.750607967376709,0.3642745018005371,B,S,2.0
model_no_orthogonal,zero,0.0,colapinto,860,williams,alpine,2024,2025,18,496,16.0,6.90141487121582,5.452284336090088,1.4491305351257324,B,A,1.0
model_no_orthogonal,zero,0.0,ocon,838,alpine,haas,2024,2025,18,496,18.0,6.491804599761963,7.358448028564453,-0.8666434288024902,A,B,-1.0
model_no_orthogonal,zero,0.0,hulkenberg,807,haas,sauber,2024,2025,18,496,20.0,5.223611831665039,5.6074957847595215,-0.3838839530944824,B,B,0.0
model_no_orthogonal,zero,0.0,hamilton,0,mercedes,ferrari,2024,2025,19,497,4.0,1.4633740186691284,1.6356829404830933,-0.17230892181396484,S,S,0.0
model_no_orthogonal,zero,0.0,tsunoda,850,rb,red_bull,2024,2025,19,497,7.0,5.114882469177246,4.750607967376709,0.3642745018005371,B,S,2.0
model_no_orthogonal,zero,0.0,hulkenberg,807,haas,sauber,2024,2025,19,497,8.0,5.223611831665039,5.6074957847595215,-0.3838839530944824,B,B,0.0
model_no_orthogonal,zero,0.0,ocon,838,alpine,haas,2024,2025,19,497,15.0,6.491804599761963,7.358448028564453,-0.8666434288024902,A,B,-1.0
model_no_orthogonal,zero,0.0,colapinto,860,williams,alpine,2024,2025,19,497,17.0,6.692067623138428,5.2455549240112305,1.4465126991271973,B,A,1.0
model_no_orthogonal,zero,0.0,hamilton,0,mercedes,ferrari,2024,2025,20,498,8.0,1.1501067876815796,1.1918240785598755,-0.0417172908782959,S,S,0.0
model_no_orthogonal,zero,0.0,ocon,838,alpine,haas,2024,2025,20,498,9.0,5.423149108886719,6.284959316253662,-0.8618102073669434,A,B,-1.0
model_no_orthogonal,zero,0.0,tsunoda,850,rb,red_bull,2024,2025,20,498,11.0,4.680355548858643,4.297309875488281,0.38304567337036133,B,S,2.0
model_no_orthogonal,zero,0.0,colapinto,860,williams,alpine,2024,2025,20,498,16.0,7.738807678222656,6.279206275939941,1.4596014022827148,B,A,1.0
model_no_orthogonal,zero,0.0,sainz,831,ferrari,williams,2024,2025,20,498,17.0,3.821103096008301,2.998535394668579,0.8225677013397217,S,B,-2.0
model_no_orthogonal,zero,0.0,hulkenberg,807,haas,sauber,2024,2025,21,499,9.0,5.02673864364624,5.410622596740723,-0.3838839530944824,B,B,0.0
model_no_orthogonal,zero,0.0,ocon,838,alpine,haas,2024,2025,21,499,12.0,6.6113176345825195,7.477961540222168,-0.8666439056396484,A,B,-1.0
model_no_orthogonal,zero,0.0,sainz,831,ferrari,williams,2024,2025,21,499,13.0,5.219705581665039,4.445490837097168,0.7742147445678711,S,B,-2.0
model_no_orthogonal,zero,0.0,colapinto,860,williams,alpine,2024,2025,21,499,15.0,7.237236022949219,5.786069393157959,1.4511666297912598,B,A,1.0
model_no_orthogonal,zero,0.0,tsunoda,850,rb,red_bull,2024,2025,21,499,17.0,6.271288871765137,5.911314487457275,0.35997438430786133,B,S,2.0
model_no_orthogonal,zero,0.0,sainz,831,ferrari,williams,2024,2025,22,500,5.0,2.441380739212036,1.7400743961334229,0.7013063430786133,S,B,-2.0
model_no_orthogonal,zero,0.0,hulkenberg,807,haas,sauber,2024,2025,22,500,7.0,5.223611831665039,5.6074957847595215,-0.3838839530944824,B,B,0.0
model_no_orthogonal,zero,0.0,hamilton,0,mercedes,ferrari,2024,2025,22,500,8.0,4.468087196350098,4.648202896118164,-0.1801156997680664,S,S,0.0
model_no_orthogonal,zero,0.0,ocon,838,alpine,haas,2024,2025,22,500,9.0,5.664883136749268,6.531527519226074,-0.8666443824768066,A,B,-1.0
model_no_orthogonal,zero,0.0,tsunoda,850,rb,red_bull,2024,2025,22,500,12.0,6.39064359664917,6.030828475952148,0.3598151206970215,B,S,2.0
model_no_orthogonal,zero,0.0,colapinto,860,williams,alpine,2024,2025,22,500,15.0,6.692067623138428,5.2455549240112305,1.4465126991271973,B,A,1.0
model_no_orthogonal,zero,0.0,sainz,831,ferrari,williams,2024,2025,23,501,3.0,3.614973545074463,2.793428659439087,0.821544885635376,S,B,-2.0
model_no_orthogonal,zero,0.0,tsunoda,850,rb,red_bull,2024,2025,23,501,10.0,5.691550254821777,5.330961227416992,0.36058902740478516,B,S,2.0
model_no_orthogonal,zero,0.0,hamilton,0,mercedes,ferrari,2024,2025,23,501,12.0,4.054625988006592,4.234742641448975,-0.1801166534423828,S,S,0.0
model_no_orthogonal,zero,0.0,colapinto,860,williams,alpine,2024,2025,23,501,14.0,7.738807678222656,6.279206275939941,1.4596014022827148,B,A,1.0
model_no_orthogonal,zero,0.0,ocon,838,alpine,haas,2024,2025,23,501,15.0,6.451966762542725,7.318610668182373,-0.8666439056396484,A,B,-1.0
model_no_orthogonal,zero,0.0,ocon,838,alpine,haas,2024,2025,24,502,7.0,4.676935195922852,5.3581061363220215,-0.6811709403991699,A,B,-1.0
model_no_orthogonal,zero,0.0,hamilton,0,mercedes,ferrari,2024,2025,24,502,8.0,3.6810035705566406,3.8611199855804443,-0.1801164150238037,S,S,0.0
model_no_orthogonal,zero,0.0,hulkenberg,807,haas,sauber,2024,2025,24,502,9.0,6.658021450042725,7.050001621246338,-0.3919801712036133,B,B,0.0
model_no_orthogonal,zero,0.0,sainz,831,ferrari,williams,2024,2025,24,502,13.0,4.600181579589844,3.825968027114868,0.7742135524749756,S,B,-2.0
model_no_orthogonal,zero,0.0,tsunoda,850,rb,red_bull,2024,2025,24,502,14.0,4.524930953979492,4.130417346954346,0.3945136070251465,B,S,2.0
model_no_orthogonal,zero,0.0,colapinto,860,williams,alpine,2024,2025,24,502,20.0,7.738807678222656,6.279206275939941,1.4596014022827148,B,A,1.0
model_no_orthogonal,zero,0.0,hadjar,870,rb,red_bull,2025,2026,2,504,8.0,6.185245990753174,5.6764445304870605,0.5088014602661133,B,S,2.0
model_no_orthogonal,zero,0.0,hadjar,870,rb,red_bull,2025,2026,3,505,12.0,5.879425048828125,5.370401859283447,0.5090231895446777,B,S,2.0
model_no_orthogonal,zero,0.0,hadjar,870,rb,red_bull,2025,2026,5,507,5.0,5.573605060577393,5.064359188079834,0.5092458724975586,B,S,2.0
model_no_orthogonal,zero,0.0,hadjar,870,rb,red_bull,2025,2026,6,508,4.0,4.772438049316406,4.297688961029053,0.4747490882873535,B,S,2.0
model_no_orthogonal,zero,0.0,hadjar,870,rb,red_bull,2025,2026,7,509,6.0,5.191213607788086,4.714486598968506,0.4767270088195801,B,S,2.0
model_no_orthogonal,zero,0.0,hadjar,870,rb,red_bull,2025,2026,8,510,6.0,5.879425048828125,5.370401859283447,0.5090231895446777,B,S,2.0
model_no_orthogonal,zero,0.0,hadjar,870,rb,red_bull,2025,2026,9,511,5.0,4.772438049316406,4.297688961029053,0.4747490882873535,B,S,2.0
model_no_orthogonal,zero,0.0,hadjar,870,rb,red_bull,2025,2026,10,512,6.0,6.919251441955566,6.498171329498291,0.4210801124572754,B,S,2.0
model_no_orthogonal,zero,0.0,hadjar,870,rb,red_bull,2025,2026,11,513,6.0,5.879425048828125,5.370401859283447,0.5090231895446777,B,S,2.0
model_ablation_l01,low,0.1,bottas,821,mercedes,alfa,2021,2022,1,411,6.0,-0.31496351957321167,1.5248191356658936,-1.8397826552391052,S,B,-2.0
model_ablation_l01,low,0.1,russell,845,williams,mercedes,2021,2022,1,411,4.0,2.2046351432800293,1.13344144821167,1.0711936950683594,B,S,2.0
model_ablation_l01,low,0.1,russell,845,williams,mercedes,2021,2022,2,412,5.0,1.5744229555130005,0.48944056034088135,1.0849823951721191,B,S,2.0
model_ablation_l01,low,0.1,bottas,821,mercedes,alfa,2021,2022,3,413,8.0,0.8231030106544495,2.6589059829711914,-1.835802972316742,S,B,-2.0
model_ablation_l01,low,0.1,russell,845,williams,mercedes,2021,2022,3,413,3.0,1.5744229555130005,0.48944056034088135,1.0849823951721191,B,S,2.0
model_ablation_l01,low,0.1,russell,845,williams,mercedes,2021,2022,4,414,4.0,2.6373507976531982,1.5661571025848389,1.0711936950683594,B,S,2.0
model_ablation_l01,low,0.1,bottas,821,mercedes,alfa,2021,2022,4,414,5.0,-0.06268654763698578,1.8001309633255005,-1.8628175109624863,S,B,-2.0
model_ablation_l01,low,0.1,bottas,821,mercedes,alfa,2021,2022,5,415,7.0,-0.4633846879005432,1.3710830211639404,-1.8344677090644836,S,B,-2.0
model_ablation_l01,low,0.1,russell,845,williams,mercedes,2021,2022,5,415,5.0,2.853708505630493,1.7825145721435547,1.0711939334869385,B,S,2.0
model_ablation_l01,low,0.1,bottas,821,mercedes,alfa,2021,2022,6,416,6.0,-0.16654227674007416,1.6785552501678467,-1.8450975269079208,S,B,-2.0
model_ablation_l01,low,0.1,russell,845,williams,mercedes,2021,2022,6,416,3.0,1.1733171939849854,0.11994148790836334,1.053375706076622,B,S,2.0
model_ablation_l01,low,0.1,bottas,821,mercedes,alfa,2021,2022,7,417,9.0,0.8231030106544495,2.6589059829711914,-1.835802972316742,S,B,-2.0
model_ablation_l01,low,0.1,russell,845,williams,mercedes,2021,2022,7,417,5.0,1.5744229555130005,0.48944056034088135,1.0849823951721191,B,S,2.0
model_ablation_l01,low,0.1,bottas,821,mercedes,alfa,2021,2022,8,418,11.0,1.4736194610595703,3.3079793453216553,-1.834359884262085,S,B,-2.0
model_ablation_l01,low,0.1,russell,845,williams,mercedes,2021,2022,8,418,3.0,1.375919222831726,0.2964732050895691,1.079446017742157,B,S,2.0
model_ablation_l01,low,0.1,bottas,821,mercedes,alfa,2021,2022,9,419,7.0,0.6062297224998474,2.4425487518310547,-1.8363190293312073,S,B,-2.0
model_ablation_l01,low,0.1,russell,845,williams,mercedes,2021,2022,9,419,4.0,1.9882774353027344,0.917083740234375,1.0711936950683594,B,S,2.0
model_ablation_l01,low,0.1,bottas,821,mercedes,alfa,2021,2022,11,421,11.0,0.10873056948184967,2.0703699588775635,-1.9616393893957138,S,B,-2.0
model_ablation_l01,low,0.1,russell,845,williams,mercedes,2021,2022,11,421,4.0,1.1733171939849854,0.11994148790836334,1.053375706076622,B,S,2.0
model_ablation_l01,low,0.1,bottas,821,mercedes,alfa,2021,2022,12,422,14.0,0.8910052180290222,2.730379581451416,-1.8393743634223938,S,B,-2.0
model_ablation_l01,low,0.1,russell,845,williams,mercedes,2021,2022,12,422,3.0,1.5744229555130005,0.48944056034088135,1.0849823951721191,B,S,2.0
model_ablation_l01,low,0.1,bottas,821,mercedes,alfa,2021,2022,13,423,20.0,-0.01812140643596649,1.843658208847046,-1.8617796152830124,S,B,-2.0
model_ablation_l01,low,0.1,russell,845,williams,mercedes,2021,2022,13,423,3.0,0.5332653522491455,0.08885107189416885,0.44441428035497665,B,S,2.0
model_ablation_l01,low,0.1,russell,845,williams,mercedes,2021,2022,14,424,4.0,1.7929099798202515,0.6997570991516113,1.0931528806686401,B,S,2.0
model_ablation_l01,low,0.1,russell,845,williams,mercedes,2021,2022,15,425,2.0,1.5744229555130005,0.48944056034088135,1.0849823951721191,B,S,2.0
model_ablation_l01,low,0.1,bottas,821,mercedes,alfa,2021,2022,16,426,13.0,1.0418729782104492,2.8762331008911133,-1.834360122680664,S,B,-2.0
model_ablation_l01,low,0.1,russell,845,williams,mercedes,2021,2022,16,426,3.0,1.3179677724838257,0.33127492666244507,0.9866928458213806,B,S,2.0
model_ablation_l01,low,0.1,russell,845,williams,mercedes,2021,2022,17,427,14.0,1.7815942764282227,0.8561250567436218,0.9254692196846008,B,S,2.0
model_ablation_l01,low,0.1,bottas,821,mercedes,alfa,2021,2022,17,427,11.0,1.616111397743225,3.451894998550415,-1.83578360080719,S,B,-2.0
model_ablation_l01,low,0.1,bottas,821,mercedes,alfa,2021,2022,18,428,15.0,0.8231030106544495,2.6589059829711914,-1.835802972316742,S,B,-2.0
model_ablation_l01,low,0.1,russell,845,williams,mercedes,2021,2022,18,428,8.0,1.9882774353027344,0.917083740234375,1.0711936950683594,B,S,2.0
model_ablation_l01,low,0.1,russell,845,williams,mercedes,2021,2022,19,429,5.0,1.4520012140274048,0.35576146841049194,1.0962397456169128,B,S,2.0
model_ablation_l01,low,0.1,bottas,821,mercedes,alfa,2021,2022,20,430,10.0,-0.31496351957321167,1.5248191356658936,-1.8397826552391052,S,B,-2.0
model_ablation_l01,low,0.1,russell,845,williams,mercedes,2021,2022,20,430,4.0,0.8463495373725891,0.07118366658687592,0.7751658707857132,B,S,2.0
model_ablation_l01,low,0.1,bottas,821,mercedes,alfa,2021,2022,21,431,9.0,1.8264011144638062,3.6729722023010254,-1.8465710878372192,S,B,-2.0
model_ablation_l01,low,0.1,russell,845,williams,mercedes,2021,2022,21,431,1.0,0.8717507719993591,0.1881362646818161,0.683614507317543,B,S,2.0
model_ablation_l01,low,0.1,bottas,821,mercedes,alfa,2021,2022,22,432,15.0,2.122692584991455,3.9656760692596436,-1.8429834842681885,S,B,-2.0
model_ablation_l01,low,0.1,russell,845,williams,mercedes,2021,2022,22,432,5.0,1.5744229555130005,0.48944056034088135,1.0849823951721191,B,S,2.0
model_ablation_l01,low,0.1,hulkenberg,807,aston_martin,haas,2022,2023,1,433,15.0,0.7683053612709045,1.3663604259490967,-0.5980550646781921,A,B,-1.0
model_ablation_l01,low,0.1,de_vries,854,williams,alphatauri,2022,2023,1,433,14.0,4.602834701538086,3.6884098052978516,0.9144248962402344,B,B,0.0
model_ablation_l01,low,0.1,alonso,3,alpine,aston_martin,2022,2023,1,433,3.0,-0.04908005893230438,0.10258443653583527,-0.15166449546813965,A,A,0.0
model_ablation_l01,low,0.1,gasly,452,alphatauri,alpine,2022,2023,1,433,9.0,4.098674297332764,4.707210540771484,-0.6085362434387207,B,A,1.0
model_ablation_l01,low,0.1,de_vries,854,williams,alphatauri,2022,2023,2,434,14.0,4.379471778869629,3.4650471210479736,0.9144246578216553,B,B,0.0
model_ablation_l01,low,0.1,hulkenberg,807,aston_martin,haas,2022,2023,2,434,12.0,0.9122205376625061,1.5102760791778564,-0.5980555415153503,A,B,-1.0
model_ablation_l01,low,0.1,gasly,452,alphatauri,alpine,2022,2023,2,434,9.0,1.862654447555542,2.471190929412842,-0.6085364818572998,B,A,1.0
model_ablation_l01,low,0.1,alonso,3,alpine,aston_martin,2022,2023,2,434,3.0,-0.19553326070308685,-0.2078401893377304,0.012306928634643555,A,A,0.0
model_ablation_l01,low,0.1,de_vries,854,williams,alphatauri,2022,2023,3,435,15.0,3.7093820571899414,2.794957160949707,0.9144248962402344,B,B,0.0
model_ablation_l01,low,0.1,gasly,452,alphatauri,alpine,2022,2023,3,435,13.0,1.7187387943267822,2.327275276184082,-0.6085364818572998,B,A,1.0
model_ablation_l01,low,0.1,alonso,3,alpine,aston_martin,2022,2023,3,435,3.0,-0.18056176602840424,-0.06645859777927399,-0.11410316824913025,A,A,0.0
model_ablation_l01,low,0.1,hulkenberg,807,aston_martin,haas,2022,2023,3,435,7.0,0.7683053612709045,1.3663604259490967,-0.5980550646781921,A,B,-1.0
model_ablation_l01,low,0.1,hulkenberg,807,aston_martin,haas,2022,2023,4,436,17.0,1.3011469841003418,1.9576960802078247,-0.6565490961074829,A,B,-1.0
model_ablation_l01,low,0.1,gasly,452,alphatauri,alpine,2022,2023,4,436,14.0,3.737431287765503,4.345968723297119,-0.6085374355316162,B,A,1.0
model_ablation_l01,low,0.1,alonso,3,alpine,aston_martin,2022,2023,4,436,4.0,0.08222837746143341,0.27326011657714844,-0.19103173911571503,A,A,0.0
model_ablation_l01,low,0.1,de_vries,854,williams,alphatauri,2022,2023,5,437,18.0,3.7093820571899414,2.794957160949707,0.9144248962402344,B,B,0.0
model_ablation_l01,low,0.1,hulkenberg,807,aston_martin,haas,2022,2023,5,437,15.0,1.2010208368301392,1.799075722694397,-0.5980548858642578,A,B,-1.0
model_ablation_l01,low,0.1,alonso,3,alpine,aston_martin,2022,2023,5,437,3.0,-0.22354815900325775,-0.25413286685943604,0.030584707856178284,A,A,0.0
model_ablation_l01,low,0.1,gasly,452,alphatauri,alpine,2022,2023,5,437,8.0,0.8962720036506653,1.6225799322128296,-0.7263079285621643,B,A,1.0
model_ablation_l01,low,0.1,hulkenberg,807,aston_martin,haas,2022,2023,6,438,17.0,2.4991672039031982,3.097222328186035,-0.5980551242828369,A,B,-1.0
model_ablation_l01,low,0.1,de_vries,854,williams,alphatauri,2022,2023,6,438,12.0,3.039292812347412,2.1248674392700195,0.9144253730773926,B,B,0.0
model_ablation_l01,low,0.1,gasly,452,alphatauri,alpine,2022,2023,6,438,7.0,1.2860231399536133,1.9353597164154053,-0.649336576461792,B,A,1.0
model_ablation_l01,low,0.1,alonso,3,alpine,aston_martin,2022,2023,6,438,2.0,-0.22354815900325775,-0.25413286685943604,0.030584707856178284,A,A,0.0
model_ablation_l01,low,0.1,de_vries,854,williams,alphatauri,2022,2023,7,439,14.0,3.4860191345214844,2.57159423828125,0.9144248962402344,B,B,0.0
model_ablation_l01,low,0.1,hulkenberg,807,aston_martin,haas,2022,2023,7,439,15.0,0.26314741373062134,0.8612027764320374,-0.598055362701416,A,B,-1.0
model_ablation_l01,low,0.1,gasly,452,alphatauri,alpine,2022,2023,7,439,10.0,1.193238615989685,1.7354602813720703,-0.5422216653823853,B,A,1.0
model_ablation_l01,low,0.1,alonso,3,alpine,aston_martin,2022,2023,7,439,7.0,0.5004016757011414,0.809298574924469,-0.30889689922332764,A,A,0.0
model_ablation_l01,low,0.1,gasly,452,alphatauri,alpine,2022,2023,8,440,12.0,3.3047163486480713,3.913252830505371,-0.6085364818572998,B,A,1.0
model_ablation_l01,low,0.1,de_vries,854,williams,alphatauri,2022,2023,8,440,18.0,4.306295394897461,3.3918704986572266,0.9144248962402344,B,B,0.0
model_ablation_l01,low,0.1,hulkenberg,807,aston_martin,haas,2022,2023,8,440,15.0,-0.6106755137443542,-0.02957521378993988,-0.5811002999544144,A,B,-1.0
model_ablation_l01,low,0.1,alonso,3,alpine,aston_martin,2022,2023,8,440,2.0,-0.19553326070308685,-0.2078401893377304,0.012306928634643555,A,A,0.0
model_ablation_l01,low,0.1,de_vries,854,williams,alphatauri,2022,2023,9,441,17.0,3.5609519481658936,2.7112390995025635,0.8497128486633301,B,B,0.0
model_ablation_l01,low,0.1,gasly,452,alphatauri,alpine,2022,2023,9,441,10.0,1.7187387943267822,2.327275276184082,-0.6085364818572998,B,A,1.0
model_ablation_l01,low,0.1,alonso,3,alpine,aston_martin,2022,2023,9,441,5.0,0.2176264077425003,0.46661388874053955,-0.24898748099803925,A,A,0.0
model_ablation_l01,low,0.1,hulkenberg,807,aston_martin,haas,2022,2023,10,442,13.0,0.9846630692481995,1.582718014717102,-0.5980549454689026,A,B,-1.0
model_ablation_l01,low,0.1,de_vries,854,williams,alphatauri,2022,2023,10,442,17.0,4.529659271240234,3.615234136581421,0.9144251346588135,B,B,0.0
model_ablation_l01,low,0.1,gasly,452,alphatauri,alpine,2022,2023,10,442,18.0,1.9350967407226562,2.543633460998535,-0.6085367202758789,B,A,1.0
model_ablation_l01,low,0.1,alonso,3,alpine,aston_martin,2022,2023,10,442,7.0,0.5675641298294067,0.8817407488822937,-0.31417661905288696,A,A,0.0
model_ablation_l01,low,0.1,ricciardo,816,mclaren,alphatauri,2022,2023,11,443,13.0,2.84206485748291,2.916970729827881,-0.0749058723449707,A,B,-1.0
model_ablation_l01,low,0.1,hulkenberg,807,aston_martin,haas,2022,2023,11,443,14.0,0.7683053612709045,1.3663604259490967,-0.5980550646781921,A,B,-1.0
model_ablation_l01,low,0.1,alonso,3,alpine,aston_martin,2022,2023,11,443,9.0,0.3762821555137634,0.6653830409049988,-0.28910088539123535,A,A,0.0
model_ablation_l01,low,0.1,hulkenberg,807,aston_martin,haas,2022,2023,12,444,18.0,1.9462285041809082,2.6153435707092285,-0.6691150665283203,A,B,-1.0
model_ablation_l01,low,0.1,ricciardo,816,mclaren,alphatauri,2022,2023,12,444,16.0,4.14021110534668,4.21511697769165,-0.0749058723449707,A,B,-1.0
model_ablation_l01,low,0.1,gasly,452,alphatauri,alpine,2022,2023,12,444,11.0,2.367812156677246,2.976348400115967,-0.6085362434387207,B,A,1.0
model_ablation_l01,low,0.1,alonso,3,alpine,aston_martin,2022,2023,12,444,5.0,0.5675641298294067,0.8817407488822937,-0.31417661905288696,A,A,0.0
model_ablation_l01,low,0.1,alonso,3,alpine,aston_martin,2022,2023,13,445,2.0,-0.04908005893230438,0.10258443653583527,-0.15166449546813965,A,A,0.0
model_ablation_l01,low,0.1,gasly,452,alphatauri,alpine,2022,2023,13,445,3.0,2.367812156677246,2.976348400115967,-0.6085362434387207,B,A,1.0
model_ablation_l01,low,0.1,hulkenberg,807,aston_martin,haas,2022,2023,13,445,12.0,1.7776516675949097,2.375706672668457,-0.5980550050735474,A,B,-1.0
model_ablation_l01,low,0.1,alonso,3,alpine,aston_martin,2022,2023,14,446,9.0,0.7605314254760742,1.0980987548828125,-0.3375673294067383,A,A,0.0
model_ablation_l01,low,0.1,gasly,452,alphatauri,alpine,2022,2023,14,446,15.0,3.4496006965637207,4.0581374168396,-0.6085367202758789,B,A,1.0
model_ablation_l01,low,0.1,hulkenberg,807,aston_martin,haas,2022,2023,14,446,17.0,1.4173786640167236,2.0154335498809814,-0.5980548858642578,A,B,-1.0
model_ablation_l01,low,0.1,gasly,452,alphatauri,alpine,2022,2023,15,447,6.0,2.367812156677246,2.976348400115967,-0.6085362434387207,B,A,1.0
model_ablation_l01,low,0.1,hulkenberg,807,aston_martin,haas,2022,2023,15,447,13.0,0.5519474148750305,1.1500027179718018,-0.5980553030967712,A,B,-1.0
model_ablation_l01,low,0.1,alonso,3,alpine,aston_martin,2022,2023,15,447,15.0,0.2176264077425003,0.46661388874053955,-0.24898748099803925,A,A,0.0
model_ablation_l01,low,0.1,alonso,3,alpine,aston_martin,2022,2023,16,448,8.0,0.7605314254760742,1.0980987548828125,-0.3375673294067383,A,A,0.0
model_ablation_l01,low,0.1,gasly,452,alphatauri,alpine,2022,2023,16,448,10.0,2.367812156677246,2.976348400115967,-0.6085362434387207,B,A,1.0
model_ablation_l01,low,0.1,hulkenberg,807,aston_martin,haas,2022,2023,16,448,14.0,2.4991672039031982,3.097222328186035,-0.5980551242828369,A,B,-1.0
model_ablation_l01,low,0.1,alonso,3,alpine,aston_martin,2022,2023,17,449,6.0,-0.18056176602840424,-0.06645859777927399,-0.11410316824913025,A,A,0.0
model_ablation_l01,low,0.1,gasly,452,alphatauri,alpine,2022,2023,17,449,12.0,1.2860231399536133,1.9353597164154053,-0.649336576461792,B,A,1.0
model_ablation_l01,low,0.1,hulkenberg,807,aston_martin,haas,2022,2023,17,449,16.0,1.7776516675949097,2.375706672668457,-0.5980550050735474,A,B,-1.0
model_ablation_l01,low,0.1,gasly,452,alphatauri,alpine,2022,2023,18,450,6.0,1.2860231399536133,1.9353597164154053,-0.649336576461792,B,A,1.0
model_ablation_l01,low,0.1,hulkenberg,807,aston_martin,haas,2022,2023,18,450,11.0,2.211336374282837,2.8093910217285156,-0.5980546474456787,A,B,-1.0
model_ablation_l01,low,0.1,ricciardo,816,mclaren,alphatauri,2022,2023,18,450,15.0,3.202338218688965,3.2772443294525146,-0.0749061107635498,A,B,-1.0
model_ablation_l01,low,0.1,ricciardo,816,mclaren,alphatauri,2022,2023,19,451,7.0,1.0892128944396973,1.1695070266723633,-0.08029413223266602,A,B,-1.0
model_ablation_l01,low,0.1,gasly,452,alphatauri,alpine,2022,2023,19,451,11.0,2.151454210281372,2.7599904537200928,-0.6085362434387207,B,A,1.0
model_ablation_l01,low,0.1,hulkenberg,807,aston_martin,haas,2022,2023,19,451,13.0,1.2010211944580078,1.7990753650665283,-0.5980541706085205,A,B,-1.0
model_ablation_l01,low,0.1,alonso,3,alpine,aston_martin,2022,2023,20,452,3.0,-0.18056116998195648,-0.06645998358726501,-0.11410118639469147,A,A,0.0
model_ablation_l01,low,0.1,gasly,452,alphatauri,alpine,2022,2023,20,452,7.0,2.7290539741516113,3.3375906944274902,-0.6085367202758789,B,A,1.0
model_ablation_l01,low,0.1,hulkenberg,807,aston_martin,haas,2022,2023,20,452,12.0,0.9846637845039368,1.5827176570892334,-0.5980538725852966,A,B,-1.0
model_ablation_l01,low,0.1,ricciardo,816,mclaren,alphatauri,2022,2023,20,452,13.0,3.707496166229248,3.7824015617370605,-0.0749053955078125,A,B,-1.0
model_ablation_l01,low,0.1,alonso,3,alpine,aston_martin,2022,2023,21,453,9.0,0.6936925053596497,1.025654911994934,-0.3319624066352844,A,A,0.0
model_ablation_l01,low,0.1,gasly,452,alphatauri,alpine,2022,2023,21,453,11.0,0.8435579538345337,1.5557901859283447,-0.712232232093811,B,A,1.0
model_ablation_l01,low,0.1,ricciardo,816,mclaren,alphatauri,2022,2023,21,453,14.0,3.202338457107544,3.2772443294525146,-0.0749058723449707,A,B,-1.0
model_ablation_l01,low,0.1,hulkenberg,807,aston_martin,haas,2022,2023,21,453,19.0,1.4173791408538818,2.0154330730438232,-0.5980539321899414,A,B,-1.0
model_ablation_l01,low,0.1,alonso,3,alpine,aston_martin,2022,2023,22,454,7.0,0.2176266461610794,0.4666125178337097,-0.2489858716726303,A,A,0.0
model_ablation_l01,low,0.1,ricciardo,816,mclaren,alphatauri,2022,2023,22,454,11.0,3.274780750274658,3.349687099456787,-0.0749063491821289,A,B,-1.0
model_ablation_l01,low,0.1,gasly,452,alphatauri,alpine,2022,2023,22,454,13.0,1.9350965023040771,2.543632745742798,-0.6085362434387207,B,A,1.0
model_ablation_l01,low,0.1,hulkenberg,807,aston_martin,haas,2022,2023,22,454,15.0,0.33559054136276245,0.9336444139480591,-0.5980538725852966,A,B,-1.0
model_ablation_l01,low,0.1,hulkenberg,807,haas,sauber,2024,2025,1,479,7.0,2.9266109466552734,2.2828102111816406,0.6438007354736328,B,B,0.0
model_ablation_l01,low,0.1,hamilton,0,mercedes,ferrari,2024,2025,1,479,10.0,1.4888174533843994,1.2515536546707153,0.23726379871368408,S,S,0.0
model_ablation_l01,low,0.1,tsunoda,850,rb,red_bull,2024,2025,1,479,12.0,3.1172003746032715,3.1172006130218506,-2.384185791015625e-07,B,S,2.0
model_ablation_l01,low,0.1,ocon,838,alpine,haas,2024,2025,1,479,13.0,2.630415916442871,3.574394464492798,-0.9439785480499268,A,B,-1.0
model_ablation_l01,low,0.1,ocon,838,alpine,haas,2024,2025,2,480,5.0,0.8995541930198669,1.843532919883728,-0.9439787268638611,A,B,-1.0
model_ablation_l01,low,0.1,sainz,831,ferrari,williams,2024,2025,2,480,10.0,2.5707294940948486,3.8560853004455566,-1.285355806350708,S,B,-2.0
model_ablation_l01,low,0.1,hulkenberg,807,haas,sauber,2024,2025,2,480,15.0,1.8448222875595093,1.201021432876587,0.6438008546829224,B,B,0.0
model_ablation_l01,low,0.1,tsunoda,850,rb,red_bull,2024,2025,2,480,16.0,4.017087459564209,4.017087459564209,0.0,B,S,2.0
model_ablation_l01,low,0.1,hamilton,0,mercedes,ferrari,2024,2025,3,481,7.0,1.4888174533843994,1.2515536546707153,0.23726379871368408,S,S,0.0
model_ablation_l01,low,0.1,tsunoda,850,rb,red_bull,2024,2025,3,481,12.0,3.9084858894348145,5.256928443908691,-1.348442554473877,B,S,2.0
model_ablation_l01,low,0.1,sainz,831,ferrari,williams,2024,2025,3,481,14.0,2.1389827728271484,3.4216530323028564,-1.282670259475708,S,B,-2.0
model_ablation_l01,low,0.1,hulkenberg,807,haas,sauber,2024,2025,3,481,16.0,2.7102532386779785,2.066452741622925,0.6438004970550537,B,B,0.0
model_ablation_l01,low,0.1,ocon,838,alpine,haas,2024,2025,3,481,18.0,2.4140584468841553,3.358036994934082,-0.9439785480499268,A,B,-1.0
model_ablation_l01,low,0.1,hamilton,0,mercedes,ferrari,2024,2025,4,482,5.0,1.6425538063049316,1.4215342998504639,0.22101950645446777,S,S,0.0
model_ablation_l01,low,0.1,ocon,838,alpine,haas,2024,2025,4,482,8.0,1.5486277341842651,2.4926061630249023,-0.9439784288406372,A,B,-1.0
model_ablation_l01,low,0.1,tsunoda,850,rb,red_bull,2024,2025,4,482,9.0,2.899139881134033,4.238471031188965,-1.3393311500549316,B,S,2.0
model_ablation_l01,low,0.1,hamilton,0,mercedes,ferrari,2024,2025,5,483,7.0,1.3350813388824463,1.0978174209594727,0.23726391792297363,S,S,0.0
model_ablation_l01,low,0.1,sainz,831,ferrari,williams,2024,2025,5,483,8.0,0.7755028009414673,2.079434394836426,-1.3039315938949585,S,B,-2.0
model_ablation_l01,low,0.1,ocon,838,alpine,haas,2024,2025,5,483,14.0,2.630415916442871,3.574394464492798,-0.9439785480499268,A,B,-1.0
model_ablation_l01,low,0.1,hulkenberg,807,haas,sauber,2024,2025,5,483,15.0,3.1429686546325684,2.4991679191589355,0.6438007354736328,B,B,0.0
model_ablation_l01,low,0.1,hamilton,0,mercedes,ferrari,2024,2025,6,484,8.0,2.2179651260375977,2.006488800048828,0.21147632598876953,S,S,0.0
model_ablation_l01,low,0.1,sainz,831,ferrari,williams,2024,2025,6,484,9.0,0.7755028009414673,2.079434394836426,-1.3039315938949585,S,B,-2.0
model_ablation_l01,low,0.1,tsunoda,850,rb,red_bull,2024,2025,6,484,10.0,2.899139881134033,4.238471031188965,-1.3393311500549316,B,S,2.0
model_ablation_l01,low,0.1,ocon,838,alpine,haas,2024,2025,6,484,12.0,0.4668389558792114,1.4108176231384277,-0.9439786672592163,A,B,-1.0
model_ablation_l01,low,0.1,hulkenberg,807,haas,sauber,2024,2025,6,484,14.0,2.7102532386779785,2.066452741622925,0.6438004970550537,B,B,0.0
model_ablation_l01,low,0.1,hamilton,0,mercedes,ferrari,2024,2025,7,485,4.0,2.2179651260375977,2.006488800048828,0.21147632598876953,S,S,0.0
model_ablation_l01,low,0.1,sainz,831,ferrari,williams,2024,2025,7,485,8.0,0.7755028009414673,2.079434394836426,-1.3039315938949585,S,B,-2.0
model_ablation_l01,low,0.1,tsunoda,850,rb,red_bull,2024,2025,7,485,10.0,5.062716960906982,6.452305793762207,-1.3895888328552246,B,S,2.0
model_ablation_l01,low,0.1,hulkenberg,807,haas,sauber,2024,2025,7,485,12.0,2.9266109466552734,2.2828102111816406,0.6438007354736328,B,B,0.0
model_ablation_l01,low,0.1,colapinto,860,williams,alpine,2024,2025,7,485,16.0,2.2116458415985107,1.9285633563995361,0.2830824851989746,B,A,1.0
model_ablation_l01,low,0.1,hamilton,0,mercedes,ferrari,2024,2025,8,486,5.0,1.030566930770874,0.7503834366798401,0.28018349409103394,S,S,0.0
model_ablation_l01,low,0.1,ocon,838,alpine,haas,2024,2025,8,486,7.0,0.2584229111671448,1.1944597959518433,-0.9360368847846985,A,B,-1.0
model_ablation_l01,low,0.1,sainz,831,ferrari,williams,2024,2025,8,486,10.0,1.7052981853485107,2.987968921661377,-1.2826707363128662,S,B,-2.0
model_ablation_l01,low,0.1,colapinto,860,williams,alpine,2024,2025,8,486,13.0,3.105381965637207,2.8222994804382324,0.2830824851989746,B,A,1.0
model_ablation_l01,low,0.1,hulkenberg,807,haas,sauber,2024,2025,8,486,16.0,2.0611796379089355,1.4173792600631714,0.6438003778457642,B,B,0.0
model_ablation_l01,low,0.1,tsunoda,850,rb,red_bull,2024,2025,8,486,17.0,3.331855297088623,4.681238174438477,-1.3493828773498535,B,S,2.0
model_ablation_l01,low,0.1,hulkenberg,807,haas,sauber,2024,2025,9,487,5.0,2.637810707092285,1.994010090827942,0.6438006162643433,B,B,0.0
model_ablation_l01,low,0.1,hamilton,0,mercedes,ferrari,2024,2025,9,487,6.0,1.0676639080047607,0.7903450727462769,0.2773188352584839,S,S,0.0
model_ablation_l01,low,0.1,tsunoda,850,rb,red_bull,2024,2025,9,487,13.0,4.990274429321289,6.3638458251953125,-1.3735713958740234,B,S,2.0
model_ablation_l01,low,0.1,sainz,831,ferrari,williams,2024,2025,9,487,14.0,3.147360324859619,4.452999114990234,-1.3056387901306152,S,B,-2.0
model_ablation_l01,low,0.1,colapinto,860,williams,alpine,2024,2025,9,487,15.0,2.9567227363586426,2.673640012741089,0.2830827236175537,B,A,1.0
model_ablation_l01,low,0.1,ocon,838,alpine,haas,2024,2025,9,487,16.0,2.125258684158325,3.0692367553710938,-0.9439780712127686,A,B,-1.0
model_ablation_l01,low,0.1,hamilton,0,mercedes,ferrari,2024,2025,10,488,6.0,1.0676639080047607,0.7903450727462769,0.2773188352584839,S,S,0.0
model_ablation_l01,low,0.1,hulkenberg,807,haas,sauber,2024,2025,10,488,8.0,1.9162955284118652,1.2724950313568115,0.6438004970550537,B,B,0.0
model_ablation_l01,low,0.1,ocon,838,alpine,haas,2024,2025,10,488,9.0,1.6925430297851562,2.636521339416504,-0.9439783096313477,A,B,-1.0
model_ablation_l01,low,0.1,sainz,831,ferrari,williams,2024,2025,10,488,10.0,2.931002616882324,4.229635238647461,-1.2986326217651367,S,B,-2.0
model_ablation_l01,low,0.1,tsunoda,850,rb,red_bull,2024,2025,10,488,12.0,3.622593402862549,5.240896224975586,-1.618302822113037,B,S,2.0
model_ablation_l01,low,0.1,colapinto,860,williams,alpine,2024,2025,10,488,13.0,1.3544139862060547,1.090800404548645,0.26361358165740967,B,A,1.0
model_ablation_l01,low,0.1,hamilton,0,mercedes,ferrari,2024,2025,11,489,4.0,0.9256165027618408,0.6503265500068665,0.27528995275497437,S,S,0.0
model_ablation_l01,low,0.1,hulkenberg,807,haas,sauber,2024,2025,11,489,9.0,3.5756845474243164,2.9318833351135254,0.643801212310791,B,B,0.0
model_ablation_l01,low,0.1,ocon,838,alpine,haas,2024,2025,11,489,10.0,2.1977009773254395,3.141679286956787,-0.9439783096313477,A,B,-1.0
model_ablation_l01,low,0.1,colapinto,860,williams,alpine,2024,2025,11,489,15.0,1.9125475883483887,1.6294643878936768,0.2830832004547119,B,A,1.0
model_ablation_l01,low,0.1,tsunoda,850,rb,red_bull,2024,2025,11,489,16.0,4.630002021789551,6.009538650512695,-1.3795366287231445,B,S,2.0
model_ablation_l01,low,0.1,hulkenberg,807,haas,sauber,2024,2025,12,490,3.0,3.3593268394470215,2.7155253887176514,0.6438014507293701,B,B,0.0
model_ablation_l01,low,0.1,hamilton,0,mercedes,ferrari,2024,2025,12,490,4.0,1.0676639080047607,0.7903450727462769,0.2773188352584839,S,S,0.0
model_ablation_l01,low,0.1,sainz,831,ferrari,williams,2024,2025,12,490,12.0,1.5604135990142822,2.8430843353271484,-1.2826707363128662,S,B,-2.0
model_ablation_l01,low,0.1,ocon,838,alpine,haas,2024,2025,12,490,13.0,1.6925430297851562,2.636521339416504,-0.9439783096313477,A,B,-1.0
model_ablation_l01,low,0.1,tsunoda,850,rb,red_bull,2024,2025,12,490,15.0,3.2594127655029297,4.592778205871582,-1.3333654403686523,B,S,2.0
model_ablation_l01,low,0.1,hamilton,0,mercedes,ferrari,2024,2025,13,491,7.0,3.234483242034912,3.0266592502593994,0.2078239917755127,S,S,0.0
model_ablation_l01,low,0.1,hulkenberg,807,haas,sauber,2024,2025,13,491,12.0,2.2775378227233887,1.6337370872497559,0.6438007354736328,B,B,0.0
model_ablation_l01,low,0.1,tsunoda,850,rb,red_bull,2024,2025,13,491,13.0,2.2500662803649902,3.574319839477539,-1.3242535591125488,B,S,2.0
model_ablation_l01,low,0.1,ocon,838,alpine,haas,2024,2025,13,491,15.0,0.8995541930198669,1.843532919883728,-0.9439787268638611,A,B,-1.0
model_ablation_l01,low,0.1,sainz,831,ferrari,williams,2024,2025,13,491,18.0,2.715613842010498,4.002437114715576,-1.2868232727050781,S,B,-2.0
model_ablation_l01,low,0.1,colapinto,860,williams,alpine,2024,2025,13,491,19.0,2.4337453842163086,2.150662422180176,0.2830829620361328,B,A,1.0
model_ablation_l01,low,0.1,hamilton,0,mercedes,ferrari,2024,2025,14,492,12.0,2.2179644107818604,2.006488800048828,0.21147561073303223,S,S,0.0
model_ablation_l01,low,0.1,hulkenberg,807,haas,sauber,2024,2025,14,492,13.0,3.286883592605591,2.643083095550537,0.6438004970550537,B,B,0.0
model_ablation_l01,low,0.1,sainz,831,ferrari,williams,2024,2025,14,492,14.0,2.1380138397216797,3.420684814453125,-1.2826709747314453,S,B,-2.0
model_ablation_l01,low,0.1,ocon,838,alpine,haas,2024,2025,14,492,16.0,2.3416171073913574,3.285594940185547,-0.9439778327941895,A,B,-1.0
model_ablation_l01,low,0.1,tsunoda,850,rb,red_bull,2024,2025,14,492,17.0,4.48705530166626,5.920611381530762,-1.433556079864502,B,S,2.0
model_ablation_l01,low,0.1,colapinto,860,williams,alpine,2024,2025,14,492,18.0,1.91254723072052,1.6294643878936768,0.28308284282684326,B,A,1.0
model_ablation_l01,low,0.1,tsunoda,850,rb,red_bull,2024,2025,15,493,9.0,3.3318557739257812,4.681238174438477,-1.3493824005126953,B,S,2.0
model_ablation_l01,low,0.1,ocon,838,alpine,haas,2024,2025,15,493,10.0,2.414059638977051,3.3580374717712402,-0.9439778327941895,A,B,-1.0
model_ablation_l01,low,0.1,colapinto,860,williams,alpine,2024,2025,15,493,11.0,2.3603053092956543,2.0772228240966797,0.2830824851989746,B,A,1.0
model_ablation_l01,low,0.1,sainz,831,ferrari,williams,2024,2025,15,493,13.0,1.3031941652297974,2.5552539825439453,-1.252059817314148,S,B,-2.0
model_ablation_l01,low,0.1,hulkenberg,807,haas,sauber,2024,2025,15,493,14.0,2.9266104698181152,2.2828097343444824,0.6438007354736328,B,B,0.0
model_ablation_l01,low,0.1,hamilton,0,mercedes,ferrari,2024,2025,16,494,6.0,1.2205342054367065,0.9799695611000061,0.24056464433670044,S,S,0.0
model_ablation_l01,low,0.1,sainz,831,ferrari,williams,2024,2025,16,494,11.0,2.1380138397216797,3.420684814453125,-1.2826709747314453,S,B,-2.0
model_ablation_l01,low,0.1,tsunoda,850,rb,red_bull,2024,2025,16,494,13.0,2.826697826385498,4.15001106262207,-1.3233132362365723,B,S,2.0
model_ablation_l01,low,0.1,ocon,838,alpine,haas,2024,2025,16,494,15.0,1.7649861574172974,2.7089638710021973,-0.9439777135848999,A,B,-1.0
model_ablation_l01,low,0.1,colapinto,860,williams,alpine,2024,2025,16,494,17.0,2.7328438758850098,2.449761152267456,0.2830827236175537,B,A,1.0
model_ablation_l01,low,0.1,sainz,831,ferrari,williams,2024,2025,17,495,3.0,0.3000327944755554,1.2109556198120117,-0.9109228253364563,S,B,-2.0
model_ablation_l01,low,0.1,tsunoda,850,rb,red_bull,2024,2025,17,495,6.0,2.0370993614196777,3.3368749618530273,-1.2997756004333496,B,S,2.0
model_ablation_l01,low,0.1,hamilton,0,mercedes,ferrari,2024,2025,17,495,8.0,2.2179644107818604,2.006488800048828,0.21147561073303223,S,S,0.0
model_ablation_l01,low,0.1,ocon,838,alpine,haas,2024,2025,17,495,14.0,2.8467745780944824,3.79075288772583,-0.9439783096313477,A,B,-1.0
model_ablation_l01,low,0.1,hulkenberg,807,haas,sauber,2024,2025,17,495,16.0,2.9266104698181152,2.2828097343444824,0.6438007354736328,B,B,0.0
model_ablation_l01,low,0.1,colapinto,860,williams,alpine,2024,2025,17,495,19.0,2.3603053092956543,2.0772228240966797,0.2830824851989746,B,A,1.0
model_ablation_l01,low,0.1,hamilton,0,mercedes,ferrari,2024,2025,18,496,8.0,1.2039952278137207,0.9440814256668091,0.2599138021469116,S,S,0.0
model_ablation_l01,low,0.1,sainz,831,ferrari,williams,2024,2025,18,496,10.0,3.507633686065674,4.826549530029297,-1.318915843963623,S,B,-2.0
model_ablation_l01,low,0.1,tsunoda,850,rb,red_bull,2024,2025,18,496,12.0,3.5482137203216553,4.902622222900391,-1.3544085025787354,B,S,2.0
model_ablation_l01,low,0.1,colapinto,860,williams,alpine,2024,2025,18,496,16.0,2.3603053092956543,2.0772228240966797,0.2830824851989746,B,A,1.0
model_ablation_l01,low,0.1,ocon,838,alpine,haas,2024,2025,18,496,18.0,2.197701930999756,3.141679286956787,-0.9439773559570312,A,B,-1.0
model_ablation_l01,low,0.1,hulkenberg,807,haas,sauber,2024,2025,18,496,20.0,1.6284642219543457,0.9846629500389099,0.6438012719154358,B,B,0.0
model_ablation_l01,low,0.1,hamilton,0,mercedes,ferrari,2024,2025,19,497,4.0,1.0676634311676025,0.7903452515602112,0.27731817960739136,S,S,0.0
model_ablation_l01,low,0.1,tsunoda,850,rb,red_bull,2024,2025,19,497,7.0,3.5482137203216553,4.902622222900391,-1.3544085025787354,B,S,2.0
model_ablation_l01,low,0.1,hulkenberg,807,haas,sauber,2024,2025,19,497,8.0,1.6284642219543457,0.9846629500389099,0.6438012719154358,B,B,0.0
model_ablation_l01,low,0.1,ocon,838,alpine,haas,2024,2025,19,497,15.0,2.197701930999756,3.141679286956787,-0.9439773559570312,A,B,-1.0
model_ablation_l01,low,0.1,colapinto,860,williams,alpine,2024,2025,19,497,17.0,2.1364264488220215,1.8533434867858887,0.2830829620361328,B,A,1.0
model_ablation_l01,low,0.1,hamilton,0,mercedes,ferrari,2024,2025,20,498,8.0,0.7421892881393433,0.5082793235778809,0.2339099645614624,S,S,0.0
model_ablation_l01,low,0.1,ocon,838,alpine,haas,2024,2025,20,498,9.0,1.0434707403182983,1.9874485731124878,-0.9439778327941895,A,B,-1.0
model_ablation_l01,low,0.1,tsunoda,850,rb,red_bull,2024,2025,20,498,11.0,3.043055534362793,4.371394634246826,-1.3283390998840332,B,S,2.0
model_ablation_l01,low,0.1,colapinto,860,williams,alpine,2024,2025,20,498,16.0,3.255821466445923,2.9727389812469482,0.2830824851989746,B,A,1.0
model_ablation_l01,low,0.1,sainz,831,ferrari,williams,2024,2025,20,498,17.0,1.2514567375183105,2.5033211708068848,-1.2518644332885742,S,B,-2.0
model_ablation_l01,low,0.1,hulkenberg,807,haas,sauber,2024,2025,21,499,9.0,1.4121062755584717,0.7683053612709045,0.6438009142875671,B,B,0.0
model_ablation_l01,low,0.1,ocon,838,alpine,haas,2024,2025,21,499,12.0,2.4150285720825195,3.359006404876709,-0.9439778327941895,A,B,-1.0
model_ablation_l01,low,0.1,sainz,831,ferrari,williams,2024,2025,21,499,13.0,2.5707294940948486,3.8560853004455566,-1.285355806350708,S,B,-2.0
model_ablation_l01,low,0.1,colapinto,860,williams,alpine,2024,2025,21,499,15.0,2.657623767852783,2.3745412826538086,0.2830824851989746,B,A,1.0
model_ablation_l01,low,0.1,tsunoda,850,rb,red_bull,2024,2025,21,499,17.0,4.701475143432617,6.05400276184082,-1.3525276184082031,B,S,2.0
model_ablation_l01,low,0.1,sainz,831,ferrari,williams,2024,2025,22,500,5.0,0.35066187381744385,1.4681740999221802,-1.1175122261047363,S,B,-2.0
model_ablation_l01,low,0.1,hulkenberg,807,haas,sauber,2024,2025,22,500,7.0,1.6284642219543457,0.9846629500389099,0.6438012719154358,B,B,0.0
model_ablation_l01,low,0.1,hamilton,0,mercedes,ferrari,2024,2025,22,500,8.0,3.908407211303711,3.7005841732025146,0.2078230381011963,S,S,0.0
model_ablation_l01,low,0.1,ocon,838,alpine,haas,2024,2025,22,500,9.0,1.3322705030441284,2.2762484550476074,-0.943977952003479,A,B,-1.0
model_ablation_l01,low,0.1,tsunoda,850,rb,red_bull,2024,2025,22,500,12.0,4.918802261352539,6.319382667541504,-1.4005804061889648,B,S,2.0
model_ablation_l01,low,0.1,colapinto,860,williams,alpine,2024,2025,22,500,15.0,2.1364264488220215,1.8533434867858887,0.2830829620361328,B,A,1.0
model_ablation_l01,low,0.1,sainz,831,ferrari,williams,2024,2025,23,501,3.0,0.946097195148468,2.233170986175537,-1.287073791027069,S,B,-2.0
model_ablation_l01,low,0.1,tsunoda,850,rb,red_bull,2024,2025,23,501,10.0,4.124844074249268,5.4783124923706055,-1.353468418121338,B,S,2.0
model_ablation_l01,low,0.1,hamilton,0,mercedes,ferrari,2024,2025,23,501,12.0,3.4616804122924805,3.2538576126098633,0.2078227996826172,S,S,0.0
model_ablation_l01,low,0.1,colapinto,860,williams,alpine,2024,2025,23,501,14.0,3.255821466445923,2.9727389812469482,0.2830824851989746,B,A,1.0
model_ablation_l01,low,0.1,ocon,838,alpine,haas,2024,2025,23,501,15.0,2.1252591609954834,3.069237470626831,-0.9439783096313477,A,B,-1.0
model_ablation_l01,low,0.1,ocon,838,alpine,haas,2024,2025,24,502,7.0,0.2584235668182373,1.194460153579712,-0.9360365867614746,A,B,-1.0
model_ablation_l01,low,0.1,hamilton,0,mercedes,ferrari,2024,2025,24,502,8.0,3.088129997253418,2.880307197570801,0.2078227996826172,S,S,0.0
model_ablation_l01,low,0.1,hulkenberg,807,haas,sauber,2024,2025,24,502,9.0,3.142967700958252,2.4991674423217773,0.6438002586364746,B,B,0.0
model_ablation_l01,low,0.1,sainz,831,ferrari,williams,2024,2025,24,502,13.0,1.9216562509536743,3.2043275833129883,-1.282671332359314,S,B,-2.0
model_ablation_l01,low,0.1,tsunoda,850,rb,red_bull,2024,2025,24,502,14.0,2.8991401195526123,4.238471031188965,-1.3393309116363525,B,S,2.0
model_ablation_l01,low,0.1,colapinto,860,williams,alpine,2024,2025,24,502,20.0,3.255821466445923,2.9727389812469482,0.2830824851989746,B,A,1.0
model_ablation_l01,low,0.1,hadjar,870,rb,red_bull,2025,2026,2,504,8.0,3.261659860610962,4.749822616577148,-1.4881627559661865,B,S,2.0
model_ablation_l01,low,0.1,hadjar,870,rb,red_bull,2025,2026,3,505,12.0,3.0382964611053467,4.528439044952393,-1.490142583847046,B,S,2.0
model_ablation_l01,low,0.1,hadjar,870,rb,red_bull,2025,2026,5,507,5.0,2.8139708042144775,4.3070549964904785,-1.493084192276001,B,S,2.0
model_ablation_l01,low,0.1,hadjar,870,rb,red_bull,2025,2026,6,508,4.0,2.381206512451172,3.792848587036133,-1.411642074584961,B,S,2.0
model_ablation_l01,low,0.1,hadjar,870,rb,red_bull,2025,2026,7,509,6.0,2.59226131439209,4.075265407562256,-1.483004093170166,B,S,2.0
model_ablation_l01,low,0.1,hadjar,870,rb,red_bull,2025,2026,8,510,6.0,3.0382964611053467,4.528439044952393,-1.490142583847046,B,S,2.0
model_ablation_l01,low,0.1,hadjar,870,rb,red_bull,2025,2026,9,511,5.0,2.381206512451172,3.792848587036133,-1.411642074584961,B,S,2.0
model_ablation_l01,low,0.1,hadjar,870,rb,red_bull,2025,2026,10,512,6.0,4.39227294921875,6.188304424285889,-1.7960314750671387,B,S,2.0
model_ablation_l01,low,0.1,hadjar,870,rb,red_bull,2025,2026,11,513,6.0,3.0382964611053467,4.528439044952393,-1.490142583847046,B,S,2.0
model_orthogonal,high,1.0,bottas,821,mercedes,alfa,2021,2022,1,411,6.0,3.1792023181915283,2.602177619934082,0.5770246982574463,S,B,-2.0
model_orthogonal,high,1.0,russell,845,williams,mercedes,2021,2022,1,411,4.0,4.093061447143555,4.999554634094238,-0.9064931869506836,B,S,2.0
model_orthogonal,high,1.0,russell,845,williams,mercedes,2021,2022,2,412,5.0,3.075411319732666,4.048418998718262,-0.9730076789855957,B,S,2.0
model_orthogonal,high,1.0,bottas,821,mercedes,alfa,2021,2022,3,413,8.0,5.0810136795043945,4.508244037628174,0.5727696418762207,S,B,-2.0
model_orthogonal,high,1.0,russell,845,williams,mercedes,2021,2022,3,413,3.0,3.075411319732666,4.048418998718262,-0.9730076789855957,B,S,2.0
model_orthogonal,high,1.0,russell,845,williams,mercedes,2021,2022,4,414,4.0,4.7191314697265625,5.625034809112549,-0.9059033393859863,B,S,2.0
model_orthogonal,high,1.0,bottas,821,mercedes,alfa,2021,2022,4,414,5.0,3.6648707389831543,3.0610692501068115,0.6038014888763428,S,B,-2.0
model_orthogonal,high,1.0,bottas,821,mercedes,alfa,2021,2022,5,415,7.0,2.836540937423706,2.269747257232666,0.56679368019104,S,B,-2.0
model_orthogonal,high,1.0,russell,845,williams,mercedes,2021,2022,5,415,5.0,5.0314483642578125,5.934593200683594,-0.9031448364257812,B,S,2.0
model_orthogonal,high,1.0,bottas,821,mercedes,alfa,2021,2022,6,416,6.0,3.5194149017333984,2.9277336597442627,0.5916812419891357,S,B,-2.0
model_orthogonal,high,1.0,russell,845,williams,mercedes,2021,2022,6,416,3.0,2.3246254920959473,3.3175320625305176,-0.9929065704345703,B,S,2.0
model_orthogonal,high,1.0,bottas,821,mercedes,alfa,2021,2022,7,417,9.0,5.0810136795043945,4.508244037628174,0.5727696418762207,S,B,-2.0
model_orthogonal,high,1.0,russell,845,williams,mercedes,2021,2022,7,417,5.0,3.075411319732666,4.048418998718262,-0.9730076789855957,B,S,2.0
model_orthogonal,high,1.0,bottas,821,mercedes,alfa,2021,2022,8,418,11.0,6.009688854217529,5.442495822906494,0.5671930313110352,S,B,-2.0
model_orthogonal,high,1.0,russell,845,williams,mercedes,2021,2022,8,418,3.0,2.706204891204834,3.6946659088134766,-0.9884610176086426,B,S,2.0
model_orthogonal,high,1.0,bottas,821,mercedes,alfa,2021,2022,9,419,7.0,4.771454334259033,4.19520902633667,0.5762453079223633,S,B,-2.0
model_orthogonal,high,1.0,russell,845,williams,mercedes,2021,2022,9,419,4.0,3.777754783630371,4.683690071105957,-0.9059352874755859,B,S,2.0
model_orthogonal,high,1.0,bottas,821,mercedes,alfa,2021,2022,11,421,11.0,2.9316000938415527,2.505403995513916,0.4261960983276367,S,B,-2.0
model_orthogonal,high,1.0,russell,845,williams,mercedes,2021,2022,11,421,4.0,2.3246254920959473,3.3175320625305176,-0.9929065704345703,B,S,2.0
model_orthogonal,high,1.0,bottas,821,mercedes,alfa,2021,2022,12,422,14.0,5.0433173179626465,4.460760116577148,0.582557201385498,S,B,-2.0
model_orthogonal,high,1.0,russell,845,williams,mercedes,2021,2022,12,422,3.0,3.075411319732666,4.048418998718262,-0.9730076789855957,B,S,2.0
model_orthogonal,high,1.0,bottas,821,mercedes,alfa,2021,2022,13,423,20.0,3.842778205871582,3.2532899379730225,0.5894882678985596,S,B,-2.0
model_orthogonal,high,1.0,russell,845,williams,mercedes,2021,2022,13,423,3.0,0.7910102009773254,1.8268263339996338,-1.0358161330223083,B,S,2.0
model_orthogonal,high,1.0,russell,845,williams,mercedes,2021,2022,14,424,4.0,3.159834384918213,4.127474308013916,-0.9676399230957031,B,S,2.0
model_orthogonal,high,1.0,russell,845,williams,mercedes,2021,2022,15,425,2.0,3.075411319732666,4.048418998718262,-0.9730076789855957,B,S,2.0
model_orthogonal,high,1.0,bottas,821,mercedes,alfa,2021,2022,16,426,13.0,5.601446151733398,5.034701347351074,0.5667448043823242,S,B,-2.0
model_orthogonal,high,1.0,russell,845,williams,mercedes,2021,2022,16,426,3.0,2.1549935340881348,3.1923584938049316,-1.0373649597167969,B,S,2.0
model_orthogonal,high,1.0,russell,845,williams,mercedes,2021,2022,17,427,14.0,2.458308696746826,3.468045711517334,-1.0097370147705078,B,S,2.0
model_orthogonal,high,1.0,bottas,821,mercedes,alfa,2021,2022,17,427,11.0,6.145620346069336,5.578426837921143,0.5671935081481934,S,B,-2.0
model_orthogonal,high,1.0,bottas,821,mercedes,alfa,2021,2022,18,428,15.0,5.0810136795043945,4.508244037628174,0.5727696418762207,S,B,-2.0
model_orthogonal,high,1.0,russell,845,williams,mercedes,2021,2022,18,428,8.0,3.777754783630371,4.683690071105957,-0.9059352874755859,B,S,2.0
model_orthogonal,high,1.0,russell,845,williams,mercedes,2021,2022,19,429,5.0,2.6402974128723145,3.6405510902404785,-1.000253677368164,B,S,2.0
model_orthogonal,high,1.0,bottas,821,mercedes,alfa,2021,2022,20,430,10.0,3.1792023181915283,2.602177619934082,0.5770246982574463,S,B,-2.0
model_orthogonal,high,1.0,russell,845,williams,mercedes,2021,2022,20,430,4.0,1.3138881921768188,2.3361806869506836,-1.0222924947738647,B,S,2.0
model_orthogonal,high,1.0,bottas,821,mercedes,alfa,2021,2022,21,431,9.0,6.243856430053711,5.6654157638549805,0.5784406661987305,S,B,-2.0
model_orthogonal,high,1.0,russell,845,williams,mercedes,2021,2022,21,431,1.0,1.2366645336151123,2.2648916244506836,-1.0282270908355713,B,S,2.0
model_orthogonal,high,1.0,bottas,821,mercedes,alfa,2021,2022,22,432,15.0,6.938364505767822,6.371171951293945,0.567192554473877,S,B,-2.0
model_orthogonal,high,1.0,russell,845,williams,mercedes,2021,2022,22,432,5.0,3.075411319732666,4.048418998718262,-0.9730076789855957,B,S,2.0
model_orthogonal,high,1.0,hulkenberg,807,aston_martin,haas,2022,2023,1,433,15.0,4.387601375579834,4.511340141296387,-0.12373876571655273,A,B,-1.0
model_orthogonal,high,1.0,de_vries,854,williams,alphatauri,2022,2023,1,433,14.0,9.268446922302246,9.2750244140625,-0.006577491760253906,B,B,0.0
model_orthogonal,high,1.0,alonso,3,alpine,aston_martin,2022,2023,1,433,3.0,3.228022575378418,3.0065886974334717,0.2214338779449463,A,A,0.0
model_orthogonal,high,1.0,gasly,452,alphatauri,alpine,2022,2023,1,433,9.0,7.603692054748535,7.834347724914551,-0.23065567016601562,B,A,1.0
model_orthogonal,high,1.0,de_vries,854,williams,alphatauri,2022,2023,2,434,14.0,8.95888900756836,8.965465545654297,-0.0065765380859375,B,B,0.0
model_orthogonal,high,1.0,hulkenberg,807,aston_martin,haas,2022,2023,2,434,12.0,4.523532390594482,4.647271633148193,-0.12373924255371094,A,B,-1.0
model_orthogonal,high,1.0,gasly,452,alphatauri,alpine,2022,2023,2,434,9.0,4.328214645385742,4.565134048461914,-0.23691940307617188,B,A,1.0
model_orthogonal,high,1.0,alonso,3,alpine,aston_martin,2022,2023,2,434,3.0,2.3370120525360107,2.1039206981658936,0.2330913543701172,A,A,0.0
model_orthogonal,high,1.0,de_vries,854,williams,alphatauri,2022,2023,3,435,15.0,8.030213356018066,8.036789894104004,-0.0065765380859375,B,B,0.0
model_orthogonal,high,1.0,gasly,452,alphatauri,alpine,2022,2023,3,435,13.0,4.195438861846924,4.429202079772949,-0.2337632179260254,B,A,1.0
model_orthogonal,high,1.0,alonso,3,alpine,aston_martin,2022,2023,3,435,3.0,2.8888373374938965,2.6589131355285645,0.22992420196533203,A,A,0.0
model_orthogonal,high,1.0,hulkenberg,807,aston_martin,haas,2022,2023,3,435,7.0,4.387601375579834,4.511340141296387,-0.12373876571655273,A,B,-1.0
model_orthogonal,high,1.0,hulkenberg,807,aston_martin,haas,2022,2023,4,436,17.0,3.4609272480010986,3.590791702270508,-0.12986445426940918,A,B,-1.0
model_orthogonal,high,1.0,gasly,452,alphatauri,alpine,2022,2023,4,436,14.0,6.946878433227539,7.177535057067871,-0.23065662384033203,B,A,1.0
model_orthogonal,high,1.0,alonso,3,alpine,aston_martin,2022,2023,4,436,4.0,3.5672078132629395,3.345773696899414,0.2214341163635254,A,A,0.0
model_orthogonal,high,1.0,de_vries,854,williams,alphatauri,2022,2023,5,437,18.0,8.030213356018066,8.036789894104004,-0.0065765380859375,B,B,0.0
model_orthogonal,high,1.0,hulkenberg,807,aston_martin,haas,2022,2023,5,437,15.0,5.006718635559082,5.130457878112793,-0.12373924255371094,A,B,-1.0
model_orthogonal,high,1.0,alonso,3,alpine,aston_martin,2022,2023,5,437,3.0,2.1350531578063965,1.9328818321228027,0.20217132568359375,A,A,0.0
model_orthogonal,high,1.0,gasly,452,alphatauri,alpine,2022,2023,5,437,8.0,2.8972654342651367,3.129517078399658,-0.23225164413452148,B,A,1.0
model_orthogonal,high,1.0,hulkenberg,807,aston_martin,haas,2022,2023,6,438,17.0,6.864070892333984,6.987809181213379,-0.12373828887939453,A,B,-1.0
model_orthogonal,high,1.0,de_vries,854,williams,alphatauri,2022,2023,6,438,12.0,7.097062110900879,7.10809326171875,-0.011031150817871094,B,B,0.0
model_orthogonal,high,1.0,gasly,452,alphatauri,alpine,2022,2023,6,438,7.0,3.566840410232544,3.802096128463745,-0.23525571823120117,B,A,1.0
model_orthogonal,high,1.0,alonso,3,alpine,aston_martin,2022,2023,6,438,2.0,2.1350531578063965,1.9328818321228027,0.20217132568359375,A,A,0.0
model_orthogonal,high,1.0,de_vries,854,williams,alphatauri,2022,2023,7,439,14.0,7.720654487609863,7.727231025695801,-0.0065765380859375,B,B,0.0
model_orthogonal,high,1.0,hulkenberg,807,aston_martin,haas,2022,2023,7,439,15.0,3.578322649002075,3.6929049491882324,-0.11458230018615723,A,B,-1.0
model_orthogonal,high,1.0,gasly,452,alphatauri,alpine,2022,2023,7,439,10.0,3.6623928546905518,3.887726068496704,-0.22533321380615234,B,A,1.0
model_orthogonal,high,1.0,alonso,3,alpine,aston_martin,2022,2023,7,439,7.0,4.387017250061035,4.132802486419678,0.2542147636413574,A,A,0.0
model_orthogonal,high,1.0,gasly,452,alphatauri,alpine,2022,2023,8,440,12.0,6.327761650085449,6.558417320251465,-0.23065567016601562,B,A,1.0
model_orthogonal,high,1.0,de_vries,854,williams,alphatauri,2022,2023,8,440,18.0,8.785262107849121,8.791838645935059,-0.0065765380859375,B,B,0.0
model_orthogonal,high,1.0,hulkenberg,807,aston_martin,haas,2022,2023,8,440,15.0,2.2942161560058594,2.3981986045837402,-0.10398244857788086,A,B,-1.0
model_orthogonal,high,1.0,alonso,3,alpine,aston_martin,2022,2023,8,440,2.0,2.3370120525360107,2.1039206981658936,0.2330913543701172,A,A,0.0
model_orthogonal,high,1.0,de_vries,854,williams,alphatauri,2022,2023,9,441,17.0,5.791224956512451,5.794753074645996,-0.003528118133544922,B,B,0.0
model_orthogonal,high,1.0,gasly,452,alphatauri,alpine,2022,2023,9,441,10.0,4.195438861846924,4.429202079772949,-0.2337632179260254,B,A,1.0
model_orthogonal,high,1.0,alonso,3,alpine,aston_martin,2022,2023,9,441,5.0,3.90639328956604,3.6784791946411133,0.22791409492492676,A,A,0.0
model_orthogonal,high,1.0,hulkenberg,807,aston_martin,haas,2022,2023,10,442,13.0,4.697160243988037,4.82089900970459,-0.12373876571655273,A,B,-1.0
model_orthogonal,high,1.0,de_vries,854,williams,alphatauri,2022,2023,10,442,17.0,9.094820976257324,9.101397514343262,-0.0065765380859375,B,B,0.0
model_orthogonal,high,1.0,gasly,452,alphatauri,alpine,2022,2023,10,442,18.0,4.5081048011779785,4.7387614250183105,-0.23065662384033203,B,A,1.0
model_orthogonal,high,1.0,alonso,3,alpine,aston_martin,2022,2023,10,442,7.0,4.560644626617432,4.306429862976074,0.2542147636413574,A,A,0.0
model_orthogonal,high,1.0,ricciardo,816,mclaren,alphatauri,2022,2023,11,443,13.0,5.454489231109619,4.682149887084961,0.7723393440246582,A,B,-1.0
model_orthogonal,high,1.0,hulkenberg,807,aston_martin,haas,2022,2023,11,443,14.0,4.387601375579834,4.511340141296387,-0.12373876571655273,A,B,-1.0
model_orthogonal,high,1.0,alonso,3,alpine,aston_martin,2022,2023,11,443,9.0,4.241759777069092,3.996870756149292,0.2448890209197998,A,A,0.0
model_orthogonal,high,1.0,hulkenberg,807,aston_martin,haas,2022,2023,12,444,18.0,3.8511481285095215,3.989173412322998,-0.13802528381347656,A,B,-1.0
model_orthogonal,high,1.0,ricciardo,816,mclaren,alphatauri,2022,2023,12,444,16.0,7.3118414878845215,6.539795398712158,0.7720460891723633,A,B,-1.0
model_orthogonal,high,1.0,gasly,452,alphatauri,alpine,2022,2023,12,444,11.0,5.127223014831543,5.357879161834717,-0.23065614700317383,B,A,1.0
model_orthogonal,high,1.0,alonso,3,alpine,aston_martin,2022,2023,12,444,5.0,4.560644626617432,4.306429862976074,0.2542147636413574,A,A,0.0
model_orthogonal,high,1.0,alonso,3,alpine,aston_martin,2022,2023,13,445,2.0,3.228022575378418,3.0065886974334717,0.2214338779449463,A,A,0.0
model_orthogonal,high,1.0,gasly,452,alphatauri,alpine,2022,2023,13,445,3.0,5.127223014831543,5.357879161834717,-0.23065614700317383,B,A,1.0
model_orthogonal,high,1.0,hulkenberg,807,aston_martin,haas,2022,2023,13,445,12.0,5.761767387390137,5.885505676269531,-0.12373828887939453,A,B,-1.0
model_orthogonal,high,1.0,alonso,3,alpine,aston_martin,2022,2023,14,446,9.0,4.870203018188477,4.615988731384277,0.2542142868041992,A,A,0.0
model_orthogonal,high,1.0,gasly,452,alphatauri,alpine,2022,2023,14,446,15.0,6.675015449523926,6.9056715965271,-0.23065614700317383,B,A,1.0
model_orthogonal,high,1.0,hulkenberg,807,aston_martin,haas,2022,2023,14,446,17.0,5.316277027130127,5.440016269683838,-0.12373924255371094,A,B,-1.0
model_orthogonal,high,1.0,gasly,452,alphatauri,alpine,2022,2023,15,447,6.0,5.127223014831543,5.357879161834717,-0.23065614700317383,B,A,1.0
model_orthogonal,high,1.0,hulkenberg,807,aston_martin,haas,2022,2023,15,447,13.0,4.078042507171631,4.199033260345459,-0.12099075317382812,A,B,-1.0
model_orthogonal,high,1.0,alonso,3,alpine,aston_martin,2022,2023,15,447,15.0,3.90639328956604,3.6784791946411133,0.22791409492492676,A,A,0.0
model_orthogonal,high,1.0,alonso,3,alpine,aston_martin,2022,2023,16,448,8.0,4.870203018188477,4.615988731384277,0.2542142868041992,A,A,0.0
model_orthogonal,high,1.0,gasly,452,alphatauri,alpine,2022,2023,16,448,10.0,5.127223014831543,5.357879161834717,-0.23065614700317383,B,A,1.0
model_orthogonal,high,1.0,hulkenberg,807,aston_martin,haas,2022,2023,16,448,14.0,6.864070892333984,6.987809181213379,-0.12373828887939453,A,B,-1.0
model_orthogonal,high,1.0,alonso,3,alpine,aston_martin,2022,2023,17,449,6.0,2.8888373374938965,2.6589131355285645,0.22992420196533203,A,A,0.0
model_orthogonal,high,1.0,gasly,452,alphatauri,alpine,2022,2023,17,449,12.0,3.566840410232544,3.802096128463745,-0.23525571823120117,B,A,1.0
model_orthogonal,high,1.0,hulkenberg,807,aston_martin,haas,2022,2023,17,449,16.0,5.761767387390137,5.885505676269531,-0.12373828887939453,A,B,-1.0
model_orthogonal,high,1.0,gasly,452,alphatauri,alpine,2022,2023,18,450,6.0,3.566840410232544,3.802096128463745,-0.23525571823120117,B,A,1.0
model_orthogonal,high,1.0,hulkenberg,807,aston_martin,haas,2022,2023,18,450,11.0,6.592207908630371,6.715946674346924,-0.12373876571655273,A,B,-1.0
model_orthogonal,high,1.0,ricciardo,816,mclaren,alphatauri,2022,2023,18,450,15.0,5.899979591369629,5.127933502197266,0.7720460891723633,A,B,-1.0
model_orthogonal,high,1.0,ricciardo,816,mclaren,alphatauri,2022,2023,19,451,7.0,2.5748960971832275,1.7712985277175903,0.8035975694656372,A,B,-1.0
model_orthogonal,high,1.0,gasly,452,alphatauri,alpine,2022,2023,19,451,11.0,4.81766414642334,5.0483198165893555,-0.23065567016601562,B,A,1.0
model_orthogonal,high,1.0,hulkenberg,807,aston_martin,haas,2022,2023,19,451,13.0,5.006718635559082,5.130456447601318,-0.12373781204223633,A,B,-1.0
model_orthogonal,high,1.0,alonso,3,alpine,aston_martin,2022,2023,20,452,3.0,2.8888373374938965,2.6589131355285645,0.22992420196533203,A,A,0.0
model_orthogonal,high,1.0,gasly,452,alphatauri,alpine,2022,2023,20,452,7.0,5.784035682678223,6.0146918296813965,-0.23065614700317383,B,A,1.0
model_orthogonal,high,1.0,hulkenberg,807,aston_martin,haas,2022,2023,20,452,12.0,4.697159767150879,4.820898056030273,-0.12373828887939453,A,B,-1.0
model_orthogonal,high,1.0,ricciardo,816,mclaren,alphatauri,2022,2023,20,452,13.0,6.692723751068115,5.920679092407227,0.7720446586608887,A,B,-1.0
model_orthogonal,high,1.0,alonso,3,alpine,aston_martin,2022,2023,21,453,9.0,4.69657564163208,4.442360877990723,0.2542147636413574,A,A,0.0
model_orthogonal,high,1.0,gasly,452,alphatauri,alpine,2022,2023,21,453,11.0,2.709416627883911,2.9373440742492676,-0.22792744636535645,B,A,1.0
model_orthogonal,high,1.0,ricciardo,816,mclaren,alphatauri,2022,2023,21,453,14.0,5.899979591369629,5.127933979034424,0.7720456123352051,A,B,-1.0
model_orthogonal,high,1.0,hulkenberg,807,aston_martin,haas,2022,2023,21,453,19.0,5.316277503967285,5.4400153160095215,-0.12373781204223633,A,B,-1.0
model_orthogonal,high,1.0,alonso,3,alpine,aston_martin,2022,2023,22,454,7.0,3.906393051147461,3.6784791946411133,0.22791385650634766,A,A,0.0
model_orthogonal,high,1.0,ricciardo,816,mclaren,alphatauri,2022,2023,22,454,11.0,6.073606491088867,5.3015618324279785,0.7720446586608887,A,B,-1.0
model_orthogonal,high,1.0,gasly,452,alphatauri,alpine,2022,2023,22,454,13.0,4.508105278015137,4.7387614250183105,-0.23065614700317383,B,A,1.0
model_orthogonal,high,1.0,hulkenberg,807,aston_martin,haas,2022,2023,22,454,15.0,3.7587456703186035,3.8733272552490234,-0.11458158493041992,A,B,-1.0
model_orthogonal,high,1.0,hulkenberg,807,haas,sauber,2024,2025,1,479,7.0,6.298715114593506,6.554512023925781,-0.2557969093322754,B,B,0.0
model_orthogonal,high,1.0,hamilton,0,mercedes,ferrari,2024,2025,1,479,10.0,3.0996832847595215,3.331868886947632,-0.23218560218811035,S,S,0.0
model_orthogonal,high,1.0,tsunoda,850,rb,red_bull,2024,2025,1,479,12.0,-1.6134653091430664,-1.6134650707244873,-2.384185791015625e-07,B,S,2.0
model_orthogonal,high,1.0,ocon,838,alpine,haas,2024,2025,1,479,13.0,7.268985748291016,7.138508319854736,0.1304774284362793,A,B,-1.0
model_orthogonal,high,1.0,ocon,838,alpine,haas,2024,2025,2,480,5.0,4.792516231536865,4.662039756774902,0.1304764747619629,A,B,-1.0
model_orthogonal,high,1.0,sainz,831,ferrari,williams,2024,2025,2,480,10.0,6.144834518432617,5.009495735168457,1.1353387832641602,S,B,-2.0
model_orthogonal,high,1.0,hulkenberg,807,haas,sauber,2024,2025,2,480,15.0,4.750922203063965,5.006718635559082,-0.2557964324951172,B,B,0.0
model_orthogonal,high,1.0,tsunoda,850,rb,red_bull,2024,2025,2,480,16.0,-0.3175502419471741,-0.3175502419471741,0.0,B,S,2.0
model_orthogonal,high,1.0,hamilton,0,mercedes,ferrari,2024,2025,3,481,7.0,3.0996832847595215,3.331868886947632,-0.23218560218811035,S,S,0.0
model_orthogonal,high,1.0,tsunoda,850,rb,red_bull,2024,2025,3,481,12.0,4.949148178100586,1.418015480041504,3.531132698059082,B,S,2.0
model_orthogonal,high,1.0,sainz,831,ferrari,williams,2024,2025,3,481,14.0,5.7370405197143555,4.601701259613037,1.1353392601013184,S,B,-2.0
model_orthogonal,high,1.0,hulkenberg,807,haas,sauber,2024,2025,3,481,16.0,5.989157199859619,6.244953155517578,-0.255795955657959,B,B,0.0
model_orthogonal,high,1.0,ocon,838,alpine,haas,2024,2025,3,481,18.0,6.959427356719971,6.828949928283691,0.1304774284362793,A,B,-1.0
model_orthogonal,high,1.0,hamilton,0,mercedes,ferrari,2024,2025,4,482,5.0,3.4195122718811035,3.653618335723877,-0.23410606384277344,S,S,0.0
model_orthogonal,high,1.0,ocon,838,alpine,haas,2024,2025,4,482,8.0,5.721192836761475,5.590715408325195,0.1304774284362793,A,B,-1.0
model_orthogonal,high,1.0,tsunoda,850,rb,red_bull,2024,2025,4,482,9.0,3.564232349395752,0.00305195152759552,3.5611803978681564,B,S,2.0
model_orthogonal,high,1.0,hamilton,0,mercedes,ferrari,2024,2025,5,483,7.0,2.7741270065307617,3.006312608718872,-0.23218560218811035,S,S,0.0
model_orthogonal,high,1.0,sainz,831,ferrari,williams,2024,2025,5,483,8.0,3.3079960346221924,2.146763324737549,1.1612327098846436,S,B,-2.0
model_orthogonal,high,1.0,ocon,838,alpine,haas,2024,2025,5,483,14.0,7.268985748291016,7.138508319854736,0.1304774284362793,A,B,-1.0
model_orthogonal,high,1.0,hulkenberg,807,haas,sauber,2024,2025,5,483,15.0,6.608273983001709,6.864070415496826,-0.2557964324951172,B,B,0.0
model_orthogonal,high,1.0,hamilton,0,mercedes,ferrari,2024,2025,6,484,8.0,4.35535192489624,4.587545394897461,-0.2321934700012207,S,S,0.0
model_orthogonal,high,1.0,sainz,831,ferrari,williams,2024,2025,6,484,9.0,3.3079960346221924,2.146763324737549,1.1612327098846436,S,B,-2.0
model_orthogonal,high,1.0,tsunoda,850,rb,red_bull,2024,2025,6,484,10.0,3.564232349395752,0.00305195152759552,3.5611803978681564,B,S,2.0
model_orthogonal,high,1.0,ocon,838,alpine,haas,2024,2025,6,484,12.0,4.173398971557617,4.042922019958496,0.1304769515991211,A,B,-1.0
model_orthogonal,high,1.0,hulkenberg,807,haas,sauber,2024,2025,6,484,14.0,5.989157199859619,6.244953155517578,-0.255795955657959,B,B,0.0
model_orthogonal,high,1.0,hamilton,0,mercedes,ferrari,2024,2025,7,485,4.0,4.35535192489624,4.587545394897461,-0.2321934700012207,S,S,0.0
model_orthogonal,high,1.0,sainz,831,ferrari,williams,2024,2025,7,485,8.0,3.3079960346221924,2.146763324737549,1.1612327098846436,S,B,-2.0
model_orthogonal,high,1.0,tsunoda,850,rb,red_bull,2024,2025,7,485,10.0,6.678092956542969,3.1894350051879883,3.4886579513549805,B,S,2.0
model_orthogonal,high,1.0,hulkenberg,807,haas,sauber,2024,2025,7,485,12.0,6.298715114593506,6.554512023925781,-0.2557969093322754,B,B,0.0
model_orthogonal,high,1.0,colapinto,860,williams,alpine,2024,2025,7,485,16.0,7.571055889129639,7.808289051055908,-0.23723316192626953,B,A,1.0
model_orthogonal,high,1.0,hamilton,0,mercedes,ferrari,2024,2025,8,486,5.0,2.349553346633911,2.58512020111084,-0.2355668544769287,S,S,0.0
model_orthogonal,high,1.0,ocon,838,alpine,haas,2024,2025,8,486,7.0,3.8552298545837402,3.7322354316711426,0.12299442291259766,A,B,-1.0
model_orthogonal,high,1.0,sainz,831,ferrari,williams,2024,2025,8,486,10.0,4.906599998474121,3.757699966430664,1.148900032043457,S,B,-2.0
model_orthogonal,high,1.0,colapinto,860,williams,alpine,2024,2025,8,486,13.0,8.597968101501465,8.835201263427734,-0.23723316192626953,B,A,1.0
model_orthogonal,high,1.0,hulkenberg,807,haas,sauber,2024,2025,8,486,16.0,5.06048059463501,5.316276550292969,-0.255795955657959,B,B,0.0
model_orthogonal,high,1.0,tsunoda,850,rb,red_bull,2024,2025,8,486,17.0,4.19030237197876,0.6442558169364929,3.546046555042267,B,S,2.0
model_orthogonal,high,1.0,hulkenberg,807,haas,sauber,2024,2025,9,487,5.0,5.815529823303223,6.071325302124023,-0.2557954788208008,B,B,0.0
model_orthogonal,high,1.0,hamilton,0,mercedes,ferrari,2024,2025,9,487,6.0,2.119365930557251,2.3408734798431396,-0.22150754928588867,S,S,0.0
model_orthogonal,high,1.0,tsunoda,850,rb,red_bull,2024,2025,9,487,13.0,6.504464626312256,3.010883331298828,3.4935812950134277,B,S,2.0
model_orthogonal,high,1.0,sainz,831,ferrari,williams,2024,2025,9,487,14.0,6.899883270263672,5.7645440101623535,1.1353392601013184,S,B,-2.0
model_orthogonal,high,1.0,colapinto,860,williams,alpine,2024,2025,9,487,15.0,8.4620361328125,8.69926929473877,-0.23723316192626953,B,A,1.0
model_orthogonal,high,1.0,ocon,838,alpine,haas,2024,2025,9,487,16.0,6.476241111755371,6.345764636993408,0.1304764747619629,A,B,-1.0
model_orthogonal,high,1.0,hamilton,0,mercedes,ferrari,2024,2025,10,488,6.0,2.119365930557251,2.3408734798431396,-0.22150754928588867,S,S,0.0
model_orthogonal,high,1.0,hulkenberg,807,haas,sauber,2024,2025,10,488,8.0,4.713226318359375,4.969022274017334,-0.255795955657959,B,B,0.0
model_orthogonal,high,1.0,ocon,838,alpine,haas,2024,2025,10,488,9.0,5.857123851776123,5.726646900177002,0.1304769515991211,A,B,-1.0
model_orthogonal,high,1.0,sainz,831,ferrari,williams,2024,2025,10,488,10.0,6.590324878692627,5.45498514175415,1.1353397369384766,S,B,-2.0
model_orthogonal,high,1.0,tsunoda,850,rb,red_bull,2024,2025,10,488,12.0,5.107455253601074,1.5998141765594482,3.507641077041626,B,S,2.0
model_orthogonal,high,1.0,colapinto,860,williams,alpine,2024,2025,10,488,13.0,6.105442047119141,6.34496545791626,-0.23952341079711914,B,A,1.0
model_orthogonal,high,1.0,hamilton,0,mercedes,ferrari,2024,2025,11,489,4.0,1.8049430847167969,2.017953395843506,-0.21301031112670898,S,S,0.0
model_orthogonal,high,1.0,hulkenberg,807,haas,sauber,2024,2025,11,489,9.0,7.227391242980957,7.483187198638916,-0.255795955657959,B,B,0.0
model_orthogonal,high,1.0,ocon,838,alpine,haas,2024,2025,11,489,10.0,6.649868488311768,6.519392013549805,0.1304764747619629,A,B,-1.0
model_orthogonal,high,1.0,colapinto,860,williams,alpine,2024,2025,11,489,15.0,7.087869644165039,7.325103282928467,-0.23723363876342773,B,A,1.0
model_orthogonal,high,1.0,tsunoda,850,rb,red_bull,2024,2025,11,489,16.0,6.0589752197265625,2.561985969543457,3.4969892501831055,B,S,2.0
model_orthogonal,high,1.0,hulkenberg,807,haas,sauber,2024,2025,12,490,3.0,6.917832374572754,7.173628330230713,-0.255795955657959,B,B,0.0
model_orthogonal,high,1.0,hamilton,0,mercedes,ferrari,2024,2025,12,490,4.0,2.119365930557251,2.3408734798431396,-0.22150754928588867,S,S,0.0
model_orthogonal,high,1.0,sainz,831,ferrari,williams,2024,2025,12,490,12.0,4.559345245361328,3.3971805572509766,1.1621646881103516,S,B,-2.0
model_orthogonal,high,1.0,ocon,838,alpine,haas,2024,2025,12,490,13.0,5.857123851776123,5.726646900177002,0.1304769515991211,A,B,-1.0
model_orthogonal,high,1.0,tsunoda,850,rb,red_bull,2024,2025,12,490,15.0,4.010042667388916,0.45620912313461304,3.553833544254303,B,S,2.0
model_orthogonal,high,1.0,hamilton,0,mercedes,ferrari,2024,2025,13,491,7.0,5.940840721130371,6.17303466796875,-0.2321939468383789,S,S,0.0
model_orthogonal,high,1.0,hulkenberg,807,haas,sauber,2024,2025,13,491,12.0,5.370038986206055,5.625835418701172,-0.2557964324951172,B,B,0.0
model_orthogonal,high,1.0,tsunoda,850,rb,red_bull,2024,2025,13,491,13.0,2.6160616874694824,-0.9618290066719055,3.577890694141388,B,S,2.0
model_orthogonal,high,1.0,ocon,838,alpine,haas,2024,2025,13,491,15.0,4.792516231536865,4.662039756774902,0.1304764747619629,A,B,-1.0
model_orthogonal,high,1.0,sainz,831,ferrari,williams,2024,2025,13,491,18.0,6.49208927154541,5.35675048828125,1.1353387832641602,S,B,-2.0
model_orthogonal,high,1.0,colapinto,860,williams,alpine,2024,2025,13,491,19.0,7.6692914962768555,7.906524658203125,-0.23723316192626953,B,A,1.0
model_orthogonal,high,1.0,hamilton,0,mercedes,ferrari,2024,2025,14,492,12.0,4.355351448059082,4.587545871734619,-0.2321944236755371,S,S,0.0
model_orthogonal,high,1.0,hulkenberg,807,haas,sauber,2024,2025,14,492,13.0,6.744203567504883,7.000001430511475,-0.2557978630065918,B,B,0.0
model_orthogonal,high,1.0,sainz,831,ferrari,williams,2024,2025,14,492,14.0,5.525716781616211,4.38377046585083,1.1419463157653809,S,B,-2.0
model_orthogonal,high,1.0,ocon,838,alpine,haas,2024,2025,14,492,16.0,6.785799980163574,6.655322551727295,0.1304774284362793,A,B,-1.0
model_orthogonal,high,1.0,tsunoda,850,rb,red_bull,2024,2025,14,492,17.0,6.134366989135742,2.6384024620056152,3.495964527130127,B,S,2.0
model_orthogonal,high,1.0,colapinto,860,williams,alpine,2024,2025,14,492,18.0,7.087869644165039,7.325103759765625,-0.23723411560058594,B,A,1.0
model_orthogonal,high,1.0,tsunoda,850,rb,red_bull,2024,2025,15,493,9.0,4.190302848815918,0.6442562937736511,3.546046555042267,B,S,2.0
model_orthogonal,high,1.0,ocon,838,alpine,haas,2024,2025,15,493,10.0,6.9594268798828125,6.828949928283691,0.1304769515991211,A,B,-1.0
model_orthogonal,high,1.0,colapinto,860,williams,alpine,2024,2025,15,493,11.0,7.706987380981445,7.944221019744873,-0.23723363876342773,B,A,1.0
model_orthogonal,high,1.0,sainz,831,ferrari,williams,2024,2025,15,493,13.0,4.287481784820557,3.131629705429077,1.1558520793914795,S,B,-2.0
model_orthogonal,high,1.0,hulkenberg,807,haas,sauber,2024,2025,15,493,14.0,6.298713207244873,6.554512023925781,-0.2557988166809082,B,B,0.0
model_orthogonal,high,1.0,hamilton,0,mercedes,ferrari,2024,2025,16,494,6.0,3.0552897453308105,3.2867701053619385,-0.23148036003112793,S,S,0.0
model_orthogonal,high,1.0,sainz,831,ferrari,williams,2024,2025,16,494,11.0,5.525716781616211,4.38377046585083,1.1419463157653809,S,B,-2.0
model_orthogonal,high,1.0,tsunoda,850,rb,red_bull,2024,2025,16,494,13.0,3.383972644805908,-0.18499498069286346,3.5689676254987717,B,S,2.0
model_orthogonal,high,1.0,ocon,838,alpine,haas,2024,2025,16,494,15.0,6.0307512283325195,5.900273323059082,0.1304779052734375,A,B,-1.0
model_orthogonal,high,1.0,colapinto,860,williams,alpine,2024,2025,16,494,17.0,8.152477264404297,8.389710426330566,-0.23723316192626953,B,A,1.0
model_orthogonal,high,1.0,sainz,831,ferrari,williams,2024,2025,17,495,3.0,1.8829466104507446,0.7643547654151917,1.118591845035553,S,B,-2.0
model_orthogonal,high,1.0,tsunoda,850,rb,red_bull,2024,2025,17,495,6.0,2.2789833545684814,-1.2876472473144531,3.5666306018829346,B,S,2.0
model_orthogonal,high,1.0,hamilton,0,mercedes,ferrari,2024,2025,17,495,8.0,4.355351448059082,4.587545871734619,-0.2321944236755371,S,S,0.0
model_orthogonal,high,1.0,ocon,838,alpine,haas,2024,2025,17,495,14.0,7.5785441398620605,7.448067665100098,0.1304764747619629,A,B,-1.0
model_orthogonal,high,1.0,hulkenberg,807,haas,sauber,2024,2025,17,495,16.0,6.298713207244873,6.554512023925781,-0.2557988166809082,B,B,0.0
model_orthogonal,high,1.0,colapinto,860,williams,alpine,2024,2025,17,495,19.0,7.706987380981445,7.944221019744873,-0.23723363876342773,B,A,1.0
model_orthogonal,high,1.0,hamilton,0,mercedes,ferrari,2024,2025,18,496,8.0,2.448570966720581,2.6807568073272705,-0.23218584060668945,S,S,0.0
model_orthogonal,high,1.0,sainz,831,ferrari,williams,2024,2025,18,496,10.0,7.345372200012207,6.210034370422363,1.1353378295898438,S,B,-2.0
model_orthogonal,high,1.0,tsunoda,850,rb,red_bull,2024,2025,18,496,12.0,4.503337860107422,0.9648575186729431,3.5384803414344788,B,S,2.0
model_orthogonal,high,1.0,colapinto,860,williams,alpine,2024,2025,18,496,16.0,7.706987380981445,7.944221019744873,-0.23723363876342773,B,A,1.0
model_orthogonal,high,1.0,ocon,838,alpine,haas,2024,2025,18,496,18.0,6.649868011474609,6.519391059875488,0.1304769515991211,A,B,-1.0
model_orthogonal,high,1.0,hulkenberg,807,haas,sauber,2024,2025,18,496,20.0,4.441362380981445,4.697159767150879,-0.2557973861694336,B,B,0.0
model_orthogonal,high,1.0,hamilton,0,mercedes,ferrari,2024,2025,19,497,4.0,2.119365692138672,2.3408737182617188,-0.22150802612304688,S,S,0.0
model_orthogonal,high,1.0,tsunoda,850,rb,red_bull,2024,2025,19,497,7.0,4.503337860107422,0.9648575186729431,3.5384803414344788,B,S,2.0
model_orthogonal,high,1.0,hulkenberg,807,haas,sauber,2024,2025,19,497,8.0,4.441362380981445,4.697159767150879,-0.2557973861694336,B,B,0.0
model_orthogonal,high,1.0,ocon,838,alpine,haas,2024,2025,19,497,15.0,6.649868011474609,6.519391059875488,0.1304769515991211,A,B,-1.0
model_orthogonal,high,1.0,colapinto,860,williams,alpine,2024,2025,19,497,17.0,7.3974289894104,7.63466215133667,-0.23723316192626953,B,A,1.0
model_orthogonal,high,1.0,hamilton,0,mercedes,ferrari,2024,2025,20,498,8.0,1.4897891283035278,1.6890692710876465,-0.19928014278411865,S,S,0.0
model_orthogonal,high,1.0,ocon,838,alpine,haas,2024,2025,20,498,9.0,4.928447723388672,4.797970294952393,0.1304774284362793,A,B,-1.0
model_orthogonal,high,1.0,tsunoda,850,rb,red_bull,2024,2025,20,498,11.0,3.697007894515991,0.13560719788074493,3.5614006966352463,B,S,2.0
model_orthogonal,high,1.0,colapinto,860,williams,alpine,2024,2025,20,498,16.0,8.945221900939941,9.182456016540527,-0.23723411560058594,B,A,1.0
model_orthogonal,high,1.0,sainz,831,ferrari,williams,2024,2025,20,498,17.0,4.536501884460449,3.401162624359131,1.1353392601013184,S,B,-2.0
model_orthogonal,high,1.0,hulkenberg,807,haas,sauber,2024,2025,21,499,9.0,4.131803512573242,4.387601375579834,-0.2557978630065918,B,B,0.0
model_orthogonal,high,1.0,ocon,838,alpine,haas,2024,2025,21,499,12.0,7.170750141143799,7.040273189544678,0.1304769515991211,A,B,-1.0
model_orthogonal,high,1.0,sainz,831,ferrari,williams,2024,2025,21,499,13.0,6.144834518432617,5.009495735168457,1.1353387832641602,S,B,-2.0
model_orthogonal,high,1.0,colapinto,860,williams,alpine,2024,2025,21,499,15.0,7.978850364685059,8.216083526611328,-0.23723316192626953,B,A,1.0
model_orthogonal,high,1.0,tsunoda,850,rb,red_bull,2024,2025,21,499,17.0,6.021028518676758,2.512376308441162,3.5086522102355957,B,S,2.0
model_orthogonal,high,1.0,sainz,831,ferrari,williams,2024,2025,22,500,5.0,2.2444350719451904,1.1160774230957031,1.1283576488494873,S,B,-2.0
model_orthogonal,high,1.0,hulkenberg,807,haas,sauber,2024,2025,22,500,7.0,4.441362380981445,4.697159767150879,-0.2557973861694336,B,B,0.0
model_orthogonal,high,1.0,hamilton,0,mercedes,ferrari,2024,2025,22,500,8.0,6.658193111419678,6.890388011932373,-0.2321949005126953,S,S,0.0
model_orthogonal,high,1.0,ocon,838,alpine,haas,2024,2025,22,500,9.0,5.41163444519043,5.28115701675415,0.1304774284362793,A,B,-1.0
model_orthogonal,high,1.0,tsunoda,850,rb,red_bull,2024,2025,22,500,12.0,6.542160987854004,3.05167555809021,3.490485429763794,B,S,2.0
model_orthogonal,high,1.0,colapinto,860,williams,alpine,2024,2025,22,500,15.0,7.3974289894104,7.63466215133667,-0.23723316192626953,B,A,1.0
model_orthogonal,high,1.0,sainz,831,ferrari,williams,2024,2025,23,501,3.0,3.6474804878234863,2.481801986694336,1.1656785011291504,S,B,-2.0
model_orthogonal,high,1.0,tsunoda,850,rb,red_bull,2024,2025,23,501,10.0,5.26218318939209,1.738616943359375,3.523566246032715,B,S,2.0
model_orthogonal,high,1.0,hamilton,0,mercedes,ferrari,2024,2025,23,501,12.0,6.039076328277588,6.271270751953125,-0.2321944236755371,S,S,0.0
model_orthogonal,high,1.0,colapinto,860,williams,alpine,2024,2025,23,501,14.0,8.945221900939941,9.182456016540527,-0.23723411560058594,B,A,1.0
model_orthogonal,high,1.0,ocon,838,alpine,haas,2024,2025,23,501,15.0,6.476241111755371,6.345763683319092,0.1304774284362793,A,B,-1.0
model_orthogonal,high,1.0,ocon,838,alpine,haas,2024,2025,24,502,7.0,3.855229377746582,3.7322354316711426,0.12299394607543945,A,B,-1.0
model_orthogonal,high,1.0,hamilton,0,mercedes,ferrari,2024,2025,24,502,8.0,5.593585968017578,5.825780868530273,-0.2321949005126953,S,S,0.0
model_orthogonal,high,1.0,hulkenberg,807,haas,sauber,2024,2025,24,502,9.0,6.608272552490234,6.864070415496826,-0.2557978630065918,B,B,0.0
model_orthogonal,high,1.0,sainz,831,ferrari,williams,2024,2025,24,502,13.0,5.216158390045166,4.070734977722168,1.145423412322998,S,B,-2.0
model_orthogonal,high,1.0,tsunoda,850,rb,red_bull,2024,2025,24,502,14.0,3.564232349395752,0.00305195152759552,3.5611803978681564,B,S,2.0
model_orthogonal,high,1.0,colapinto,860,williams,alpine,2024,2025,24,502,20.0,8.945221900939941,9.182456016540527,-0.23723411560058594,B,A,1.0
model_orthogonal,high,1.0,hadjar,870,rb,red_bull,2025,2026,2,504,8.0,5.042370796203613,1.5708211660385132,3.4715496301651,B,S,2.0
model_orthogonal,high,1.0,hadjar,870,rb,red_bull,2025,2026,3,505,12.0,4.70635461807251,1.2502022981643677,3.456152319908142,B,S,2.0
model_orthogonal,high,1.0,hadjar,870,rb,red_bull,2025,2026,5,507,5.0,4.3630266189575195,0.9311135411262512,3.4319130778312683,B,S,2.0
model_orthogonal,high,1.0,hadjar,870,rb,red_bull,2025,2026,6,508,4.0,3.648942470550537,0.2981700301170349,3.350772440433502,B,S,2.0
model_orthogonal,high,1.0,hadjar,870,rb,red_bull,2025,2026,7,509,6.0,4.0151143074035645,0.6081814169883728,3.4069328904151917,B,S,2.0
model_orthogonal,high,1.0,hadjar,870,rb,red_bull,2025,2026,8,510,6.0,4.70635461807251,1.2502022981643677,3.456152319908142,B,S,2.0
model_orthogonal,high,1.0,hadjar,870,rb,red_bull,2025,2026,9,511,5.0,3.648942470550537,0.2981700301170349,3.350772440433502,B,S,2.0
model_orthogonal,high,1.0,hadjar,870,rb,red_bull,2025,2026,10,512,6.0,7.273135662078857,3.8219127655029297,3.4512228965759277,B,S,2.0
model_orthogonal,high,1.0,hadjar,870,rb,red_bull,2025,2026,11,513,6.0,4.70635461807251,1.2502022981643677,3.456152319908142,B,S,2.0
